ISIN,COMPANY_NAME,EXCHANGE_LISTING,NSE_SYMBOL,BSE_SCRIP_CD,BSE_SCRIP_ID
INE144J01027,20 Microns Limited,both nse/bse,20MICRONS,533022,20MICRONS
INE253B01015,21st Century Management Services Limited,both nse/bse,21STCENMGM,526921,21STCENMGM
INF579M01BP5,360 ONE MSCI India ETF,bse,,544766,MSCI360
INE466L01038,360 ONE WAM LIMITED,both nse/bse,360ONE,542772,360ONE
INE994E01018,3B Blackbio Dx Limited,both nse/bse,3BBLACKBIO,532067,3BBLACKBIO
INE0TE101010,3B Films Ltd,bse,,544412,3BFILMS
INE0R7D01018,3C IT Solutions and Telecoms (India) Ltd,bse,,544190,3CIT
INE748C01038,3i Infotech Limited,both nse/bse,3IINFOLTD,532628,3IINFOLTD
INE470A01017,3M India Limited,both nse/bse,3MINDIA,523395,3MINDIA
INE105C01023,3P Land Holdings Limited,both nse/bse,3PLAND,516092,3PLAND
INE618L01018,5Paisa Capital Limited,both nse/bse,5PAISA,540776,5PAISA
INE111B01023,63 moons technologies limited,both nse/bse,63MOONS,526881,63MOONS
INE413X01035,7NR Retail Ltd,bse,,540615,7NR
INE454F01010,7Seas Entertainment Ltd,bse,,540874,7SEASL
INE08PH01015,A B Cotspin India Limited,both nse/bse,ABCOTS,544522,ABCOTS
INE00YB01025,A B Infrabuild Limited,both nse/bse,ABINFRA,544281,ABINFRA
,A D S Diagnostics Ltd,bse,,523031,ADSDIAG
INE663P01015,A.F. Enterprises Ltd,bse,,538351,AFEL
INE911Z01025,A-1 Ltd,bse,,542012,A1L
INE619I01012,A2Z Infra Engineering Limited,both nse/bse,A2ZINFRA,533292,A2ZINFRA
INE0C5901022,AA Plus Tradelink Ltd,bse,,543319,AAPLUSTRAD
INE0D0U01013,AAA Technologies Limited,both nse/bse,AAATECH,543671,AAATECH
INE883F01010,Aadhar Housing Finance Limited,both nse/bse,AADHARHFC,544176,AADHARHFC
INE563D01013,Aadi Industries Ltd,bse,,530027,AADIIND
INE087Z01024,Aakash Exploration Services Limited,nse,AAKASH,,
INE322R01022,Aanchal Ispat Ltd,bse,,538812,AANCHALISP
INE056J01015,Aarcon Facilities Ltd,bse,,532024,AARCON
INE198H01019,Aarey Drugs & Pharmaceuticals Limited,both nse/bse,AAREYDRUGS,524412,AAREYDRUGS
INE750R01016,Aarnav Fashions Limited,both nse/bse,AARNAV,539562,AARNAV
INE721Z01010,Aaron Industries Limited,nse,AARON,,
INE01C001026,Aartech Solonics Limited,both nse/bse,AARTECH,542580,AARTECH
INE767A01016,Aarti Drugs Limited,both nse/bse,AARTIDRUGS,524348,AARTIDRUGS
INE769A01020,Aarti Industries Limited,both nse/bse,AARTIIND,524208,AARTIIND
INE0LRU01027,Aarti Pharmalabs Limited,both nse/bse,AARTIPHARM,543748,AARTIPHARM
INE09EO01013,Aarti Surfactants Limited,both nse/bse,AARTISURF,543210,AARTISURF
INE754X01016,Aarvi Encon Limited,both nse/bse,AARVI,544850,AARVI
INE0EAX01014,Aashka Hospitals Ltd,bse,,543346,AASHKA
INE819K01014,Aastamangalam Finance Ltd,bse,,511764,AASTAFIN
INE2FMX01012,Aastha Spintex Limited,both nse/bse,AASTHA,544808,AASTHA
INE216P01012,Aavas Financiers Limited,both nse/bse,AAVAS,541988,AAVAS
INE777X01017,Aayush Art And Bullion Ltd,bse,,540718,AAYUSHBULL
INE430R01023,Aayush Wellness Ltd,bse,,539528,AAYUSH
INE421A01028,Aban Offshore Limited,both nse/bse,ABAN,523204,ABAN
INE365O01028,Abans Enterprises Limited,both nse/bse,ABANSENT,512165,ABANSENT
INE00ZE01026,Abans Financial Services Limited,both nse/bse,AFSL,543712,AFSL
INE454E01013,Abate As Industries Ltd,bse,,531658,ABATEAS
INE117A01022,ABB India Limited,both nse/bse,ABB,500002,ABB
INE358A01014,Abbott India Limited,both nse/bse,ABBOTINDIA,500488,ABBOTINDIA
INE125D01011,ABC India Ltd-$,bse,,520123,ABCINDQ
INE516F01016,Abhinav Capital Services Ltd,bse,,532057,ABHICAP
INE211D01027,Abhinav Leasing & Finance Ltd,bse,,538952,ALFL
INE723C01015,Abhishek Finlease Ltd,bse,,538935,ABHIFIN
INE281P01016,Abhishek Infraventures Ltd,bse,,539544,ABHIINFRA
INE195I01013,Abirami Financial Services India Ltd,bse,,511756,ABIRAFN
INE251C01025,ABM International Limited,nse,ABMINTLLTD,,
INE850B01026,ABM Knowledgeware Limited,both nse/bse,ABMKNO,531161,ABMKNO
INE0ZDY01011,Abram Food Ltd,bse,,544422,ABRFL
INE15MX01014,Abril Paper Tech Ltd,bse,,544500,ABRIL
INE012A01025,ACC Limited,both nse/bse,ACC,500410,ACC
INE578B01015,Accedere Ltd,bse,,531533,ACCEDERE
INE258C01038,Accel Ltd,bse,,517494,ACCEL
INE0POP01017,Acceleratebs India Ltd,bse,,543938,ACCELERATE
INE793A01012,Accelya Solutions India Limited,both nse/bse,ACCELYA,532268,ACCELYA
INE132201018,Accord Transformer & Switchgear Ltd,bse,,544710,ACCORDTS
INE1KVQ01019,Accretion Nutraveda Ltd,bse,,544694,ANL
INE648Z01023,Accuracy Shipping Limited,both nse/bse,ACCURACY,544598,ACCURACY
INE0S9X01011,Ace Alpha Tech Ltd,bse,,544431,ACEALPHA
INE543V01017,Ace Integrated Solutions Limited,nse,ACEINTEG,,
INE023R01018,Ace Men Engg Works Ltd,bse,,539661,ACEMEN
IN9849B01026,Ace Software Exports ltd,bse,,890230,ACESEPP
INE849B01010,ACE Software Exports Ltd-$,bse,,531525,ACESOFT
INE0K1401020,Achyut Healthcare Ltd,bse,,543499,ACHYUT
INE167B01025,ACI Infocom Ltd,bse,,517356,ACIIN
INE326C01017,Acknit Industries Ltd,bse,,530043,ACKNIT
INE636B01011,Acme Resources Ltd,bse,,539391,ACME
INE622W01025,Acme Solar Holdings Limited,both nse/bse,ACMESOLAR,544283,ACMESOLAR
INE950D01012,Acrow India Ltd,bse,,513149,ACROW
INE366C01021,ACS Technologies Limited,both nse/bse,ACSTECH,530745,ACSTECH
INE731H01025,Action Construction Equipment Limited,both nse/bse,ACE,532762,ACE
INE380Z01015,Active Clothing Co Ltd,bse,,541144,ACTIVE
INE00FF01025,Acutaas Chemicals Limited,both nse/bse,ACUTAAS,543349,ACUTAAS
INE931S01010,Adani Energy Solutions Limited,both nse/bse,ADANIENSOL,539254,ADANIENSOL
INE423A01024,Adani Enterprises Limited,both nse/bse,ADANIENT,512599,ADANIENT
INE364U01010,Adani Green Energy Limited,both nse/bse,ADANIGREEN,541450,ADANIGREEN
INE742F01042,Adani Ports and Special Economic Zone Limited,both nse/bse,ADANIPORTS,532921,ADANIPORTS
INE814H01029,Adani Power Limited,both nse/bse,ADANIPOWER,533096,ADANIPOWER
INE399L01023,Adani Total Gas Limited,both nse/bse,ATGL,542066,ATGL
INE627D01016,Adarsh Plant Protect Ltd,bse,,526711,ADARSHPL
INE833A01016,ADC India Communications Ltd-$,bse,,523411,ADCINDIA
INE805Q01028,Adcon Capital Services Ltd,bse,,539506,ADCON
INE0W1601012,Adcounty Media India Ltd,bse,,544435,ADCOUNTY
INE757C01021,Addi Industries Ltd-$,bse,,507852,ADDIND
INE01B501018,Add-Shop ERetail Ltd,bse,,541865,ASRL
INE0H8J01015,Adeshwar Meditex Ltd,bse,,543309,ADESHWAR
INE982B01027,ADF Foods Limited,both nse/bse,ADFFOODS,519183,ADFFOODS
INE586D01014,Adhata Global Ltd,bse,,531286,ADHHATA
INE578L01014,Adhbhut Infrastructure Ltd,bse,,539189,ADHBHUTIN
INE067R01015,Adhiraj Distributors Ltd,bse,,780018,ADHIRAJ
INE207C01019,Adinath Textiles Ltd,bse,,514113,ADINATH
INE0CWK01019,Adishakti Loha and Ispat Ltd,bse,,543377,ADISHAKTI
INE674K01013,Aditya Birla Capital Limited,both nse/bse,ABCAPITAL,540691,ABCAPITAL
INE647O01011,Aditya Birla Fashion and Retail Limited,both nse/bse,ABFRL,535755,ABFRL
INE14LE01019,Aditya Birla Lifestyle Brands Limited,both nse/bse,ABLBL,544403,ABLBL
INE865C01022,Aditya Birla Money Limited,both nse/bse,BIRLAMONEY,532974,BIRLAMONEY
INE055A01016,Aditya Birla Real Estate Limited,both nse/bse,ABREL,500040,ABREL
INE404A01024,Aditya Birla Sun Life AMC Limited,both nse/bse,ABSLAMC,543374,ABSLAMC
INF209KB10E8,Aditya Birla Sun Life BSE Sensex ETF,bse,,540008,BSLSENETFG
INF209KC1670,Aditya Birla Sun Life BSE Top 10 Banks ETF,bse,,544719,ABSL10BANK
INF209KC1662,Aditya Birla Sun Life MSCI India ETF,bse,,544706,ABSLMSCIN
INF209KB14K7,Aditya Birla Sun Life Nifty 200 Momentum 30 ETF,bse,,543575,MOMENTUM
INF209KB15K4,Aditya Birla Sun Life Nifty 200 Quality 30 ETF,bse,,543574,NIFTYQLITY
INF209KB19D1,Aditya Birla Sun Life Nifty 50 ETF,bse,,543474,BSLNIFTY
INF209KB17D5,Aditya Birla Sun Life Nifty Bank ETF,bse,,542863,ABSLBANETF
INF209KB10C2,Aditya Birla Sun Life Nifty Healthcare ETF,bse,,543473,HEALTHY
INF209KB16D7,Aditya Birla Sun Life Nifty Next 50 ETF,bse,,542230,ABSLNN50ET
INF209KB19Z4,Aditya Birla Sun Life Nifty PSE ETF,bse,,544218,ABSLPSE
INF209KB11D8,Aditya Birla Sunlife Nifty IT ETF,bse,,543472,TECH
INE427V01013,Aditya Consumer Marketing Ltd,bse,,540146,ACML
INE819V01029,Aditya Infotech Limited,both nse/bse,CPPLUS,544466,CPPLUS
INE570B01012,Aditya Ispat Ltd,bse,,513513,ADITYA
INE122D01026,Aditya Spinners Ltd,bse,,521141,ADITYASP
INE679V01027,Aditya Vision Limited,both nse/bse,AVL,540205,AVL
INE276T01018,Adline Chem Lab Ltd,bse,,524604,ADLINE
INE0XLO01010,Admach Systems Ltd,bse,,544669,ADMACH
INE556D01017,Ad-Manum Finance Ltd,bse,,511359,ADMANUM
INE1SME01017,Adon Agro Commodities Ltd,bse,,544809,ADON
INE045A01017,Ador Welding Limited,both nse/bse,ADOR,517041,ADOR
INE737B01033,Adroit Infotech Limited,both nse/bse,ADROITINFO,532172,ADROITINFO
INE257C01014,Adtech Systems Ltd,bse,,544185,ADTECH
INE0ALI01010,Advait Energy Transitions Limited,both nse/bse,ADVAIT,543230,ADVAIT
INE1B0W01010,Advance Agrolife Limited,both nse/bse,ADVANCE,544562,ADVANCE
INE900E01015,Advance Lifestyles Ltd,bse,,521048,ADVLIFE
INE436N01029,Advance Metering Technology Ltd,bse,,534612,AMTL
INE875S01019,Advance Multitech Ltd,bse,,526331,ADVMULT
INE334N01018,Advance Petrochemicals Ltd,bse,,506947,ADVPETR-B
INE13ZJ01010,Advance Technoforge Ltd,bse,,544843,ADVANCETL
INE837H01020,Advanced Enzyme Technologies Limited,both nse/bse,ADVENZYMES,540025,ADVENZYMES
INE199C01026,Advani Hotels & Resorts (India) Limited,both nse/bse,ADVANIHOTR,523269,ADVANIHOTR
INE28GN01010,Advent Hotels International Limited,both nse/bse,ADVENTHTL,544446,ADVENTHTL
INE178T01024,Advik Capital Ltd,bse,,539773,ADVIKCA
INE1SJO01012,Advit Jewels Limited,both nse/bse,RAMBHAJO,544803,RAMBHAJO
INE208C01025,Aegis Logistics Limited,both nse/bse,AEGISLOG,500003,AEGISLOG
INE0INX01018,Aegis Vopak Terminals Limited,both nse/bse,AEGISVOPAK,544407,AEGISVOPAK
INE0T3401029,Aelea Commodities Ltd,bse,,544213,ACLD
INE994D01010,Aeonx Digital Technology Ltd,bse,,524594,AEONXDIGI
INE947N01017,Aequs Limited,both nse/bse,AEQUS,544634,AEQUS
INE065D01027,Aeroflex Enterprises Limited,both nse/bse,AEROENTER,511076,AEROENTER
INE024001021,Aeroflex Industries Limited,both nse/bse,AEROFLEX,543972,AEROFLEX
INE035801013,Aeroflex Neu Limited,both nse/bse,AERONEU,543743,AERONEU
INE175N01023,Aerpace Industries Ltd,bse,,534733,AERPACE
INE0BWX01014,Aether Industries Limited,both nse/bse,AETHER,543534,AETHER
INE0OXY01013,Afcom Holdings Ltd,bse,,544224,AFCOM
INE101I01011,Afcons Infrastructure Limited,both nse/bse,AFCONS,544280,AFCONS
INE00WC01027,Affle 3i Limited,both nse/bse,AFFLE,542752,AFFLE
INE692Z01013,Affordable Robotic & Automation Limited,both nse/bse,AFFORDABLE,541402,AFFORDABLE
INE321D01016,AG Ventures Ltd-$,bse,,506579,AGVENTURES
INE510B01018,Agarwal Fortune India Ltd,bse,,530765,AGARWAL
INE204E01012,Agarwal Industrial Corporation Limited,both nse/bse,AGARIND,531921,AGARIND
INE415A01038,AGI Greenpac Limited,both nse/bse,AGI,500187,AGI
INE976R01033,Agi Infra Limited,both nse/bse,AGIIL,539042,AGIIL
INE112C01011,Agio Paper & Industries Ltd-$,bse,,516020,AGIOPAPER
INE679E01015,Agribio Spirits Ltd,bse,,539546,AGRIBIO
INE449G01018,Agri-Tech (India) Limited,both nse/bse,AGRITECH,537292,AGRITECH
INE740V01019,Agro Phos India Limited,nse,AGROPHOS,,
INE583L01014,AGS Transact Technologies Limited,both nse/bse,AGSTRA,543451,AGSTRA
INE0NEV01011,Ahasolar Technologies Ltd,bse,,543941,AHASOLAR
INE00PV01013,Ahlada Engineers Limited,nse,AHLADA,,
INE758C01029,Ahluwalia Contracts (India) Limited,both nse/bse,AHLUCONT,532811,AHLUCONT
INE868C01018,Ahmedabad Steelcraft Ltd,bse,,522273,AHMDSTE
INE768E01024,AI Champdany Industries Ltd,bse,,532806,AICHAMP
INE212H01026,AIA Engineering Limited,both nse/bse,AIAENG,532683,AIAENG
INE0QFT01015,AIK Pipes and Polymers Ltd,bse,,544072,AIKPIPES
INE008B01013,Aimco Pesticides Ltd,bse,,524288,AIMCOPEST
INE805A01014,AION-TECH SOLUTIONS LIMITED,both nse/bse,GOLDTECH,531439,GOLDTECH
INE645W01026,Airan Limited,both nse/bse,AIRAN,543811,AIRAN
INE0XBS01012,Airfloa Rail Technology Ltd,bse,,544516,AIRFLOA
INE801L01010,Airo Lam limited,nse,AIROLAM,,
INE031B01049,Ajanta Pharma Limited,both nse/bse,AJANTPHARM,532331,AJANTPHARM
INE601B01023,Ajanta Soya Ltd,bse,,519216,AJANTSOY
INE274Y01021,Ajax Engineering Limited,both nse/bse,AJAXENGG,544356,AJAXENGG
INE0XRR01010,AJC Jewel Manufacturers Ltd,bse,,544425,AJCJEWEL
INE759C01027,Ajcon Global Services Ltd,bse,,511692,AJCON
INE298G01035,Ajmera Realty & Infra India Limited,both nse/bse,AJMERA,513349,AJMERA
INE820Y01021,Ajooni Biotech Limited,nse,AJOONI,,
INE863E01015,Ajwa Fun World & Resort Ltd,bse,,526628,AJWAFUN
INE701G01012,AK Capital Services Limited,both nse/bse,AKCAPIT,530499,AKCAPIT
INE864E01021,Akar Auto Industries Ltd,bse,,530621,AAIL
INE737W01013,Akash Infra-Projects Limited,nse,AKASH,,
INE00Y801016,Akg Exim Limited,nse,AKG,,
INE642Z01026,AKI India Limited,both nse/bse,AKI,542020,AKI
INE916Y01027,Akme Fintrade (India) Limited,both nse/bse,AFIL,544200,AFIL
INE523B01011,Aksh Optifibre Limited,both nse/bse,AKSHOPTFBR,532351,AKSHOPTFBR
INE256Z01025,Akshar Spintex Limited,both nse/bse,AKSHAR,541303,AKSHAR
INE542B01011,AksharChem India Limited,both nse/bse,AKSHARCHEM,524598,AKSHARCHEM
INE09XN01023,Akums Drugs and Pharmaceuticals Limited,both nse/bse,AKUMS,544222,AKUMS
INE030P01017,Alacrity Securities Ltd,bse,,535916,ALSL
INE273F01022,Alan Scott Enterprises Ltd,bse,,539115,ALANSCOTT
INE914E01040,Alankit Limited,both nse/bse,ALANKIT,531082,ALANKIT
INE155C01010,Albert David Limited,both nse/bse,ALBERTDAVD,524075,ALBERTDAVD
INE426A01027,Alembic Limited,both nse/bse,ALEMBICLTD,506235,ALEMBICLTD
INE901L01018,Alembic Pharmaceuticals Limited,both nse/bse,APLLTD,533573,APLLTD
INE191N01012,Alexander Stamps And Coin Ltd,bse,,511463,ALEXANDER
INE042C01010,Alfa Ica India Ltd,bse,,530973,ALFAICA
INE209C01015,Alfa Transformers Ltd,bse,,517546,ALFATRAN
INE883B01027,Alfavision Overseas India Ltd,bse,,531156,ALFAVIO
INE782D01027,Alfred Herbert India Ltd,bse,,505216,ALFREDHE
INE598D01035,Algoquant Fintech Limited,both nse/bse,ALGOQUANT,505725,ALGOQUANT
INE062D01024,Alicon Castalloy Limited,both nse/bse,ALICON,531147,ALICON
INE03Q201024,Alivus Life Sciences Limited,both nse/bse,ALIVUS,543322,ALIVUS
INE773I01017,Alkali Metals Limited,both nse/bse,ALKALI,533029,ALKALI
INE540L01014,Alkem Laboratories Limited,both nse/bse,ALKEM,539523,ALKEM
INE0KA601012,Alkosign Ltd,bse,,543453,ALKOSIGN
INE150B01039,Alkyl Amines Chemicals Limited,both nse/bse,ALKYLAMINE,506767,ALKYLAMINE
INE0GV601021,All Time Plastics Limited,both nse/bse,ALLTIME,544479,ALLTIME
INE1YPB01014,Allcargo Global Limited,both nse/bse,AGL,544602,AGL
INE418H01029,Allcargo Logistics Limited,both nse/bse,ALLCARGO,532749,ALLCARGO
INE0NN701020,Allcargo Terminals Limited,both nse/bse,ATL,543954,ATL
IN90NN701011,Allcargo Terminals Ltd,bse,,890228,ATLPP
INE835G01018,Alldigi Tech Limited,both nse/bse,ALLDIGI,532633,ALLDIGI
INE123D01024,Alliance Integrated Metaliks Ltd,bse,,534064,AIML
INE552Z01027,Allied Blenders and Distillers Limited,both nse/bse,ABDL,544203,ABDL
INE102I01027,Allied Digital Services Limited,both nse/bse,ADSL,532875,ADSL
INE326B01035,Almondz Global Securities Limited,both nse/bse,ALMONDZ,531400,ALMONDZ
INE07I701011,Alna Trading & Exports Ltd,bse,,506120,ALNATRD
INE270A01029,Alok Industries Limited,both nse/bse,ALOKINDS,521070,ALOKINDS
INE385I01010,Alpa Laboratories Limited,both nse/bse,ALPA,532878,ALPA
INE137C01018,Alphageo (India) Limited,both nse/bse,ALPHAGEO,526397,ALPHAGEO
INE0NZF01019,Alphalogic Industries Ltd,bse,,543937,ALPHAIND
INE08E401029,Alphalogic Techsys Ltd,bse,,542770,ALPHALOGIC
INE840D01015,Alpine Housing Development Corporation Ltd,bse,,526519,ALPINEHOU
INE1JCQ01037,Alpine Texworld Limited,both nse/bse,ALPINETEX,544825,ALPINETEX
INE058F01019,Alufluoride Ltd,bse,,524634,ALUFLUOR
INE121R01077,Amagi Media Labs Limited,both nse/bse,AMAGI,544679,AMAGI
INE841D01013,Amal Ltd,bse,,506597,AMAL
INE0G1V01016,Amanaya Ventures Ltd,bse,,543804,AMANAYA
INE084K01015,Amanta Healthcare Limited,both nse/bse,AMANTA,544502,AMANTA
INE885A01032,Amara Raja Energy & Mobility Limited,both nse/bse,ARE&M,500008,ARE&M
INE484D01012,Amarjothi Spinning Mills Ltd,bse,,521097,AMARJOTHI
INE745P01010,Amarnath Securities Ltd,bse,,538465,AMARSEC
INE829P01020,Amba Enterprises Ltd,bse,,539196,AEL
INE432A01017,Ambalal Sarabhai Enterprises Limited,both nse/bse,AMBALALSA,500009,AMBALALSA
INE072V01017,Ambar Protein Industries Ltd,bse,,519471,AMBARPIL
INE342U01016,Ambassador Intra Holdings Ltd,bse,,542524,AIHL
INE371P01015,Amber Enterprises India Limited,both nse/bse,AMBER,540902,AMBER
INE792B01012,Ambica Agarbathies & Aroma industries Limited,both nse/bse,AMBICAAGAR,532335,AMBICAAGAR
INE540G01014,Ambika Cotton Mills Limited,both nse/bse,AMBIKCO,531978,AMBIKCO
INE267C01013,Ambitious Plastomac Company Ltd,bse,,526439,AMBIT
INE0N6V01016,Ambo Agritec Ltd,bse,,543678,AMBOAGRI
INE079A01024,Ambuja Cements Limited,both nse/bse,AMBUJACEM,500425,AMBUJACEM
INE924B01011,Amco India Ltd-$,bse,,530133,AMCOIND
INE005I01014,AMD Industries Limited,both nse/bse,AMDIND,532828,AMDIND
INE14QA01016,Ameenji Rubber Ltd,bse,,544555,AMEENJI
INE673C01020,Amerise Biosciences Ltd,bse,,531681,AMERISE
INE991A01020,Amforge Industries Ltd,bse,,513117,AMFORG
INE0P9J01013,Amic Forging Ltd,bse,,544037,AMIC
INE572Z01017,Amin Tannery Ltd,bse,,541771,AMINTAN
INE275D01022,Amines & Plasticizers Limited,both nse/bse,AMNPLST,506248,AMNPLST
INE05TO01019,Amir Chand Jagdish Kumar (Exports) Limited,both nse/bse,AEROPLANE,544743,AEROPLANE
INE137E01014,Amit Securities Ltd,bse,,531557,AMITSEC
INE606A01024,Amj Land Holdings Limited,both nse/bse,AMJLAND,500343,AMJLAND
INE0QSB01016,Amkay Products Ltd,bse,,544169,AMKAY
INE727C01024,AMPL Capital Ltd,bse,,539598,AMPL
INE989J01017,Ampvolts Ltd,bse,,535719,AMPVOLTS
INE218P01018,Amrapali Capital and Finance Services Ltd,bse,,536737,ACFSL
INE990S01016,Amrapali Fincap Ltd,bse,,539265,AMRAFIN
INE762C01021,Amrapali Industries Ltd,bse,,526241,AMRAPLIN
INE735C01027,Amraworld Agrico Ltd,bse,,531991,AMRAAGRI
INE098F01031,Amrutanjan Health Care Limited,both nse/bse,AMRUTANJAN,590006,AMRUTANJAN
INE345U01019,AMS Polymers Ltd,bse,,540066,AMS
INE0U2L01017,Amwill Health Care Ltd,bse,,544353,AMWILL
INE134R01013,Anand Projects Ltd,bse,,501630,ANANDPROJ
INE549H01021,Anand Rathi Share and Stock Brokers Limited,both nse/bse,ARSSBL,544530,ARSSBL
INE463V01026,Anand Rathi Wealth Limited,both nse/bse,ANANDRATHI,543415,ANANDRATHI
INE02GA01012,Anand Rayons Ltd,bse,,542721,ARL
INE242C01024,Anant Raj Limited,both nse/bse,ANANTRAJ,515055,ANANTRAJ
INE666E01020,Andhra Cements Limited,both nse/bse,ACL,532141,ACL
INE435A01051,ANDHRA PAPER LIMITED,both nse/bse,ANDHRAPAP,502330,ANDHRAPAP
INE714B01016,Andhra Petrochemicals Ltd,bse,,500012,ANDHRAPET
INE449C01025,Andrew Yule & Company Ltd,bse,,526173,ANDREWYU
INE236W01016,ANG Lifesciences India Ltd,bse,,540694,ANG
INE339Z01011,Angel Fibers Ltd,bse,,541006,ANGEL
INE732I01021,Angel One Limited,both nse/bse,ANGELONE,543235,ANGELONE
INE087B01017,Anik Industries Limited,both nse/bse,ANIKINDS,519383,ANIKINDS
IN9161F01019,ANIRIT VENTURES Ltd,bse,,890231,ANIRITPP
INE161F01011,Anirit Ventures Ltd,bse,,530705,ANIRIT
INE283D01018,Anjani Finance Ltd,bse,,531878,ANJANIFIN
INE096I01021,Anjani Foods Ltd,bse,,511153,ANJANIFOODS
INE071F01012,Anjani Portland Cement Limited,both nse/bse,APCL,518091,APCL
INE364D01032,Anjani Synthetics Ltd-$,bse,,531223,ANJANI
INE067C01025,Anka India Ltd,bse,,531673,ANKIN
INE106I01010,Ankit Metal & Power Limited,both nse/bse,ANKITMETAL,532870,ANKITMETAL
INE0Y8W01025,Anlon Healthcare Limited,both nse/bse,AHCL,544497,AHCL
INE02AR01019,Anmol India Limited,both nse/bse,ANMOL,542437,ANMOL
INE336D01014,Anna Infrastructures Ltd,bse,,530799,ANNAINFRA
INE075K01013,Annvrridhhi  Ventures Ltd,bse,,538539,ANVRDHI
INE234J01018,ANS Industries Ltd,bse,,531406,ANSINDUS
INE030C01015,Ansal Buildwell Ltd-$,bse,,523007,ANSALBU
INE880B01015,Ansal Housing Ltd-$,bse,,507828,ANSALHSG
INE436A01026,Ansal Properties & Infrastructure Limited,both nse/bse,ANSALAPI,500013,ANSALAPI
INE414B01021,Antarctica Limited,nse,ANTGRAPHIC,,
INE825M01017,Antariksh Industries Ltd,bse,,501270,ANTARIKSH
INE818A01017,Antelopus Selan Energy Limited,both nse/bse,ANTELOPUS,530075,ANTELOPUS
INE0CZ201020,Anthem Biosciences Limited,both nse/bse,ANTHEM,544449,ANTHEM
INE01BK01022,Antony Waste Handling Cell Limited,both nse/bse,AWHCL,543254,AWHCL
INE1O7201010,Anubhav Plast Ltd,bse,,544800,ANUBHAV
INE489G01022,Anuh Pharma Limited,both nse/bse,ANUHPHR,506260,ANUHPHR
INE069B01023,Anupam Finserv Ltd,bse,,530109,ANUPAM
INE930P01018,Anupam Rasayan India Limited,both nse/bse,ANURAS,543275,ANURAS
INE490Z01012,Anuroop Packaging Ltd,bse,,542865,ANUROOP
INE372A01015,Apar Industries Limited,both nse/bse,APARINDS,532259,APARINDS
INE116A01032,Apcotex Industries Limited,both nse/bse,APCOTEXIND,523694,APCOTEXIND
INE988S01028,Apeejay Surrendra Park Hotels Limited,both nse/bse,PARKHOTELS,544111,PARKHOTELS
INE758W01019,Apex Capital And Finance Ltd,bse,,541133,ACFL
INE346W01013,Apex Frozen Foods Limited,both nse/bse,APEX,540692,APEX
INE070K01014,Apis India Ltd,bse,,506166,APIS
INE702C01027,APL Apollo Tubes Limited,both nse/bse,APLAPOLLO,533758,APLAPOLLO
IN9273A01047,Aplab Ltd,bse,,890217,APLABPP
INE273A01015,Aplab Ltd-$,bse,,517096,APLAB
INE170D01025,APM Industries Ltd-$,bse,,523537,APMIN
INE412D01013,Apollo Finvest India Ltd,bse,,512437,APOLLOFI
INE437A01024,Apollo Hospitals Enterprise Limited,both nse/bse,APOLLOHOSP,508869,APOLLOHOSP
INE314N01028,Apollo Ingredients Ltd,bse,,503639,APOLLOIN
INE713T01028,Apollo Micro Systems Limited,both nse/bse,APOLLO,540879,APOLLO
INE126J01016,Apollo Pipes Limited,both nse/bse,APOLLOPIPE,531761,APOLLOPIPE
INE451F01024,Apollo Sindoori Hotels Limited,nse,APOLSINHOT,,
INE0X4A01013,Apollo Techno Industries Ltd,bse,,544671,ATIL
INE438A01022,Apollo Tyres Limited,both nse/bse,APOLLOTYRE,500877,APOLLOTYRE
INE217S01014,Apoorva Leasing Finance and Investment Company Ltd,bse,,539545,APOORVA
INE046E01025,Apt Packaging Ltd,bse,,506979,APTPACK
INE266F01018,Aptech Limited,both nse/bse,APTECHT,532475,APTECHT
INE15XJ01010,Aptus Pharma Ltd,bse,,544529,APPL
INE852O01025,Aptus Value Housing Finance India Limited,both nse/bse,APTUS,543335,APTUS
INE416A01051,Aqylon Nexus Limited,both nse/bse,AQYLON,530943,AQYLON
INE068C01015,Aravali Securities & Finance Ltd,bse,,512344,ARAVALIS
INE202R01026,ARC Finance Ltd,bse,,540135,ARCFIN
INE128X01021,Archean Chemical Industries Limited,both nse/bse,ACI,543657,ACI
INE0CHO01012,Archidply Decor Limited,both nse/bse,ADL,543231,ADL
INE877I01016,Archidply Industries Limited,both nse/bse,ARCHIDPLY,532994,ARCHIDPLY
INE731A01020,Archies Limited,both nse/bse,ARCHIES,532212,ARCHIES
INE078I01011,Archit Organosys Ltd,bse,,524640,ARCHITORG
INE372M01010,ARCL Organics Ltd,bse,,543993,ARCL
INE955S01019,Arco Leasing Ltd,bse,,511038,ZARCOLEA
INE0LKP01014,Ardi Alliances Ltd,bse,,504370,ARDIALL
INE480H01011,Arex Industries Ltd,bse,,526851,AREXMIS
INE784R01023,Arfin India Limited,both nse/bse,ARFIN,539151,ARFIN
INE298I01015,Aries Agro Limited,both nse/bse,ARIES,532935,ARIES
INE021N01011,Arigato Universe Ltd,bse,,530267,ARIGATO
INE420B01036,Arihant Capital Markets Limited,both nse/bse,ARIHANTCAP,511605,ARIHANTCAP
INE413D01011,Arihant Foundations & Housing Limited,both nse/bse,ARIHANT,531381,ARIHANT
INE643K01018,Arihant Superstructures Limited,both nse/bse,ARIHANTSUP,506194,ARIHANTSUP
INE190D01015,Arihants Securities Ltd,bse,,531017,ARISE
INE0H9P01028,Arisinfra Solutions Limited,both nse/bse,ARIS,544419,ARIS
INE1D8001016,Aritas Vinyl Ltd,bse,,544683,ARITAS
INE0QRL01017,Arkade Developers Limited,both nse/bse,ARKADE,544261,ARKADE
INE109C01017,Arman Financial Services Limited,both nse/bse,ARMANFIN,531179,ARMANFIN
INE510P01018,Arman Holdings Ltd,bse,,538556,ARMAN
INE185K01036,Arnold Holdings Ltd,bse,,537069,ARNOLD
INE210C01013,Aro Granite Industries Limited,both nse/bse,AROGRANITE,513729,AROGRANITE
INE570D01018,Arrow Greentech Limited,both nse/bse,ARROWGREEN,516064,ARROWGREEN
INE0PP401015,Arrowhead Seperation Engineering Ltd,bse,,544025,ARROWHEAD
INE968D01022,Arshiya Limited,both nse/bse,ARSHIYA,506074,ARSHIYA
INE738V01013,Art Nirman Limited,nse,ARTNIRMAN,,
INE885B01014,Artefact Projects Ltd,bse,,531297,ARTEFACT
INE0D9X01018,Artemis ADR Marketplace Ltd,bse,,543286,ARTEMISADR
INE757T01025,Artemis Electricals and Projects Limited,both nse/bse,AEPL,542670,AEPL
INE025R01021,Artemis Medicare Services Limited,both nse/bse,ARTEMISMED,542919,ARTEMISMED
INE072B01027,Artificial Electronics Intelligent Material Ltd,bse,,526443,AEIM
INE133D01023,Artson Ltd,bse,,522134,ARTSON
INF194K30259,Arudha Hybrid Long- Short Fund Direct Plan-Annual IDCW,bse,,544749,ARSIFHDAD
INF194K30184,Arudha Hybrid Long- Short Fund Direct Plan-Growth,bse,,544691,ARSIFHDG
INF194K30242,Arudha Hybrid Long- Short Fund Direct Plan-Half yearly IDCW,bse,,544692,ARSIFHRHD
INF194K30010,Arudha Hybrid Long- Short Fund Regular Plan-Growth,bse,,544689,ARSIFHRG
INF194K30051,Arudha Hybrid Long- Short Fund Regular Plan-Monthly IDCW,bse,,544690,ARSIFHRMD
INE957C01019,Aruna Hotels Ltd,bse,,500016,ARUNAHTEL
INE485K01022,Arunjyoti Bio Ventures Ltd,bse,,530881,ABVL
INE491D01017,Arvaya Healthcare Ltd,bse,,524723,ARVAYA
INE006Z01016,Arvee Laboratories (India) Limited,nse,ARVEE,,
INE955V01021,Arvind Fashions Limited,both nse/bse,ARVINDFASN,542484,ARVINDFASN
INE034A01011,Arvind Limited,both nse/bse,ARVIND,500101,ARVIND
INE034S01021,Arvind SmartSpaces Limited,both nse/bse,ARVSMART,539301,ARVSMART
INE229R01011,Aryaman Capital Markets Ltd,bse,,538716,ARYACAPM
INE032E01017,Aryaman Financial Services Ltd,bse,,530245,ARYAMAN
INE016X01010,Aryan Share and Stock Brokers Ltd,bse,,542176,ARYAN
INE439A01020,Asahi India Glass Limited,both nse/bse,ASAHIINDIA,515030,ASAHIINDIA
INE228I01012,Asahi Songwon Colors Limited,both nse/bse,ASAHISONG,532853,ASAHISONG
INE0DN001027,Asarfi Hospital Ltd,bse,,543943,ASARFI
INE0E4I01027,Ascensive Educare Ltd,bse,,543443,ASCENSIVE
INE767M01029,Asgard Alcobev Ltd,bse,,512025,ASGARD
INE348A01023,Ashapura Minechem Limited,both nse/bse,ASHAPURMIN,527001,ASHAPURMIN
INE05FR01029,Ashapuri Gold Ornament Ltd,bse,,542579,AGOL
INE709D01012,Ashiana Agro Industries Ltd,bse,,519174,ASHAI
INE365D01021,Ashiana Housing Limited,both nse/bse,ASHIANA,523716,ASHIANA
INE094B01013,Ashika Global Securities Limited,both nse/bse,ASHIKAG,543766,ASHIKAG
INE440A01010,Ashima Limited,both nse/bse,ASHIMASYN,514286,ASHIMASYN
INE894A01026,Ashirwad Capital Ltd,bse,,512247,ASHCAP
INE338C01012,Ashirwad Steels & Industries Ltd,bse,,526847,ASHSI
INE831C01016,Ashish Polyplast Ltd,bse,,530429,ASHISHPO
INE694W01024,Ashnisha Industries Ltd,bse,,541702,ASHNI
INE372I01018,Ashnoor Textile Mills Ltd,bse,,507872,ASHNOOR
INE208A01029,Ashok Leyland Limited,both nse/bse,ASHOKLEY,500477,ASHOKLEY
INE442H01029,Ashoka Buildcon Limited,both nse/bse,ASHOKA,533271,ASHOKA
INE760Y01011,Ashoka Metcast Limited,both nse/bse,ASHOKAMET,540923,ASHOKAMET
INE293C01019,Ashram Online.Com Ltd,bse,,526187,ASHRAM
INE723K01018,Ashutosh Paper Mills Ltd,bse,,531568,ASHUTPM
INE443A01030,ASI Industries Ltd,bse,,502015,ASIIL
INE131Q01011,Asia Capital Ltd,bse,,538777,ASIACAP
INE784M01016,Asia Pack Ltd,bse,,530899,ASIAPAK
INE276G01015,Asian Energy Services Limited,both nse/bse,ASIANENE,530355,ASIANENE
INE022I01019,Asian Granito India Limited,both nse/bse,ASIANTILES,532888,ASIANTILES
INE926K01017,Asian Hotels (East) Limited,both nse/bse,AHLEAST,533227,AHLEAST
INE363A01022,Asian Hotels (North) Limited,both nse/bse,ASIANHOTNR,500023,ASIANHOTNR
INE915K01010,Asian Hotels (West) Limited,both nse/bse,AHLWEST,533221,AHLWEST
INE021A01026,Asian Paints Limited,both nse/bse,ASIANPAINT,500820,ASIANPAINT
INE810M01019,Asian Petroproducts & Exports Ltd,bse,,524434,ASINPET
INE194D01017,Asian Star Company Limited,both nse/bse,ASTAR,531847,ASTAR
INE822B01017,Asian Tea & Exports Ltd-$,bse,,519532,ASIANTNE
INE04Z101016,Asian Warehousing Ltd,bse,,543927,ASIAN
INE041B01014,Asit C Mehta Financial Services Ltd,bse,,530723,ASITCFIN
INE491J01022,ASK Automotive Limited,both nse/bse,ASKAUTOLTD,544022,ASKAUTOLTD
INE867C01010,ASM Technologies Ltd,bse,,526433,ASMTEC
INE991I01015,Aspinwall and Company Limited,nse,ASPINWALL,,
INE500C01017,Aspira Pathlab & Diagnostics Ltd,bse,,540788,ASPIRA
INE165G01010,Assam Entrade Ltd,bse,,542911,ASSAMENT
INE073G01016,Associated Alcohols & Breweries Ltd.,both nse/bse,ASALCBR,507526,ASALCBR
INE771E01010,Associated Ceramics Ltd,bse,,531168,ASSOCER
INE0RIQ01013,Associated Coaters Ltd,bse,,544183,ASSOCIATED
INE0SJX01015,Asston Pharmaceuticals Ltd,bse,,544445,APL
INE307N01014,Astal Laboratories Ltd,bse,,512600,ASTALLTD
INE563J01010,Astec LifeSciences Limited,both nse/bse,ASTEC,533138,ASTEC
INE914M01019,Aster DM Quality Care Limited,both nse/bse,ASTERDM,540975,ASTERDM
INE0TG901011,Astonea Labs Ltd,bse,,544409,ASTONEALAB
INE386C01029,Astra Microwave Products Limited,both nse/bse,ASTRAMICRO,532493,ASTRAMICRO
INE006I01046,Astral Limited,both nse/bse,ASTRAL,532830,ASTRAL
INE203A01020,AstraZeneca Pharma India Limited,both nse/bse,ASTRAZEN,506820,ASTRAZEN
INE0RUY01012,Astron Multigrain Ltd,bse,,544628,ASTRONMULT
INE646X01014,Astron Paper & Board Mill Limited,both nse/bse,ASTRON,540824,ASTRON
INE508W01018,Asutosh Enterprise Ltd,bse,,512433,ASUTENT
INE0ALR01029,Atal Realtech Limited,both nse/bse,ATALREAL,543911,ATALREAL
INE09KD01013,Atam Valves Limited,both nse/bse,ATAM,543236,ATAM
INE0XCV01014,Aten Papers & Foam Ltd,bse,,544417,ATENPAPERS
INE354E01031,Atharv Enterprises Ltd,bse,,530187,ATHARVENT
INE226801012,Atharva Poly-Plast Ltd,bse,,544812,ATHARVA
INE291R01011,Athena Constructions Ltd,bse,,539099,ATHCON
INE576B01019,Athena Global Technologies Ltd-$,bse,,517429,ATHENAGLO
INE0LEZ01016,Ather Energy Limited,both nse/bse,ATHERENERG,544397,ATHERENERG
INE011R01013,Atishay Ltd,bse,,538713,ATISHAY
INE0Z4F01028,Atlanta Electricals Limited,both nse/bse,ATLANTAELE,544527,ATLANTAELE
INE285H01022,ATLANTAA LIMITED,both nse/bse,ATLANTAA,532759,ATLANTAA
INE446A01025,Atlas Cycles (Haryana) Limited,both nse/bse,ATLASCYCLE,505029,ATLASCYCLE
INE951D01028,Atul Auto Limited,both nse/bse,ATULAUTO,531795,ATULAUTO
INE100A01010,Atul Limited,both nse/bse,ATUL,500027,ATUL
INE447A01015,ATV Projects India Ltd,bse,,500028,ATVPR
INE219M01021,Atvo Enterprises Ltd,bse,,532090,ATVOENT
INE949L01017,AU Small Finance Bank Limited,both nse/bse,AUBANK,540611,AUBANK
INE1KVL01010,Aureate Tradde Ltd,bse,,544772,AUREATE
INE132H01018,Aurionpro Solutions Limited,both nse/bse,AURIONPRO,532668,AURIONPRO
INE292C01011,Auro Laboratories Ltd,bse,,530233,AUROLAB
INE406A01037,Aurobindo Pharma Limited,both nse/bse,AUROPHARMA,524804,AUROPHARMA
INE898S01029,Aurum PropTech Limited,both nse/bse,AURUM,539289,AURUM
INE142K01011,AURUS GEM CORPORATION LIMITED,both nse/bse,AURUS,534532,AURUS
INE218C01016,Ausom Enterprise Limited,both nse/bse,AUSOMENT,509009,AUSOMENT
INE104201012,Austere Systems Ltd,bse,,544505,AUSTERE
INE759F01012,Austin Engineering Company Ltd,bse,,522005,AUSTENG
INE206F01022,Authum Investment & Infrastructure Limited,both nse/bse,AIIL,539177,AIIL
INE706C01028,Auto Pins (India) Ltd,bse,,531994,AUTOPINS
INE18HI01019,Autofurnish Ltd,bse,,544767,AFLTD
INE718H01014,Autoline Industries Limited,both nse/bse,AUTOIND,532797,AUTOIND
INE451C01013,Automobile Corporation of Goa Ltd-$,bse,,505036,ACGL
INE0NY101012,Automobile Products of India Ltd,bse,,505032,AUTOPRD
INE449A01011,Automotive Axles Limited,both nse/bse,AUTOAXLES,505010,AUTOAXLES
INE900C01027,Automotive Stampings and Assemblies Limited,both nse/bse,ASAL,520119,ASAL
INE340U01010,Autoriders International Ltd,bse,,512277,AUTOINT
INE349W01017,Avadh Sugar & Energy Limited,both nse/bse,AVADHSUGAR,540649,AVADHSUGAR
INE325G01010,Available Finance Ltd,bse,,531310,AVAILFC
INE0LCL01028,Avalon Technologies Limited,both nse/bse,AVALON,543896,AVALON
INE758A01072,Avance Technologies Ltd,bse,,512149,AVANCE
INE005B01027,Avantel Limited,both nse/bse,AVANTEL,532406,AVANTEL
INE871C01038,Avanti Feeds Limited,both nse/bse,AVANTIFEED,512573,AVANTIFEED
INE0NQ401024,Avax Apparels and Ornaments Ltd,bse,,544337,AVAX
INE09BN01011,Aveer Foods Ltd,bse,,543737,AVEER
INE192R01011,Avenue Supermarts Limited,both nse/bse,DMART,540376,DMART
INE483S01020,AvenuesAI Limited,both nse/bse,CCAVENUE,539807,CCAVENUE
INE680Z01018,AVG Logistics Limited,both nse/bse,AVG,543910,AVG
INE855F01042,Avio Smart Market Stack Limited,both nse/bse,ASMS,532694,ASMS
INE461H01011,Aviva Industries Ltd,bse,,512109,AVIVA
INE471D01019,Avon Mercantile Ltd,bse,,512265,AVONMERC
INE323B01024,Avonmore Capital & Management Services Limited,both nse/bse,AVONMORE,511589,AVONMORE
INE652Z01025,AVRO INDIA LIMITED,both nse/bse,AVROIND,543512,AVROIND
INE488D01021,AVT Natural Products Limited,both nse/bse,AVTNPL,519105,AVTNPL
INE108V01019,Awfis Space Solutions Limited,both nse/bse,AWFIS,544181,AWFIS
INE699H01024,AWL Agri Business Limited,both nse/bse,AWL,543458,AWL
INE197C01012,Axel Polymers Ltd,bse,,513642,AXELPOLY
INE238A01034,Axis Bank Limited,both nse/bse,AXISBANK,532215,AXISBANK
INF846K010Q0,AXIS BSE SENSEX ETF,bse,,543853,SENSEXAXIS
INF846K01Z12,Axis NIFTY Healthcare ETF,bse,,543348,HEALTHAXIS
INF846K016C7,Axis NIFTY India Consumption ETF,bse,,543357,CONSUMAXIS
INF846K01Y96,Axis NIFTY IT ETF,bse,,543347,ITAXIS
INF846KA1119,Axis Nifty500 Value 50 ETF,bse,,544382,VALUEAXIS
INE520G01024,Axis Solutions Ltd,bse,,511144,AXISOL
INE555B01013,AXISCADES Technologies Limited,both nse/bse,AXISCADES,532395,AXISCADES
INE02EZ01022,Axita Cotton Limited,both nse/bse,AXITA,542285,AXITA
INE767C01012,Axtel Industries Ltd,bse,,523850,AXTEL
INE501X01029,Aye Finance Limited,both nse/bse,AYE,544699,AYE
INE193B01039,AYM Syntex Limited,both nse/bse,AYMSYNTEX,508933,AYMSYNTEX
INE02IJ01035,Azad Engineering Limited,both nse/bse,AZAD,544061,AZAD
INE566M01017,Azad India Mobility Ltd,bse,,504731,AZADIND
INE0SCB01016,Aztec Fluids & Machinery Ltd,bse,,544177,AZTEC
INE489D01011,B & A Limited,both nse/bse,BNALTD,508136,BNALTD
INE00FM01013,B&A Packaging India Ltd,bse,,523186,BAPACK
INE01EE01011,B&B Triplewall Containers Limited,both nse/bse,BBTCL,543668,BBTCL
INE1LJ801017,B. D. Industries (Pune) Ltd,bse,,544468,BDI
INE350H01032,B. L. Kashyap and Sons Limited,both nse/bse,BLKASHYAP,532719,BLKASHYAP
INE116D01028,B.A.G Films and Media Limited,both nse/bse,BAGFILMS,532507,BAGFILMS
INE905P01028,B.C. Power Controls Ltd,bse,,537766,BCP
INE00ST01011,B.R.Goyal Infrastructure Ltd,bse,,544335,BRGIL
INE151B01011,B2B Software Technologies Ltd,bse,,531268,B2BSOFT
INE01FR01028,Baazar Style Retail Limited,both nse/bse,STYLEBAAZA,544243,STYLEBAAZA
INE893A01036,Baba Arts Ltd-$,bse,,532380,BABA
INE711D01018,Bacil Pharma Ltd,bse,,524516,BACPHAR
INE878I01022,Bafna Pharmaceuticals Limited,both nse/bse,BAFNAPH,532989,BAFNAPH
INE020D01022,Baid Finserv Limited,both nse/bse,BAIDFIN,511724,BAIDFIN
INE1IJQ01026,Bai-Kakaji Polymers Ltd,bse,,544670,BAIKAKAJI
INE917I01010,Bajaj Auto Limited,both nse/bse,BAJAJ-AUTO,532977,BAJAJ-AUTO
INE933K01021,Bajaj Consumer Care Limited,both nse/bse,BAJAJCON,533229,BAJAJCON
INE193E01025,Bajaj Electricals Limited,both nse/bse,BAJAJELEC,500031,BAJAJELEC
INE296A01032,Bajaj Finance Limited,both nse/bse,BAJFINANCE,500034,BAJFINANCE
INF0QA701CI0,Bajaj Finserv BSE Top 10 Banks ETF,bse,,544827,BANK10BETF
INE918I01026,Bajaj Finserv Limited,both nse/bse,BAJAJFINSV,532978,BAJAJFINSV
INF0QA701722,Bajaj Finserv Nifty 50 ETF,bse,,544092,NIFTYBETF
INF0QA701714,Bajaj Finserv Nifty Bank ETF,bse,,544093,BANKBETF
INE553H01015,Bajaj Global Ltd,bse,,512261,BAJGLOB
INE411U01027,Bajaj Healthcare Limited,both nse/bse,BAJAJHCARE,539872,BAJAJHCARE
INE306A01021,Bajaj Hindusthan Sugar Limited,both nse/bse,BAJAJHIND,500032,BAJAJHIND
INE118A01012,Bajaj Holdings & Investment Limited,both nse/bse,BAJAJHLDNG,500490,BAJAJHLDNG
INE377Y01014,Bajaj Housing Finance Limited,both nse/bse,BAJAJHFL,544252,BAJAJHFL
INE704G01024,Bajaj Steel Industries Limited,both nse/bse,BAJAJST,507944,BAJAJST
INE0KQN01018,Bajel Projects Limited,both nse/bse,BAJEL,544042,BAJEL
INE083D01012,Bal Pharma Limited,both nse/bse,BALPHARMA,524824,BALPHARMA
INE050E01027,Balaji Amines Limited,both nse/bse,BALAMINES,530999,BALAMINES
INE794B01026,Balaji Telefilms Limited,both nse/bse,BALAJITELE,532382,BALAJITELE
INE618N01022,BALAXI PHARMACEUTICALS LIMITED,nse,BALAXI,,
INE119R01014,Balgopal Commercial Ltd,bse,,539834,BALGOPAL
INE787D01026,Balkrishna Industries Limited,both nse/bse,BALKRISIND,502355,BALKRISIND
INE875R01011,Balkrishna Paper Mills Limited,both nse/bse,BALKRISHNA,539251,BALKRISHNA
INE164A01016,Balmer Lawrie & Company Limited,both nse/bse,BALMLAWRIE,523319,BALMLAWRIE
INE525F01025,Balmer Lawrie Investments Limited,both nse/bse,BLIL,532485,BLIL
INE119A01028,Balrampur Chini Mills Limited,both nse/bse,BALRAMCHIN,500038,BALRAMCHIN
INE011E01029,Balu Forge Industries Limited,both nse/bse,BALUFORGE,531112,BALUFORGE
INE654B01014,Balurghat Technologies Ltd,bse,,520127,BALTE
INE921D01013,Bambino Agro Industries Ltd,bse,,519295,BAMBINO
INE802A01037,Bampsl Securities Ltd,bse,,531591,BAMPSL
INE655B01011,Banaras Beads Limited,both nse/bse,BANARBEADS,526849,BANARBEADS
INE521L01030,Banas Finance Ltd,bse,,509053,BANASFN
INE213C01025,Banco Products (I) Limited,both nse/bse,BANCOINDIA,500039,BANCOINDIA
INE875N01036,Bandaram Pharma Packtech Ltd,bse,,524602,BANDARAM
INE545U01014,Bandhan Bank Limited,both nse/bse,BANDHANBNK,541153,BANDHANBNK
INF194KA1T91,Bandhan S&P BSE SENSEX ETF,bse,,540154,IDFSENSEXE
INE863I01016,Bang Overseas Limited,both nse/bse,BANG,532946,BANG
INE028A01039,Bank of Baroda,both nse/bse,BANKBARODA,532134,BANKBARODA
INE084A01016,Bank of India,both nse/bse,BANKINDIA,532149,BANKINDIA
INE457A01014,Bank of Maharashtra,both nse/bse,MAHABANK,532525,MAHABANK
INE862Y01015,Banka BioLoo Limited,nse,BANKA,,
INE186H01022,Bannari Amman Spinning Mills Limited,both nse/bse,BASML,532674,BASML
INE459A01010,Bannari Amman Sugars Limited,both nse/bse,BANARISUG,500041,BANARISUG
INE319Q01012,Bansal Roofing Products Ltd,bse,,538546,BRPL
INE0B9K01025,Bansal Wire Industries Limited,both nse/bse,BANSALWIRE,544209,BANSALWIRE
INE856E01019,Bansisons Tea Industries Ltd,bse,,519353,BANSTEA
INE629D01020,Banswara Syntex Limited,both nse/bse,BANSWRAS,503722,BANSWRAS
INE139I01011,Barak Valley Cements Limited,both nse/bse,BVCL,532916,BVCL
INF251K01TL6,Baroda BNP Paribas Nifty Bank ETF,bse,,544196,BBNPNBETF
INE927K01023,Baroda Extrusion Ltd,bse,,513502,BAROEXT
INE461A01024,Baroda Rayon Corporation Ltd,bse,,500270,BARODARY
INE473E01021,Basant Agro Tech India Ltd-$,bse,,524687,BASANTGL
INE373A01013,BASF India Limited,both nse/bse,BASF,500042,BASF
INE176A01028,Bata India Limited,both nse/bse,BATAINDIA,500043,BATAINDIA
INE177C01022,Batliboi Limited,both nse/bse,BATLIBOI,522004,BATLIBOI
INE462A01022,Bayer Cropscience Limited,both nse/bse,BAYERCROP,506285,BAYERCROP
INE217E01014,Bazel International Ltd,bse,,539946,BAZELINTER
INE788D01016,BCC Fuba India Ltd,bse,,517246,BCCFUBA
INE412G01024,Bcl Industries Limited,both nse/bse,BCLIND,524332,BCLIND
INE00SW01015,BCPL Railway Infrastructure Limited,both nse/bse,BCPL,542057,BCPL
INE278D01018,BDH Industries Ltd,bse,,524828,BDH
INE520H01022,Beardsell Limited,nse,BEARDSELL,,
INE844K01012,Bedmutha Industries Limited,both nse/bse,BEDMUTHA,533270,BEDMUTHA
INE213D01015,Beekay Steel Industries Limited,both nse/bse,BEEKAY,539018,BEEKAY
INE052B01011,Beeyu Overseas Ltd,bse,,532645,BEEYU
INE13VU01016,Beezaasan Explotech Ltd,bse,,544369,BEEZAASAN
INE425F01028,Befound Movement Ltd,bse,,511585,BEFOUNDMOL
INE363L01045,Belding India Ltd,bse,,513307,BELDING
INE344T01014,Bella Casa Fashion & Retail Limited,both nse/bse,BELLACASA,539399,BELLACASA
INE894V01022,Belrise Industries Limited,both nse/bse,BELRISE,544405,BELRISE
INE142E01022,Bemco Hydraulics Ltd,bse,,522650,BEMHY
INE0N7W01012,BEML Land Assets Limited,both nse/bse,BLAL,543898,BLAL
INE258A01024,BEML Limited,both nse/bse,BEML,500048,BEML
INE495Z01011,Benara Bearings and Pistons Ltd,bse,,541178,BENARA
INE664D01019,Benares Hotels Ltd,bse,,509438,BENARAS
INE0Q2Z01013,Benchmark Computer Solutions Ltd,bse,,544052,BENCHMARK
INE083K01017,Bengal & Assam Company Limited,both nse/bse,BENGALASM,533095,BENGALASM
INE523W01017,Bengal Steel Industries Ltd,bse,,512404,BENGALS
INE665D01016,Bengal Tea & Fabrics Ltd,bse,,532230,BENGALT
INE496M01017,Bentley Commercial Enterprises Ltd,bse,,512195,BENTCOM
INE463A01038,Berger Paints (I) Limited,both nse/bse,BERGEPAINT,509480,BERGEPAINT
INE348I01018,Bervin Investment & Leasing Ltd,bse,,531340,BERVINL
INE415H01017,Beryl Drugs Ltd,bse,,524606,BERLDRG
INE508J01015,Beryl Securities Ltd,bse,,531582,BERYLSE
INE052T01021,Best Agrolife Limited,both nse/bse,BESTAGRO,539660,BESTAGRO
INE553F01035,Best Eastern Hotels Ltd,bse,,508664,BESTEAST
INE351Y01019,Beta Drugs Limited,nse,BETA,,
INE765L01017,Betex India Ltd,bse,,512477,BETXIND
INE878K01010,BF Investment Limited,both nse/bse,BFINVEST,533303,BFINVEST
INE243D01012,BF Utilities Limited,both nse/bse,BFUTILITIE,532430,BFUTILITIE
INE948Q01018,BFL Asset Finvest Ltd,bse,,539662,BFLAFL
INE443D01018,BGIL Films & Technologies Ltd,bse,,511664,BGIL
INE661I01014,BGR Energy Systems Limited,both nse/bse,BGRENERGY,532930,BGRENERGY
INE099C01010,Bhagawati Gas Ltd,bse,,500051,BHAGGAS
INE026I01010,Bhagawati Oxygen Ltd,bse,,509449,BHAGWOX
INE354C01027,Bhageria Industries Limited,both nse/bse,BHAGERIA,530803,BHAGERIA
INE414D01027,Bhagiradha Chemicals & Industries Limited,both nse/bse,BHAGCHEM,531719,BHAGCHEM
INE106G01014,Bhagwati Autocast Ltd,bse,,504646,BGWTATO
INE458B01036,Bhagyanagar India Limited,both nse/bse,BHAGYANGR,512296,BHAGYANGR
INE474E01029,Bhandari Hosiery Exports Limited,both nse/bse,BHANDARI,512608,BHANDARI
INE336Q01016,Bhanderi Infracon Ltd,bse,,538576,BHANDERI
INE922A01025,Bhansali Engineering Polymers Limited,both nse/bse,BEPL,500052,BEPL
INF109KB15Y7,BHARAT 22 ETF - ICICI Prudential AMC,bse,,540787,ICICIB22
INE842D01029,Bharat Agri Fert & Realty Ltd,bse,,531862,BHARATAGRI
INE900A01013,Bharat Bhushan Finance & Commodity Brokers Ltd,bse,,511501,BHARAT
INE464A01036,Bharat Bijlee Limited,both nse/bse,BBL,503960,BBL
INE05XR01022,Bharat Coking Coal Limited,both nse/bse,BHARATCOAL,544678,BHARATCOAL
INE171Z01026,Bharat Dynamics Limited,both nse/bse,BDL,541143,BDL
INE263A01024,Bharat Electronics Limited,both nse/bse,BEL,500049,BEL
INE465A01025,Bharat Forge Limited,both nse/bse,BHARATFORG,500493,BHARATFORG
INE561C01019,Bharat Gears Limited,both nse/bse,BHARATGEAR,505688,BHARATGEAR
INE893C01032,Bharat Global Developers Ltd,bse,,521238,BGDL
INE257A01026,Bharat Heavy Electricals Limited,both nse/bse,BHEL,500103,BHEL
INE994B01014,Bharat Immunologicals & Biologicals Corporation Ltd-$,bse,,524663,BIBCL
INE365Y01019,Bharat Parenterals Ltd,bse,,541096,BPLPHARMA
INE029A01011,Bharat Petroleum Corporation Limited,both nse/bse,BPCL,500547,BPCL
INE838B01021,Bharat Rasayan Limited,both nse/bse,BHARATRAS,590021,BHARATRAS
INE727S01012,Bharat Road Network Limited,both nse/bse,BRNL,540700,BRNL
INE415D01024,Bharat Seats Limited,both nse/bse,BHARATSE,523229,BHARATSE
INE316L01019,Bharat Wire Ropes Limited,both nse/bse,BHARATWIRE,539799,BHARATWIRE
INE0QMV01017,Bharatrohan Airborne Innovations Ltd,bse,,544535,BHARATROHAN
INE397D01024,Bharti Airtel Limited,both nse/bse,BHARTIARTL,532454,BHARTIARTL
INE343G01021,Bharti Hexacom Limited,both nse/bse,BHARTIHEXA,544162,BHARTIHEXA
INE828A01016,Bhartiya International Limited,both nse/bse,BIL,526666,BIL
INE972C01018,Bhaskar Agrochemicals Ltd,bse,,524534,BHASKAGR
INE0KQ001017,Bhatia Colour Chem Ltd,bse,,543497,BCCL
INE341Z01025,Bhatia Communications & Retail (India) Ltd,bse,,540956,BHATIA
INE18PB01017,Bhavik Enterprises Ltd,bse,,544551,BHAVIK
INE436C01014,Bhilwara Spinners Ltd,bse,,514272,BHILSPIN
INE274K01012,Bhilwara Technical Textiles Limited,both nse/bse,BTTL,533108,BTTL
INE432N01010,Bhudevi Infra Projects Ltd,bse,,526488,BHUDEVI
INE412U01025,Bigbloc Construction Limited,both nse/bse,BIGBLOC,540061,BIGBLOC
INE819C01011,Bihar Sponge Iron Ltd,bse,,500058,BIHSPONG
INE00E101023,Bikaji Foods International Limited,both nse/bse,BIKAJI,543653,BIKAJI
INE071A01013,BIL VYAPAR LIMITED,both nse/bse,BILVYAPAR,500059,BILVYAPAR
INE986A01012,Bilcare Limited,both nse/bse,BI,526853,BI
INE0HOQ01053,Billionbrains Garage Ventures Limited,both nse/bse,GROWW,544603,GROWW
INE0CRS01012,Billwin Industries Ltd,bse,,543209,BILLWIN
INE469A01019,Bimetal Bearings Limited,both nse/bse,BIMETAL,505681,BIMETAL
INE626H01019,Binayak Tex Processors Ltd,bse,,523054,ZBINTXPP
INE564V01013,Bindal Exports Ltd,bse,,540148,BINDALEXPO
INE376G01013,Biocon Limited,both nse/bse,BIOCON,532523,BIOCON
INE829A01014,Biofil Chemicals & Pharmaceuticals Limited,both nse/bse,BIOFILCHEM,524396,BIOFILCHEM
INE703D01023,Biogen Pharmachem Industries Ltd,bse,,531752,BIOGEN
INE800A01015,Birla Cable Limited,both nse/bse,BIRLACABLE,500060,BIRLACABLE
INE340A01012,Birla Corporation Limited,both nse/bse,BIRLACORPN,500335,BIRLACORPN
INE372E01025,Birla Precision Technologies Limited,both nse/bse,BIRLAPREC,522105,BIRLAPREC
INE557A01011,BirlaNu Limited,both nse/bse,BIRLANU,509675,BIRLANU
INE836A01035,BIRLASOFT LIMITED,both nse/bse,BSOFT,532400,BSOFT
INE839A01021,Bits Ltd,bse,,526709,BITS
INE0OJ401014,Bizotic Commercial Ltd,bse,,543926,BIZOTIC
INE356C01022,BKV Industries Ltd,bse,,519500,BKV
INE676A01027,Black Box Limited,both nse/bse,BBOX,500463,BBOX
INE761G01016,Black Rose Inds. Limited,both nse/bse,BLACKROSE,514183,BLACKROSE
INE0UIZ01018,BLACKBUCK LIMITED,both nse/bse,BLACKBUCK,544288,BLACKBUCK
INE791A01024,BLB Limited,both nse/bse,BLBLIMITED,532290,BLBLIMITED
INE416D01022,Bliss GVS Pharma Limited,both nse/bse,BLISSGVS,506197,BLISSGVS
INE373E01015,Bloom Industries Ltd,bse,,513422,BLOIN
INE0NLT01010,BLS E-Services Limited,both nse/bse,BLSE,544107,BLSE
INE153T01027,BLS International Services Limited,both nse/bse,BLS,540073,BLS
INE0W4K01013,BLT Logistics Ltd,bse,,544474,BLT
INE657B01025,Blue Chip India Limited,both nse/bse,BLUECHIP,531936,BLUECHIP
INE373T01047,Blue Cloud Softech Solutions Ltd,bse,,539607,BLUECLOUDS
INE472B01011,Blue Coast Hotels Limited,both nse/bse,BLUECOAST,531495,BLUECOAST
INE233B01017,Blue Dart Express Limited,both nse/bse,BLUEDART,526612,BLUEDART
INE0KBH01020,Blue Jet Healthcare Limited,both nse/bse,BLUEJET,544009,BLUEJET
INE439N01031,Blue Pearl Agriventures Ltd,bse,,514440,BPAGRI
INE472A01039,Blue Star Limited,both nse/bse,BLUESTARCO,500067,BLUESTARCO
INE472D01017,Bluechip Tex Industries Ltd,bse,,506981,BLUECHIPT
INE304W01038,BlueStone Jewellery and Lifestyle Limited,both nse/bse,BLUESTONE,544484,BLUESTONE
INE0U4101014,Bluspring Enterprises Limited,both nse/bse,BLUSPRING,544414,BLUSPRING
INE644K01016,BMB Music & Magnetics Ltd,bse,,531420,BMBMUMG
INE374E01021,BMW Industries Ltd,bse,,542669,BMW
INE965W01036,BMW Ventures Limited,both nse/bse,BMWVENTLTD,544543,BMWVENTLTD
INE00HZ01011,BN Agrochem Limited,both nse/bse,BNAGROCHEM,526125,BNAGROCHEM
INE710D01028,BN Rathi Securities Ltd,bse,,523019,BNRSEC
INE355C01016,BNR Udyog Ltd,bse,,530809,BNRUDY
INE338D01028,Bodal Chemicals Limited,both nse/bse,BODALCHEM,524370,BODALCHEM
INE0EEJ01023,Bodhi Tree Multimedia Limited,both nse/bse,BTML,543767,BTML
INE104F01029,Bodhtree Consulting Ltd,bse,,539122,BODHTREE
INE802W01023,Bohra Industries Limited,nse,BOHRAIND,,
INE691K01017,Bombay Cycle & Motor Agency Ltd,bse,,501430,BOMBCYC
INE032A01023,Bombay Dyeing & Mfg Company Limited,both nse/bse,BOMDYEING,500020,BOMDYEING
INE01TL01014,Bombay Oxygen Investments Ltd,bse,,509470,BOMOXY-B1
INE032Z01020,Bombay Super Hybrid Seeds Limited,both nse/bse,BSHSL,544757,BSHSL
INE910D01024,Bombay Talkies Ltd,bse,,511246,BOMTALKIES
INE089T01023,Bombay Wire Ropes Ltd,bse,,504648,BOMBWIR
INE0Q8P01029,Bondada Engineering Ltd,bse,,543971,BONDADA
INE0B9A01018,Bonlon Industries Limited,both nse/bse,BONLON,543211,BONLON
INE16SF01016,Borana Weaves Limited,both nse/bse,BORANA,544404,BORANA
INE02PY01013,Borosil Limited,both nse/bse,BOROLTD,543212,BOROLTD
INE666D01022,BOROSIL RENEWABLES LIMITED,both nse/bse,BORORENEW,502219,BORORENEW
INE02L001032,Borosil Scientific Limited,both nse/bse,BOROSCI,544184,BOROSCI
INE782A01015,BOSCH HOME COMFORT INDIA LIMITED,both nse/bse,BOSCH-HCIL,523398,BOSCH-HCIL
INE323A01026,Bosch Limited,both nse/bse,BOSCHLTD,500530,BOSCHLTD
INE109B01019,Boston Commerce Ltd,bse,,531458,BOSTON
INE583M01012,Bothra Metals & Alloys Ltd,bse,,535279,BMAL
INE110A01019,BPL Limited,both nse/bse,BPL,500074,BPL
INE856A01017,Brady & Morris Engineering Company Ltd,bse,,505690,BRADYM
INE320I01017,Brahmaputra Infrastructure Ltd,bse,,535693,BRAHMINFRA
INE02RE01045,Brainbees Solutions Limited,both nse/bse,FIRSTCRY,544226,FIRSTCRY
INE977Y01011,Brand Concepts Limited,both nse/bse,BCONCEPTS,543442,BCONCEPTS
INE899B01015,Brawn Biotech Ltd,bse,,530207,BRAWN
INE958C01025,Bridge Securities Ltd,bse,,530249,BRIDGESE
INE791I01019,Brigade Enterprises Limited,both nse/bse,BRIGADE,532929,BRIGADE
INE03NU01014,Brigade Hotel Ventures Limited,both nse/bse,BRIGHOTEL,544457,BRIGHOTEL
INE630D01010,Bright Brothers Ltd-$,bse,,526731,BRIGHTBR
INE0OMI01019,Bright Outdoor Media Ltd,bse,,543831,BRIGHT
INE0IZQ01016,B-Right Realestate Ltd,bse,,543543,BRRL
INE425B01027,Brightcom Group Limited,both nse/bse,BCG,532368,BCG
INE957E01031,Brijlaxmi Leasing & Finance Ltd,bse,,532113,BRIJLEAS
INE661F01010,Brilliant Portfolios Ltd,bse,,539434,BRIPORT
INE0Q6L01014,Brisk Technovision Ltd,bse,,544101,BRISK
INE216A01030,Britannia Industries Limited,both nse/bse,BRITANNIA,500825,BRITANNIA
INE0SFZ01018,Broach Lifecare Hospital Ltd,bse,,544231,BROACH
INE650L01011,Brooks Laboratories Limited,both nse/bse,BROOKS,533543,BROOKS
INE118H01025,BSE Limited,nse,BSE,,
INE395A01016,BSEL Algo Ltd,bse,,532123,BSELALGO
INE594B01012,BSL Limited,both nse/bse,BSL,514045,BSL
INE295F01017,Butterfly Gandhimathi Appliances Limited,both nse/bse,BUTTERFLY,517421,BUTTERFLY
INE0BV301023,C.E. Info Systems Limited,both nse/bse,MAPMYINDIA,543425,MAPMYINDIA
INE216C01010,Calcom Vision Ltd,bse,,517236,CALCOM
INE11XY01018,Caliber Mining and Logistics Limited,both nse/bse,CMLL,544833,CMLL
INE526B01014,California Software Company Limited,both nse/bse,CALSOFT,532386,CALSOFT
INE714Q01014,Callista Industries Ltd,bse,,539335,CALLISTA
INE627H01017,Cambridge Technology Enterprises Limited,both nse/bse,CTE,532801,CTE
INE198C01010,Camex Ltd,bse,,524440,CAMEXLTD
INE052I01032,Camlin Fine Sciences Limited,both nse/bse,CAMLINFINE,532834,CAMLINFINE
INE278Y01022,Campus Activewear Limited,both nse/bse,CAMPUS,543523,CAMPUS
INE477A01020,Can Fin Homes Limited,both nse/bse,CANFINHOME,511196,CANFINHOME
INE476A01022,Canara Bank,both nse/bse,CANBK,532483,CANBK
INE01TY01017,Canara HSBC Life Insurance Company Limited,both nse/bse,CANHLIFE,544583,CANHLIFE
INE218I01013,Canara Robeco Asset Management Company Limited,both nse/bse,CRAMC,544580,CRAMC
INE713D01055,Candour Techtex Ltd,bse,,522292,CANDOUR
INE068L01024,Cantabil Retail India Limited,both nse/bse,CANTABIL,533267,CANTABIL
INE264T01014,Capacit'e Infraprojects Limited,both nse/bse,CAPACITE,540710,CAPACITE
INE0ILV01024,Capillary Technologies India Limited,both nse/bse,CAPILLARY,544614,CAPILLARY
INE345H01024,Capital India Finance Limited,both nse/bse,CIFL,530879,CIFL
INE646H01017,Capital Small Finance Bank Limited,both nse/bse,CAPITALSFB,544120,CAPITALSFB
INE172D01021,Capital Trade Links Ltd,bse,,538476,CTL
INE707C01018,Capital Trust Limited,both nse/bse,CAPTRUST,511505,CAPTRUST
INE0WXM01011,Capitalnumbers Infotech Ltd,bse,,544343,CNINFOTECH
INE475E01026,Caplin Point Laboratories Limited,both nse/bse,CAPLIPOINT,524742,CAPLIPOINT
INE180C01042,Capri Global Capital Limited,both nse/bse,CGCL,531595,CGCL
INE968E01012,Capricorn Systems Global Solutions Ltd,bse,,512169,CAPRICORN
INE479A01018,Caprihans India Ltd-$,bse,,509486,CAPRIHANS
INE470N01010,Caprolactam Chemicals Ltd,bse,,507486,CAPRO
INE513R01026,Captain Pipes Ltd,bse,,538817,CAPPIPES
INE536P01021,Captain Polyplast Limited,both nse/bse,CPL,536974,CPL
INE931X01010,Captain Technocast Ltd,bse,,540652,CTCL
INE120A01034,Carborundum Universal Limited,both nse/bse,CARBORUNIV,513375,CARBORUNIV
INE752H01013,CARE Ratings Limited,both nse/bse,CARERATING,534804,CARERATING
INE0P6P01016,Career Point Edutech Limited,both nse/bse,CPEDU,544499,CPEDU
INE0KZM01011,Cargosol Logistics Ltd,bse,,543621,CARGOSOL
INE0M4L01013,Cargotrans Maritime Ltd,bse,,543618,CARGOTRANS
INE0V7W01012,Carraro India Limited,both nse/bse,CARRARO,544320,CARRARO
INE290S01011,Cartrade Tech Limited,both nse/bse,CARTRADE,543333,CARTRADE
INE482D01024,CARYSIL LIMITED,both nse/bse,CARYSIL,524091,CARYSIL
INE176N01039,Caspian Corporate Services Ltd,bse,,534732,CASPIAN
INE172A01027,Castrol India Limited,both nse/bse,CASTROLIND,500870,CASTROLIND
INE660B01011,Catvision Ltd,bse,,531158,CATVISION
INE778E01031,CCL International Ltd,bse,,531900,CCLINTER
INE421D01022,CCL Products (India) Limited,both nse/bse,CCL,519600,CCL
INE194N01016,CCME Global Ltd,bse,,514336,CCME
INE198N01017,CDG Petchem Ltd,bse,,534796,CDG
INE482A01020,CEAT Limited,both nse/bse,CEATLTD,500878,CEATLTD
INE358C01010,Ceejay Finance Ltd,bse,,530789,CEEJAY
INE418D01010,Ceenik Exports India Ltd,bse,,531119,CEENIK
INE760J01012,Ceeta Industries Ltd,bse,,514171,CEETAIN
INE0AG901020,Ceigall India Limited,both nse/bse,CEIGALL,544223,CEIGALL
INE016Q01014,Ceinsys Tech Limited,both nse/bse,CEINSYS,538734,CEINSYS
INE185H01016,Celebrity Fashions Limited,both nse/bse,CELEBRITY,532695,CELEBRITY
INE266H01014,Cella Space Ltd,bse,,532701,CELLA
INE0LMW01024,Cello World Limited,both nse/bse,CELLO,544012,CELLO
INE222B01028,Cemantic Infra-Tech Ltd,bse,,538596,CEMAINFRA
INE686A01026,Cemindia Projects Limited,both nse/bse,CEMPRO,509496,CEMPRO
INE627F01011,Cenlub Industries Ltd,bse,,522251,CENLUB
INE405H01018,Centenial Surgical Suture Ltd,bse,,531380,CSURGSU
INE483A01010,Central Bank of India,both nse/bse,CENTRALBK,532885,CENTRALBK
INE736A01011,Central Depository Services (India) Limited,nse,CDSL,,
INE05HV01027,Central Mine Planning & Design Institute Limited,both nse/bse,CMPDI,544739,CMPDI
INE660C01027,Centrum Capital Limited,both nse/bse,CENTRUM,501150,CENTRUM
INE320B01020,Centum Electronics Limited,both nse/bse,CENTUM,517544,CENTUM
INE396H01019,Centuple Global Ltd,bse,,531099,CENTUPLE
INE485A01015,Century Enka Limited,both nse/bse,CENTENKA,500280,CENTENKA
INE281A01026,Century Extrusions Limited,both nse/bse,CENTEXT,500083,CENTEXT
INE348B01021,Century Plyboards (India) Limited,both nse/bse,CENTURYPLY,532548,CENTURYPLY
INE739E01017,Cera Sanitaryware Limited,both nse/bse,CERA,532443,CERA
INE345B01019,Cerebra Integrated Technologies Limited,both nse/bse,CEREBRAINT,532413,CEREBRAINT
INE486A01021,CESC Limited,both nse/bse,CESC,500084,CESC
INE0NJ001013,CFF Fluid Control Ltd,bse,,543920,CFF
INE067A01029,CG Power and Industrial Solutions Limited,both nse/bse,CGPOWER,500093,CGPOWER
INE084D01010,CG Vak Software & Exports Ltd,bse,,531489,CGVAK
INE669W01018,Chadha Papers Ltd,bse,,531946,CHADPAP
INE427F01016,Chalet Hotels Limited,both nse/bse,CHALET,542399,CHALET
INE807A01010,Challani Capital Ltd,bse,,530747,CHALLANI
INE419D01026,Chaman Lal Setia Exports Limited,both nse/bse,CLSEL,530307,CLSEL
INE417N01011,Chambal Breweries & Distilleries Ltd,bse,,512301,CHMBBRW
INE085A01013,Chambal Fertilizers & Chemicals Limited,both nse/bse,CHAMBLFERT,500085,CHAMBLFERT
INE01GZ01011,Chandni Machines Ltd,bse,,542627,CHANDNIMACH
INE07QQ01016,Chandra Bhagat Pharma Ltd,bse,,542934,CBPL
INE368D01025,Chandra Prabhu International Ltd-$,bse,,530309,CHANDRAP
INE371F01024,Chandrima Mercantiles Ltd,bse,,540829,CHANDRIMA
INE953B01010,Chartered Capital & Investment Ltd,bse,,511696,CHRTEDCA
INE558F01026,Chartered Logistics Ltd,bse,,531977,CHLOGIST
INE0AH901011,Chatha Foods Ltd,bse,,544151,CHATHA
INE1B4801017,Chatterbox Technologies Ltd,bse,,544546,CHTR
INE043U01010,CHD Chemicals Ltd,bse,,539800,CHDCHEM
INE0TGX01019,Chembond Chemicals Limited,both nse/bse,CHEMBONDCH,544450,CHEMBONDCH
INE995D01025,Chembond Material Technologies Limited,both nse/bse,CHEMBOND,530871,CHEMBOND
INE03YM01018,Chemcon Speciality Chemicals Limited,both nse/bse,CHEMCON,543233,CHEMCON
INE298W01016,Chemcrux Enterprises Ltd,bse,,540395,CHEMCRUX
INE783X01023,Chemfab Alkalis Limited,both nse/bse,CHEMFAB,541269,CHEMFAB
INE829R01018,Chemiesynth (Vapi) Ltd,bse,,539230,CHEMIESYNT
INE0VWL01017,Chemkart India Ltd,bse,,544442,CHEMKART
INE488A01050,Chemplast Sanmar Limited,both nse/bse,CHEMPLASTS,543336,CHEMPLASTS
INE212P01011,Chemtech Industrial Valves Ltd,bse,,537326,CHEMTECH
INE777O01016,Chennai Ferrous Industries Ltd,bse,,539011,CHENFERRO
INE889F01017,Chennai Meenakshi Multispeciality Hospital Ltd-$,bse,,523489,CMMHOSP
INE178A01016,Chennai Petroleum Corporation Limited,both nse/bse,CHENNPETRO,500110,CHENNPETRO
INE974B01016,Cheviot Company Limited,both nse/bse,CHEVIOT,526817,CHEVIOT
INE12P101018,Chiraharit Ltd,bse,,544561,CHIRAHARIT
INE790D01020,CHL Ltd,bse,,532992,CHLLTD
INE102B01014,Choice International Limited,both nse/bse,CHOICEIN,531358,CHOICEIN
INE865B01016,Choksi Asia Ltd,bse,,530427,CHOKSI
INE493D01013,Choksi Laboratories Ltd,bse,,526546,CHOKSILA
INE149A01033,Cholamandalam Financial Holdings Limited,both nse/bse,CHOLAHLDNG,504973,CHOLAHLDNG
INE121A01024,Cholamandalam Investment and Finance Company Limited,both nse/bse,CHOLAFIN,511243,CHOLAFIN
INE975C01011,Chordia Food Products Ltd,bse,,519475,CHORDIA
INE344X01016,Chothani Foods Ltd,bse,,540681,CHOTHANI
INE490A01015,Chowgule Steamships Ltd,bse,,501833,CHOWGULSTM
INE114E01013,Chrome Silicon Ltd-$,bse,,513005,CHROME
INE052V01019,CIAN Agro Industries & Infrastructure Ltd,bse,,519477,CIANAGRO
INE05BN01027,Cian Healthcare Ltd,bse,,542678,CHCL
INE536H01010,CIE Automotive India Limited,both nse/bse,CIEINDIA,532756,CIEINDIA
INE830A01012,Cil Securities Ltd,bse,,530829,CILSEC
INE897D01015,Cindrella Financial Services Ltd,bse,,531283,CINDRELL
INE908C01012,Cindrella Hotels Ltd-$,bse,,526373,CINDHO
INE704H01022,Cineline India Limited,both nse/bse,CINELINE,532807,CINELINE
INE039B01026,Cinevista Limited,both nse/bse,CINEVISTA,532324,CINEVISTA
INE059A01026,Cipla Limited,both nse/bse,CIPLA,500087,CIPLA
INE906D01014,Citadel Realty and Developers Ltd,bse,,502445,CITADEL
INE494D01011,Citi Port Financial Services Ltd,bse,,531235,CITIPOR
INE0A8401016,Citichem India Ltd,bse,,544324,CITICHEM
INE473L01018,Citizen Solar Ltd,bse,,538786,CITIZEN
INE0M7501019,City Crops Agro Ltd,bse,,544000,CCAL
INE158C01014,City Online Services Ltd,bse,,538674,CITYONLINE
INE056001014,City Pulse Multiventures Ltd,bse,,542727,CPML
INE491A01021,City Union Bank Limited,both nse/bse,CUB,532210,CUB
INE117C01010,Cityman Ltd,bse,,521210,CITYMAN
INE557D01015,CJ Gelatine Products Ltd,bse,,507515,CJGEL
INE201M01029,CL Educate Limited,both nse/bse,CLEDUCATE,540403,CLEDUCATE
INE0JJS01014,Clara Industries Ltd,bse,,543435,CLARA
INE02BR01017,Classic Electricals Ltd,bse,,512213,CLASELE
INE949C01016,Classic Leasing & Finance Ltd,bse,,540481,CLFL
INE376C01038,CLC Industries Limited,both nse/bse,CLCIND,521082,CLCIND
INE647U01026,Clean Max Enviro Energy Solutions Limited,both nse/bse,CLEANMAX,544717,CLEANMAX
INE227W01023,Clean Science and Technology Limited,both nse/bse,CLEAN,543318,CLEAN
INE0QMR01015,Clinitech Laboratory Ltd,bse,,544220,CTLLAB
INE011B01017,Clio Infotech Ltd,bse,,530839,CLIOINFO
INE0WDX01010,CLN Energy Ltd,bse,,544347,CLN
INE00WV01027,CMR Green Technologies Limited,both nse/bse,CMRGREEN,544777,CMRGREEN
INE925R01014,CMS Info Systems Limited,both nse/bse,CMSINFO,543441,CMSINFO
INE027F01014,CMX Holdings Ltd,bse,,532217,CMXLTD
INE522F01014,Coal India Limited,both nse/bse,COALINDIA,533278,COALINDIA
INE377E01024,Coastal Corporation Limited,both nse/bse,COASTCORP,501831,COASTCORP
INE229E01019,Coastal Roadways Ltd,bse,,520131,COARO
INE788M01017,Cochin Malabar Estates & Industries Ltd,bse,,508571,COCHMAL
INE105D01013,Cochin Minerals & Rutiles Ltd-$,bse,,513353,COCHINM
INE704P01025,Cochin Shipyard Limited,both nse/bse,COCHINSHIP,540678,COCHINSHIP
INE335K01011,Coffee Day Enterprises Limited,both nse/bse,COFFEEDAY,539436,COFFEEDAY
INE591G01025,Coforge Limited,both nse/bse,COFORGE,532541,COFORGE
INE03QK01018,Cohance Lifesciences Limited,both nse/bse,COHANCE,543064,COHANCE
INE259A01022,Colgate Palmolive (India) Limited,both nse/bse,COLPAL,500830,COLPAL
INE923C01011,Colinz Laboratories Ltd,bse,,531210,COLINZ
INE621I01042,Colorchips New Media Ltd,bse,,540023,COLORCHIPS
INE456N01019,Comfort Commotrade Ltd,bse,,534691,COMCL
INE274M01026,Comfort Fincap Ltd,bse,,535267,COMFINCAP
INE819A01049,Comfort Intech Limited,both nse/bse,COMFINTE,531216,COMFINTE
INE0LKQ01012,Command Polymers Ltd,bse,,543843,COMMAND
INE073V01015,Commercial Syn Bags Limited,both nse/bse,COMSYN,539986,COMSYN
INE823B01015,Competent Automobiles Company Ltd,bse,,531041,COMPEAU
INE070C01037,Compuage Infocom Limited,both nse/bse,COMPINFO,532456,COMPINFO
INE453B01029,Compucom Software Limited,both nse/bse,COMPUSOFT,532339,COMPUSOFT
INE596I01020,Computer Age Management Services Limited,both nse/bse,CAMS,543232,CAMS
INE607B01012,Computer Point Ltd,bse,,507833,COMPUPN
INE0NXA01015,Comrade Appliances Ltd,bse,,543921,COMRADE
INE714D01020,Conart Engineers Ltd-$,bse,,522231,CONART
INE338H01029,Concord Biotech Limited,both nse/bse,CONCORDBIO,543960,CONCORDBIO
INE0N0J01014,Concord Control Systems Ltd,bse,,543619,CNCRD
INE858L01010,Concord Drugs Ltd,bse,,538965,CONCORD
INE037Z01029,Concord Enviro Systems Limited,both nse/bse,CEWATER,544315,CEWATER
INE700F01024,Confidence Futuristic Energetech Ltd,bse,,539991,CFEL
INE552D01024,Confidence Petroleum India Limited,both nse/bse,CONFIPET,526829,CONFIPET
INE187R01029,Consecutive Commodities Ltd,bse,,539091,CCDL
INE429I01024,Consolidated Construction Consortium Limited,both nse/bse,CCCL,532902,CCCL
INE025A01027,Consolidated Finvest & Holdings Limited,nse,CONSOFINVT,,
INE537B01011,Constronics Infra Ltd,bse,,523844,CONSTRONIC
INE0M8901010,Containe Technologies Ltd,bse,,543606,CONTAINE
INE111A01025,Container Corporation of India Limited,both nse/bse,CONCOR,531344,CONCOR
INE319U01022,Containerway International Ltd,bse,,540597,CONTAINER
INE080G01029,Contil India Ltd,bse,,531067,CONTILI
INE423K01015,Continental Chemicals Ltd,bse,,506935,CONTCHM
INE545B01022,Continental Controls Ltd,bse,,531460,CONTICON
INE369D01023,Continental Petroleums Ltd,bse,,523232,CONTPTR
INE183Q01020,Continental Securities Ltd,bse,,538868,CSL
INE663B01015,Control Print Limited,both nse/bse,CONTROLPR,522295,CONTROLPR
INE558D01021,Coral India Finance & Housing Limited,both nse/bse,CORALFINAC,531556,CORALFINAC
INE683E01017,Coral Laboratories Ltd,bse,,524506,CORALAB
INE715D01019,Coral Newsprints Ltd,bse,,530755,CORNE
INE792I01017,Cords Cable Industries Limited,both nse/bse,CORDSCABLE,532941,CORDSCABLE
INE495D01018,Coromandel Agro Products & Oils Ltd,bse,,507543,CORAGRO
INE312J01012,Coromandel Engineering Company Ltd,bse,,533167,COROENGG
INE169A01031,Coromandel International Limited,both nse/bse,COROMANDEL,506395,COROMANDEL
INE02ZQ01018,CORONA Remedies Limited,both nse/bse,CORONA,544644,CORONA
INE850R01014,Corporate Merchant Bankers Ltd,bse,,540199,CMBL
INE949B01018,Cosco India Ltd-$,bse,,530545,COSCO
INE0ORA01015,Cosmic CRF Ltd,bse,,543928,COSMICCRF
INE124B01018,Cosmo Ferrites Ltd-$,bse,,523100,COSMOFE
INE757A01017,COSMO FIRST LIMITED,both nse/bse,COSMOFIRST,508814,COSMOFIRST
INE0CQB01010,Cospower Engineering Ltd,bse,,543172,COSPOWER
INE029B01019,COSYN Ltd,bse,,538922,COSYN
INE652F01027,Country Club Hospitality & Holidays Limited,both nse/bse,CCHHL,526550,CCHHL
INE695B01025,Country Condo's Limited,both nse/bse,COUNCODOS,531624,COUNCODOS
INE0R8101016,Covance Softsol Ltd,bse,,544361,COVANCE
INE521J01018,CP Capital Limited,both nse/bse,CPCAP,533260,CPCAP
INF457M01133,CPSE ETF,bse,,538057,CPSEETF
INE218T01010,Craftroot Retail Ltd,bse,,526349,CRAFTROOT
INE00LO01017,Craftsman Automation Limited,both nse/bse,CRAFTSMAN,543276,CRAFTSMAN
INE176L01017,Crane Infrastructure Ltd,bse,,538770,CRANEINFRA
INE234B01023,Cranes Software International Ltd,bse,,512093,CRANESSOFT
INE608B01010,Cranex Ltd,bse,,522001,CRANEX
INE145E01017,Cravatex Ltd,bse,,509472,CRAVATEX
INE0RBX01014,Crazy Snacks Ltd,bse,,544807,CRAZY
INE146E01015,Creative Castings Ltd,bse,,539527,CREATIVE
INE230B01021,Creative Eye Limited,both nse/bse,CREATIVEYE,532392,CREATIVEYE
INE985W01018,Creative Newtech Limited,both nse/bse,CNL,544631,CNL
INE741K01010,CREDITACCESS GRAMEEN LIMITED,both nse/bse,CREDITACC,541770,CREDITACC
INE220Q01020,Credo Brands Marketing Limited,both nse/bse,MUFTI,544058,MUFTI
INE754C01010,Crescentis Capital Ltd,bse,,511571,CRESCENTIS
INE716D01033,Cressanda Railway Solutions Ltd,bse,,512379,CRSL
INE559D01011,Crest Ventures Limited,both nse/bse,CREST,511413,CREST
INE293N01016,Crestchem Ltd,bse,,526269,CRSTCHM
INE318P01016,Crimson Metal Engineering Company Ltd,bse,,526977,CRIMSON
INE007A01025,Crisil Limited,both nse/bse,CRISIL,500092,CRISIL
INE0S4R01014,Crizac Limited,both nse/bse,CRIZAC,544439,CRIZAC
INE587J01027,Croissance Ltd,bse,,531909,CROISSANCE
INE299U01018,Crompton Greaves Consumer Electricals Limited,both nse/bse,CROMPTON,539876,CROMPTON
INE293E01031,Cropster Agro Ltd,bse,,523105,CROPSTER
INE491V01019,Crown Lifters Limited,nse,CROWN,,
INE0TL001013,Cryogenic Ogs Ltd,bse,,544440,CRYOGENIC
INE994R01028,Crystal Business System Ltd,bse,,540821,CRYSTAL
INE679A01013,CSB Bank Limited,both nse/bse,CSBBANK,542867,CSBBANK
INE718F01018,CSL Finance Limited,both nse/bse,CSLFINANCE,530067,CSLFINANCE
INE0ZK601013,CSM Technologies Limited,both nse/bse,CSM,544806,CSM
INE144D01012,Cubex Tubings Limited,both nse/bse,CUBEXTUB,526027,CUBEXTUB
INE717D01023,Cubical Financial Services Ltd,bse,,511710,CUBIFIN
INE298A01020,Cummins India Limited,both nse/bse,CUMMINSIND,500480,CUMMINSIND
INE108G01010,Cupid Breweries And Distilleries Ltd,bse,,512361,CUPIDALBV
INE509F01029,Cupid Limited,both nse/bse,CUPID,530843,CUPID
INE117B01020,Cura Technologies Limited,both nse/bse,CURAA,532332,CURAA
INE0H8H01019,CWD Ltd,bse,,543378,CWD
INE183D01010,Cybele Industries Ltd,bse,,531472,CYBELEIND
INE278G01037,Cyber Media (India) Limited,both nse/bse,CYBERMEDIA,532640,CYBERMEDIA
INE214A01019,Cybertech Systems And Software Limited,both nse/bse,CYBERTECH,532173,CYBERTECH
INE055S01018,Cyient DLM Limited,both nse/bse,CYIENTDLM,543933,CYIENTDLM
INE136B01020,Cyient Limited,both nse/bse,CYIENT,532175,CYIENT
INE589D01018,D & H India Ltd-$,bse,,517514,DHINDIA
INE864X01013,D P Wires Limited,both nse/bse,DPWIRES,543962,DPWIRES
INE266Y01019,D. P. Abhushan Limited,both nse/bse,DPABHUSHAN,544161,DPABHUSHAN
INE950I01011,D.B.Corp Limited,both nse/bse,DBCORP,533151,DBCORP
INE016A01026,Dabur India Limited,both nse/bse,DABUR,500096,DABUR
INE1F9M01018,Dachepalli Publishers Ltd,bse,,544667,DACHEPALLI
INE928C01010,Dai-Ichi Karkaria Limited,both nse/bse,DAICHI,526821,DAICHI
INE789B01018,Daikaffil Chemicals India Ltd,bse,,530825,DAIKAFFI
INE422D01012,Dalal Street Investments Ltd,bse,,501148,DSINVEST
INE00R701025,Dalmia Bharat Limited,both nse/bse,DALBHARAT,542216,DALBHARAT
INE495A01022,Dalmia Bharat Sugar and Industries Limited,both nse/bse,DALMIASUG,500097,DALMIASUG
INE642P01019,Dalmia Industrial Development Ltd,bse,,539900,DIDL
INE284H01025,Dam Capital Advisors Limited,both nse/bse,DAMCAPITAL,544316,DAMCAPITAL
INE497D01022,Damodar Industries Limited,both nse/bse,DAMODARIND,521220,DAMODARIND
INE688Y01022,Dangee Dums Limited,nse,DANGEE,,
INE310B01013,Danlaw Technologies India Ltd-$,bse,,532329,DANLAW
INE575D01041,Danube Industries Ltd,bse,,540361,DANUBE
INE975Z01012,DAPS Advertising Ltd,bse,,543651,DAPS
INE830S01014,Darjeeling Industriies Ltd,bse,,539770,DARJEELING
INE671T01028,Darshan Orna Ltd,bse,,539884,DARSHANORNA
INE0IX101010,Data Patterns (India) Limited,both nse/bse,DATAPATTNS,543428,DATAPATTNS
INE365B01017,Datamatics Global Services Limited,both nse/bse,DATAMATICS,532528,DATAMATICS
INE673U01014,Datiware Maritime Infra Ltd,bse,,519413,DATIWARE
INE108C01019,Daulat Securities Ltd,bse,,530171,DAULAT
INE179G01029,Davangere Sugar Company Limited,both nse/bse,DAVANGERE,543267,DAVANGERE
INE0Q2L01013,Davin Sons Retail Ltd,bse,,544331,DAVIN
INE921B01025,DB (International) Stock Brokers Limited,both nse/bse,DBSTOCKBRO,530393,DBSTOCKBRO
INE0A1101019,Dc Infotech And Communication Limited,both nse/bse,DCI,543636,DCI
INE503A01015,DCB Bank Limited,both nse/bse,DCBBANK,532772,DCBBANK
INE498A01018,DCM  Limited,both nse/bse,DCM,502820,DCM
INE891B01012,DCM Financial Services Limited,both nse/bse,DCMFINSERV,511611,DCMFINSERV
INE08KP01019,DCM Nouvelle Limited,both nse/bse,DCMNVL,542729,DCMNVL
INE0OFM01015,DCM Shriram Fine Chemicals Limited,both nse/bse,DSFCL,544703,DSFCL
INE843D01027,DCM Shriram Industries Limited,both nse/bse,DCMSRIND,523369,DCMSRIND
INE0OU201013,DCM Shriram International Limited,both nse/bse,DCMSIL,544702,DCMSIL
INE499A01024,DCM Shriram Limited,both nse/bse,DCMSHRIRAM,523367,DCMSHRIRAM
INE500A01029,DCW Limited,both nse/bse,DCW,500117,DCW
INE0KL801015,DCX Systems Limited,both nse/bse,DCXINDIA,543650,DCXINDIA
INE0HR601026,Ddev Plastiks Industries Limited,both nse/bse,DDEVPLSTIK,543547,DDEVPLSTIK
INE244A01016,De Nora India Limited,both nse/bse,DENORA,590031,DENORA
INE583C01021,Deccan Cements Limited,both nse/bse,DECCANCE,502137,DECCANCE
INE945F01025,Deccan Gold Mines Limited,both nse/bse,DECNGOLD,512068,DECNGOLD
INE452W01019,Deccan Health Care Ltd,bse,,542248,DECCAN
INE132E01015,Deccan Polypacks Ltd,bse,,531989,DECPO
INE848N01017,Decillion Finance Ltd,bse,,539190,DFL
INE643N01012,Decipher Labs Ltd,bse,,524752,DECIPHER
INE907E01010,Deco Mica Ltd,bse,,531227,DECOMIC
INE183R01010,Decorous Investment & Trading Co Ltd,bse,,539405,DITCO
INE841L01016,DEE Development Engineers Limited,both nse/bse,DEEDEV,544198,DEEDEV
INE005G01026,Deep Health AI India Ltd,bse,,539559,DEEPAI
INE0FHS01024,Deep Industries Limited,both nse/bse,DEEPINDS,543288,DEEPINDS
INE00IY01012,Deep Polymers Ltd,bse,,541778,DEEP
INE0OPA01027,Deepak Builders & Engineers India Limited,both nse/bse,DBEIL,544276,DBEIL
INE0RDM01013,Deepak Chemtex Ltd,bse,,544036,DEEPAKCHEM
INE501A01019,Deepak Fertilizers and Petrochemicals Corporation Limited,both nse/bse,DEEPAKFERT,500645,DEEPAKFERT
INE288B01029,Deepak Nitrite Limited,both nse/bse,DEEPAKNTR,506401,DEEPAKNTR
INE272C01013,Deepak Spinners Ltd-$,bse,,514030,DEEPAKSP
INE0ZE201010,Defrail Technologies Ltd,bse,,544677,DEFRAIL
INE148O01028,Delhivery Limited,both nse/bse,DELHIVERY,543529,DELHIVERY
INE726L01027,DELPHI WORLD MONEY LIMITED,both nse/bse,DELPHIFX,533452,DELPHIFX
INE124G01033,Delta Corp Limited,both nse/bse,DELTACORP,532848,DELTACORP
INE681Q01015,Delta Industrial Resources Ltd,bse,,539596,DELTA
INE393A01011,Delta Manufacturing Limited,both nse/bse,DELTAMAGNT,504286,DELTAMAGNT
INE872E01016,Delton Cables Ltd,bse,,504240,DLTNCBL
INE947J01015,Den Networks Limited,both nse/bse,DEN,533137,DEN
INE051G01012,Denis Chem Lab Ltd,bse,,537536,DENISCHEM
INE0R4L01018,Denta Water and Infra Solutions Limited,both nse/bse,DENTA,544345,DENTA
INE0TGG01014,Desco Infratech Ltd,bse,,544387,DESCO
INE971E01016,Desh Rakshak Aushdhalaya Ltd,bse,,531521,DESHRAK
INE0VOV01021,Dev Accelerator Limited,both nse/bse,DEVX,544513,DEVX
INE060X01034,Dev Information Technology Limited,both nse/bse,DEVIT,543462,DEVIT
INE0NIJ01025,Dev Labtech Venture Ltd,bse,,543848,DEVLAB
INE455C01014,Devine Impex Ltd,bse,,531585,DEVINE
INE07LH01016,Devinsu Trading Ltd,bse,,512445,DEVITRD
INE2KRP01017,Devson Catalyst Ltd,bse,,544823,DEVSON
INE872J01023,Devyani International Limited,both nse/bse,DEVYANI,543330,DEVYANI
INE260R01016,Dhabriya Polywood Ltd,bse,,538715,DHABRIYA
INE0I3401014,Dhampur Bio Organics Limited,both nse/bse,DBOL,543593,DBOL
INE041A01016,Dhampur Sugar Mills Limited,both nse/bse,DHAMPURSUG,500119,DHAMPURSUG
INE956B01013,Dhampure Specialty Sugars Ltd,bse,,531923,DHAMPURE
INE220C01012,Dhanalaxmi Roto Spinners Ltd,bse,,521216,DHANROTO
INE413F01016,Dhanashree Electronics Ltd,bse,,542679,DEL
INE680A01011,Dhanlaxmi Bank Limited,both nse/bse,DHANBANK,532180,DHANBANK
INE680A20011,Dhanlaxmi Bank Ltd,bse,,750942,DHAN-RE
INE977F01010,Dhanlaxmi Cotex Ltd,bse,,512485,DHANCOT
INE953D01016,Dhanlaxmi Fabrics Ltd,bse,,521151,DHANFAB
INE195E01020,Dhansafal Finserve Ltd,bse,,512048,DHANSAFAL
INE435G01025,Dhanuka Agritech Limited,both nse/bse,DHANUKA,507717,DHANUKA
INE239F01015,Dhanvantri Jeevan Rekha Ltd,bse,,531043,ZDHJERK
INE278R01034,DHARAN INFRA-EPC LIMITED,both nse/bse,DHARAN,541161,DHARAN
INE899D01011,Dharani Finance Ltd,bse,,511451,DHARFIN
INE00OQ01016,Dharmaj Crop Guard Limited,both nse/bse,DHARMAJ,543687,DHARMAJ
INE0M9Q01011,Dharni Capital Services Ltd,bse,,543753,DHARNI
INE715T01031,Dhatre Udyog Ltd,bse,,540080,DHATRE
INE1HX301016,Dhaval Packaging Ltd,bse,,544854,DHAVAL
INE758D01027,Dhenu Buildcon Infra Ltd,bse,,501945,DHENUBUILD
INE0SPJ01011,Dhillon Freight Carrier Ltd,bse,,544556,DHILLON
INE313G01016,Dhoot Industrial Finance Ltd,bse,,526971,DHOOTIN
INE590D01016,DHP India Ltd,bse,,531306,DHPIND
INE506Z01015,Dhruv Consultancy Services Limited,both nse/bse,DHRUV,541302,DHRUV
INE972E01014,Dhruva Capital Services Ltd,bse,,531237,DHRUVCA
INE320L01011,Dhunseri Investments Limited,both nse/bse,DHUNINV,533336,DHUNINV
INE341R01014,Dhunseri Tea & Industries Limited,both nse/bse,DTIL,538902,DTIL
INE477B01010,Dhunseri Ventures Limited,both nse/bse,DVL,523736,DVL
INE0K5F01014,Dhyaani Tradeventtures Ltd,bse,,543516,DHYAANITR
INE591D01014,Diamines & Chemicals Limited,both nse/bse,DIAMINESQ,500120,DIAMINESQ
INE989C01038,Diamond Power Infrastructure Limited,both nse/bse,DIACABS,522163,DIACABS
INE012E01035,Diana Tea Company Ltd,bse,,530959,DIANATEA
INE303A01010,DIC India Limited,both nse/bse,DICIND,500089,DICIND
INE184O01015,Diffusion Engineers Limited,both nse/bse,DIFFNKG,544264,DIFFNKG
INE158R01012,Diggi Multitrade Ltd,bse,,540811,DML
INE03JI01017,Digicontent Limited,both nse/bse,DGCONTENT,542685,DGCONTENT
INE0PSC01024,Digidrive Distributors Limited,both nse/bse,DIGIDRIVE,544079,DIGIDRIVE
INE1OOT01028,Digilogic Systems Ltd,bse,,544684,DIGILOGIC
INE927C01020,DiGiSPICE Technologies Limited,both nse/bse,DIGISPICE,517214,DIGISPICE
INE0U4701011,Digitide Solutions Limited,both nse/bse,DIGITIDE,544413,DIGITIDE
INE731U01028,Digjam Limited,both nse/bse,DIGJAMLMTD,539979,DIGJAMLMTD
INE942P01013,Diksat Transworld Ltd,bse,,540151,DIKSAT
INE01GR01018,Diksha Greens Ltd,bse,,542155,DGL
INE1OSI01014,Diksha Polymers Ltd,bse,,544798,DIKSHA
INE650C01036,Diligent Industries Ltd,bse,,531153,DILIGENT
INE016M01021,Diligent Media Corporation Limited,both nse/bse,DNAMEDIA,540789,DNAMEDIA
INE917M01012,Dilip Buildcon Limited,both nse/bse,DBL,540047,DBL
INE0S6R01027,Dindigul Farm Product Ltd,bse,,544201,DFPL
INE0MC401013,Dipna Pharmachem Ltd,bse,,543594,DPL
INE131C01011,Disa India Limited,both nse/bse,DISAQ,500068,DISAQ
INE836F01026,Dish TV India Limited,both nse/bse,DISHTV,532839,DISHTV
INE193D01019,Disha Resources Ltd,bse,,531553,DRL
INE385W01011,Dishman Carbogen Amcis Limited,both nse/bse,DCAL,540701,DCAL
INE753U01022,Divgi Torqtransfer Systems Limited,both nse/bse,DIVGIITTS,543812,DIVGIITTS
INE361B01024,Divi's Laboratories Limited,both nse/bse,DIVISLAB,532488,DIVISLAB
INE410G01010,Divyashakti Ltd,bse,,526315,DIVSHKT
INE935N01020,Dixon Technologies (India) Limited,both nse/bse,DIXON,540699,DIXON
INE0B1K01014,DJ Mediaprint & Logistics Limited,both nse/bse,DJML,543193,DJML
INE234E01027,DJS Stock & Shares Ltd,bse,,511636,DJSSS
INE271C01023,DLF Limited,both nse/bse,DLF,532868,DLF
INE250K01012,D-Link (India) Limited,both nse/bse,DLINKINDIA,533146,DLINKINDIA
INE505A01010,DMCC SPECIALITY CHEMICALS LIMITED,both nse/bse,DMCC,506405,DMCC
INE07L501010,DMR Engineering Ltd,bse,,543410,DMR
INE021O01019,Dodla Dairy Limited,both nse/bse,DODLA,543306,DODLA
INE966A01022,Dolat Algotech Limited,both nse/bse,DOLATALGO,505526,DOLATALGO
INE666Y01010,Dolfin Rubbers Ltd,bse,,542013,DOLFIN
INE325C01035,Dollar Industries Limited,both nse/bse,DOLLAR,541403,DOLLAR
INE0QXT01018,Dolphin Kitchen Utensils and Appliances Ltd,bse,,544170,DKUAL
INE920A01037,Dolphin Offshore Enterprises (India) Limited,both nse/bse,DOLPHIN,522261,DOLPHIN
INE321T01012,DOMS Industries Limited,both nse/bse,DOMS,544045,DOMS
INE668D01028,Donear Industries Limited,both nse/bse,DONEAR,512519,DONEAR
INE360C01024,DPSC Limited,nse,DPSCLTD,,
INE934C01018,Dr Agarwals Eye Hospital Limited,both nse/bse,DRAGARWQ,526783,DRAGARWQ
INE871Z01013,Dr Lalchandani Labs Ltd,bse,,541299,DLCL
INE943P01029,Dr. Agarwal's Health Care Limited,both nse/bse,AGARWALEYE,544350,AGARWALEYE
INE600L01024,Dr. Lal Path Labs Ltd.,both nse/bse,LALPATHLAB,539524,LALPATHLAB
INE089A01031,Dr. Reddy's Laboratories Limited,both nse/bse,DRREDDY,500124,DRREDDY
INE746V01016,DRA Consultants Ltd,bse,,540144,DRA
INE03RS01027,DRC Systems India Limited,both nse/bse,DRCSYSTEMS,543268,DRCSYSTEMS
INE0JS101016,Dreamfolks Services Limited,both nse/bse,DREAMFOLKS,543591,DREAMFOLKS
INE506A01018,Dredging Corporation of India Limited,both nse/bse,DREDGECORP,523618,DREDGECORP
INE0MQD01015,Droneacharya Aerial Innovations Ltd,bse,,543713,DRONACHRYA
INE891A01022,DS Kulkarni Developers Limited,both nse/bse,DSKULKARNI,523890,DSKULKARNI
INE055C01020,DSJ Keep Learning Limited,both nse/bse,KEEPLEARN,526677,KEEPLEARN
INE0SUM01015,DSM Fresh Foods Ltd,bse,,544568,ZAPPFRESH
INF740KA1ZH9,DSP BSE MidSmall Private Banks ETF,bse,,544857,MIDBANKADD
INF740KA1SZ6,DSP BSE Sensex ETF,bse,,543947,SENSEXADD
INF740KA1VE5,DSP BSE Sensex Next 30 ETF,bse,,544352,NEXT30ADD
INF740KA1YH2,DSP BSE Top 10 Banks ETF,bse,,544725,BANK10ADD
INF740KA1QK2,DSP Nifty 50 Equal Weight ETF,bse,,543388,EQUAL50ADD
INF740KA1CL0,DSP Nifty 50 ETF,bse,,543440,NIFTYADD
INF740KA1RX3,DSP Nifty Bank ETF,bse,,543738,BANKADD
INF740KA1ZA4,DSP Nifty FMCG ETF,bse,,544760,FMCGADD
INF740KA1ZG1,DSP Nifty Healthcare ETF,bse,,544109,HEALTHADD
INF740KA1SX1,DSP Nifty IT ETF,bse,,543935,ITADD
INF740KA1WW5,DSP Nifty Midcap 150 ETF,bse,,544655,MIDCAPADD
INF740KA1ZF3,DSP Nifty Midcap 150 Quality 50 ETF,bse,,543438,MIDQ50ADD
INF740KA1XU7,DSP Nifty Next 50 ETF,bse,,544674,NEXT50ADD
INF740KA1TA7,DSP Nifty Private Bank ETF,bse,,543949,PVTBANKADD
INF740KA1SY9,DSP Nifty PSU Bank ETF,bse,,543948,PSUBANKADD
INF740KA1WX3,DSP Nifty Smallcap 250 ETF,bse,,544654,SMALLADD
INF740KA1UR9,DSP Nifty Top 10 Equal Weight ETF,bse,,544247,TOP10ADD
INF740KA1WU9,DSP Nifty500 Flexicap Quality 30 ETF,bse,,544581,FLEXIADD
INE741L01018,Ducon Infratechnologies Limited,both nse/bse,DUCON,534674,DUCON
INE397G01019,Duke Offshore Ltd,bse,,531471,DUKEOFS
INE340F01011,Duncan Engineering Ltd-$,bse,,504908,DUNCANENG
INE138B01018,Duro Pack Ltd,bse,,526355,DUROPACK
INE932D01010,Duroply Industries Ltd,bse,,516003,DUROPLY
INE940C01015,Dutron Polymers Ltd-$,bse,,517437,DUTRON
INE366A01041,Dwarikesh Sugar Industries Limited,both nse/bse,DWARKESH,532610,DWARKESH
INE417B01040,Dynacons Systems & Solutions Limited,both nse/bse,DSSL,532365,DSSL
INE221B01012,Dynamatic Technologies Limited,both nse/bse,DYNAMATECH,505242,DYNAMATECH
INE874E01012,Dynamic Archistructures Ltd,bse,,539681,DAL
INE600Y01019,Dynamic Cables Limited,both nse/bse,DYCL,540795,DYCL
INE457C01010,Dynamic Industries Ltd-$,bse,,524818,DYNAMIND
INE118C01018,Dynamic Portfolio Management & Services Ltd,bse,,530779,DYNAMICP
INE083E01010,Dynavision Ltd,bse,,517238,DYNAVSN
INE256H01015,Dynemic Products Limited,both nse/bse,DYNPRO,532707,DYNPRO
INE094R01019,E & E Enterprises Ltd,bse,,501386,EENTER
INE255Z01027,E2E Networks Limited,both nse/bse,E2E,544783,E2E
INE1A8F01035,Earkart Ltd,bse,,544549,EARKART
INE0O4V01010,Earthstahl & Alloys Ltd,bse,,543765,EARTH
INE706N01017,East Buildtech Ltd,bse,,507917,EASTBUILD
INE191C01023,East India Drums and Barrels Manufacturing Ltd,bse,,523874,EASTINDIA
INE595R01023,East West Freight Carriers Ltd,bse,,540006,EASTWEST
INE315F01013,Eastcoast Steel Ltd,bse,,520081,ECSTSTL
INE962C01035,Eastern Silk Industries Limited,both nse/bse,EASTSILK,590022,EASTSILK
INE500D01015,Eastern Treads Ltd,bse,,531346,EASTRED
INE771C01014,Easun Capital Markets Ltd,bse,,542906,EASUN
INE407F01018,Easy Fincorp Ltd,bse,,511074,EASYFIN
INE07O001026,Easy Trip Planners Limited,both nse/bse,EASEMYTRIP,543272,EASEMYTRIP
INE432F01032,EBIX Ltd,bse,,531035,EBIX
INE738I01010,eClerx Services Limited,both nse/bse,ECLERX,532927,ECLERX
INE638N01012,Eco Hotels And Resorts Ltd,bse,,514402,ECOHOTELS
INE316A01038,Eco Recycling Ltd,bse,,530643,ECORECO
INE866A01016,Ecoboard Industries Ltd,bse,,523732,ECOBOAR
INE360S01012,Ecofinity Atomix Ltd,bse,,539455,ECOFINITY
INE937K01014,Econo Trade (India) Ltd,bse,,538708,ETIL
INE423D01010,Ecoplast Ltd-$,bse,,526703,ECOPLAST
INE06HJ01020,Ecos (India) Mobility & Hospitality Limited,both nse/bse,ECOSMOBLTY,544239,ECOSMOBLTY
INF754K01TX4,Edelweiss BSE Capital Markets & Insurance ETF,bse,,544326,ECAPINSURE
INF754K01XI7,Edelweiss BSE LargeMid (60:40) Stable Dividend 50 ETF,bse,,544846,ELMDIV
INF754K01VY8,Edelweiss BSE Sensex ETF,bse,,544618,ESENSEX
INF754K01XH9,Edelweiss BSE Top 10 Bank ETF,bse,,544849,EBANK10
INE532F01054,Edelweiss Financial Services Limited,both nse/bse,EDELWEISS,532922,EDELWEISS
INF754K01XF3,Edelweiss Nifty Next 50 ETF,bse,,544761,ENEXT50
INE125G01014,Edvenswa Enterprises Ltd,bse,,517170,EDVENSWA
INE886D01026,EFC (I) Limited,both nse/bse,EFCIL,512008,EFCIL
INE355H01015,Eforu Entertainment Ltd,bse,,531190,EFORU
INE066A01021,Eicher Motors Limited,both nse/bse,EICHERMOT,505200,EICHERMOT
INE126A01031,EID Parry India Limited,both nse/bse,EIDPARRY,500125,EIDPARRY
INE0KSN01014,Eighty Jewellers Ltd,bse,,543518,EIGHTY
INE276C01014,EIH Associated Hotels Limited,both nse/bse,EIHAHOTELS,523127,EIHAHOTELS
INE230A01023,EIH Limited,both nse/bse,EIHOTEL,500840,EIHOTEL
INE666Q01016,Eiko Lifesciences Ltd,bse,,540204,EIKO
INE158B01016,Eimco Elecon (India) Limited,both nse/bse,EIMCOELECO,523708,EIMCOELECO
INE906L01025,Ekam Leasing & Finance Company Ltd,bse,,530581,EKAMLEA
INE005E01013,Ekansh Concepts Ltd,bse,,531364,EKANSH
INE0KCM01010,Ekennis Software Service Ltd,bse,,543475,EKENNIS
INE0CPR01018,EKI Energy Services Ltd,bse,,543284,EKI
INE927X01018,EL CID Investments Limited,both nse/bse,ELCIDIN,503681,ELCIDIN
INE158F01017,El Forge Ltd-$,bse,,531144,ELFORGE
INE311H01018,E-Land Apparel Ltd,bse,,532820,ELAND
INE594D01018,Elango Industries Ltd,bse,,513452,ELANGO
INE280B01018,Elantas Beck India Limited,both nse/bse,ELANTAS,500123,ELANTAS
INE668G01021,Eldeco Housing And Industries Limited,both nse/bse,ELDEHSG,523329,ELDEHSG
INE205B01031,Elecon Engineering Company Limited,both nse/bse,ELECON,505700,ELECON
INE02YR01019,Electronics Mart India Limited,both nse/bse,EMIL,543626,EMIL
INE086A01029,Electrosteel Castings Limited,both nse/bse,ELECTCAST,500128,ELECTCAST
INE822G01016,Electrotherm (India) Limited,both nse/bse,ELECTHERM,526608,ELECTHERM
INE152E01013,Elegant Floriculture & Agrotech India Ltd,bse,,526473,ELEFLOR
INE095B01010,Elegant Marbles & Grani Industries Ltd,bse,,526705,ELEMARB
INE1FEW01013,Elfin Agro India Ltd,bse,,544724,ELFIN
INE285A01027,Elgi Equipments Limited,both nse/bse,ELGIEQUIP,522074,ELGIEQUIP
INE819L01012,Elgi Rubber Company Limited,nse,ELGIRUBCO,,
INE050401020,Elin Electronics Limited,both nse/bse,ELIN,543725,ELIN
INE669R01026,Elitecon International Limited,both nse/bse,ELITECON,539533,ELITECON
INE785D01012,Elixir Capital Ltd,bse,,531278,ELIXIR
INE236E01022,Ellenbarrie Industrial Gases Limited,both nse/bse,ELLEN,544421,ELLEN
INE033C01019,Elnet Technologies Ltd-$,bse,,517477,ELNET
INE579B01039,Elpro International Limited,both nse/bse,ELPROINTL,504000,ELPROINTL
INE279D01016,EMA India Ltd,bse,,522027,EMAINDIA
INE548C01032,Emami Limited,both nse/bse,EMAMILTD,531162,EMAMILTD
INE830C01026,Emami Paper Mills Limited,both nse/bse,EMAMIPAP,533208,EMAMIPAP
INE778K01012,Emami Realty Limited,both nse/bse,EMAMIREAL,533218,EMAMIREAL
INE069I01010,Embassy Developments Limited,both nse/bse,EMBDL,532832,EMBDL
INE168P01015,Emcure Pharmaceuticals Limited,both nse/bse,EMCURE,544210,EMCURE
INE030Q01015,Emerald Finance Ltd,bse,,538882,EMERALD
INE044N01021,Emerald Leisures Ltd,bse,,507265,EMERALL
INE668L01013,Emergent Industrial Solutions Ltd,bse,,506180,EMERGENT
INE1OSW01015,Emiac Technologies Ltd,bse,,544747,EMIAC
INE296H01011,Emkay Global Financial Services Limited,both nse/bse,EMKAY,532737,EMKAY
INE753K01015,Emmbi Industries Limited,both nse/bse,EMMBI,533161,EMMBI
INE634B01016,Emmessar Biotech & Nutrition Ltd,bse,,524768,EMMESSA
INE0SDC01012,Emmforce Autotech Ltd,bse,,544166,EMMFORCE
INE1C6T01020,Emmvee Photovoltaic Power Limited,both nse/bse,EMMVEE,544608,EMMVEE
INE515H01014,Empire Industries Ltd,bse,,509525,EMPIND
INE507F01023,Empower India Limited,both nse/bse,EMPOWER,504351,EMPOWER
INE554H01021,Emrock Corporation Ltd,bse,,531676,EMROCK
INE0OV601013,EMS Limited,both nse/bse,EMSLIMITED,543983,EMSLIMITED
INE01QM01018,eMudhra Limited,both nse/bse,EMUDHRA,543533,EMUDHRA
INE993I01029,Enbee Trade & Finance Ltd,bse,,512441,ENBETRD
INE900O01014,Encode Packaging India Ltd,bse,,530733,ENCODE
INE913H01037,Endurance Technologies Limited,both nse/bse,ENDURANCE,540153,ENDURANCE
INE306C01019,Energy Development Company Limited,both nse/bse,ENERGYDEV,532219,ENERGYDEV
INE510A01028,Engineers India Limited,both nse/bse,ENGINERSIN,532178,ENGINERSIN
INE130L01014,Enkei Wheels (India) Ltd,bse,,533477,ENKEIWHEL
INE010601016,Entero Healthcare Solutions Limited,both nse/bse,ENTERO,544122,ENTERO
INE439G01019,Enterprise International Ltd,bse,,526574,ENTRINT
INE265F01028,Entertainment Network (India) Limited,both nse/bse,ENIL,532700,ENIL
INE601C01013,Envair Electrodyne Ltd,bse,,500246,ENVAIREL
INE0LLY01014,Enviro Infra Engineers Limited,both nse/bse,EIEL,544290,EIEL
INE0D2I01014,EP Biocomposites Ltd,bse,,543595,EPBIO
INE0G5901015,EPACK Durable Limited,both nse/bse,EPACK,544095,EPACK
INE0MLS01022,EPack Prefab Technologies Limited,both nse/bse,EPACKPEB,544540,EPACKPEB
INE932F01015,EPIC Energy Ltd-$,bse,,530407,EPIC
INE071N01016,Epigral Limited,both nse/bse,EPIGRAL,543332,EPIGRAL
INE255A01020,EPL Limited,both nse/bse,EPL,500135,EPL
INE601F01016,Epsom Properties Ltd,bse,,531155,EPSOMPRO
INE807D01030,Epuja Spiritech Ltd,bse,,532092,EPUJA
INE060N01019,Equilateral Enterprises Ltd,bse,,531262,EQUILATERA
INE217G01035,Equippp Social Impact Technologies Limited,both nse/bse,EQUIPPP,590057,EQUIPPP
INE063P01018,Equitas Small Finance Bank Limited,both nse/bse,EQUITASBNK,543243,EQUITASBNK
INE406M01024,Eris Lifesciences Limited,both nse/bse,ERIS,540596,ERIS
INE308B01017,ERP Soft Systems Ltd,bse,,530909,ERPSOFT
INE404L01039,Esaar India Ltd,bse,,531502,ESARIND
INE284A01012,Esab India Limited,both nse/bse,ESABINDIA,500133,ESABINDIA
INE818W01011,ESAF Small Finance Bank Limited,both nse/bse,ESAFSFB,544020,ESAFSFB
INE953W01016,Escorp Asset Management Ltd,bse,,540455,ESCORP
INE042A01014,Escorts Kubota Limited,both nse/bse,ESCORTS,500495,ESCORTS
INE328F01016,Esha Media Research Ltd,bse,,531259,ESHAMEDIA
INE176O01011,Espire Hospitality Limited,bse,,532016,ESPIRE
INE0HMN01013,Esquire Money Guarantees Ltd,bse,,512439,ESQRMON
INE122M01019,Essar Shipping Limited,both nse/bse,ESSARSHPNG,533704,ESSARSHPNG
INE1IBY01019,Essex Marine Ltd,bse,,544475,ESSEX
INE778B01029,Ester Industries Limited,both nse/bse,ESTER,500136,ESTER
INE758T01015,ETERNAL LIMITED,both nse/bse,ETERNAL,543320,ETERNAL
INE04TZ01018,Ethos Limited,both nse/bse,ETHOSLTD,543532,ETHOSLTD
INE0PYT01018,Euphoria Infotech (India) Ltd,bse,,544094,EUPHORIAIT
INE0KCE01017,Eureka Forbes Limited,both nse/bse,EUREKAFORB,543482,EUREKAFORB
INE958A01011,Eureka Industries Ltd,bse,,521137,EUREKAI
INE546V01010,Euro India Fresh Foods Limited,nse,EIFFL,,
INE940E01011,Euro Leder Fashion Ltd,bse,,526468,EUROLED
INE505V01016,Euro Panel Products Limited,both nse/bse,EUROBOND,544461,EUROBOND
INE198501012,Euro Pratik Sales Limited,both nse/bse,EUROPRATIK,544519,EUROPRATIK
INE022C01012,Eurotex Industries and Exports Limited,both nse/bse,EUROTEXIND,521014,EUROTEXIND
INE06TD01010,Evans Electric Ltd,bse,,542668,EVANS
INE128A01029,Eveready Industries India Limited,both nse/bse,EVEREADY,531508,EVEREADY
INE295A01018,Everest Industries Limited,both nse/bse,EVERESTIND,508906,EVERESTIND
INE184H01027,Everest Kanto Cylinder Limited,both nse/bse,EKC,532684,EKC
INE334C01029,Everest Organics Ltd,bse,,524790,EVERESTO
INE339D01034,Everlon Financials Ltd,bse,,514358,EVERFIN
INE313M01030,Evexia Lifecare Ltd,bse,,524444,EVEXIA
INE0JVD01011,Evoq Remedies Ltd,bse,,543500,EVOQ
INE1E4401010,Exato Technologies Ltd,bse,,544626,EXATO
INE369A01029,Excel Industries Limited,both nse/bse,EXCELINDUS,500650,EXCELINDUS
INE606N01019,Excelsoft Technologies Limited,both nse/bse,EXCELSOFT,544617,EXCELSOFT
INE0O8901016,Exhicon Events Media Solutions Ltd,bse,,543895,EXHICON
INE777F01014,Exicom Tele-Systems Limited,both nse/bse,EXICOM,544133,EXICOM
INE302A01020,Exide Industries Limited,both nse/bse,EXIDEIND,500086,EXIDEIND
INE201K01015,Expleo Solutions Limited,both nse/bse,EXPLEOSOL,533121,EXPLEOSOL
INE335G01019,Explicit Finance Ltd,bse,,530571,EXPLICITFIN
INE561D01025,Expo Engineering And Projects Ltd,bse,,526614,EXPOEAPL
INE0GFE01026,Exxaro Tiles Limited,both nse/bse,EXXARO,543327,EXXARO
INE750G01019,Eyantra Ventures Ltd,bse,,512099,EY
INE108T01021,F Mec International Financial Services Ltd,bse,,539552,FMEC
INE0Q9W01015,Faalcon Concepts Ltd,bse,,544164,FAALCON
INE0DRT01018,Fabino Enterprises Ltd,bse,,543444,FABINO
INE0HSD01011,Fabtech Technologies Cleanrooms Ltd,bse,,544332,FABCLEAN
INE0HF201011,Fabtech Technologies Limited,both nse/bse,FABTECH,544558,FABTECH
INE828G01013,Facor Alloys Ltd,bse,,532656,FACORALL
INE0DNW01011,Fairchem Organics Limited,both nse/bse,FAIRCHEMOR,543252,FAIRCHEMOR
INE146N01016,Family Care Hospitals Ltd,bse,,516110,FAMILYCARE
INE963C01033,Faze Three Limited,both nse/bse,FAZE3Q,530079,FAZE3Q
INE512B01022,FCS Software Solutions Limited,both nse/bse,FCSSOFT,532666,FCSSOFT
INE258B01022,FDC Limited,both nse/bse,FDC,531599,FDC
INE007N01010,Fedbank Financial Services Limited,both nse/bse,FEDFINA,544027,FEDFINA
INE417D01020,Fedders Holding Limited,both nse/bse,FEDDERSHOL,511628,FEDDERSHOL
INE529A01010,Federal-Mogul Goetze (India) Limited.,both nse/bse,FMGOETZE,505744,FMGOETZE
INE225B01021,Fermenta Biotech Limited,both nse/bse,FERMENTA,506414,FERMENTA
INE188A01015,Fertilizers and Chemicals Travancore Limited,both nse/bse,FACT,590024,FACT
INE258M01011,Fervent Synergies Ltd,bse,,533896,FERVENTSYN
INE512A01016,FGP Ltd,bse,,500142,FGP
INE296C01020,Fiberweb (India) Limited,both nse/bse,FIBERWEB,507910,FIBERWEB
INE737H01014,Fiem Industries Limited,both nse/bse,FIEMIND,532768,FIEMIND
INE185E01021,Filatex Fashions Limited,both nse/bse,FILATFASH,532022,FILATFASH
INE816B01035,Filatex India Limited,both nse/bse,FILATEX,526227,FILATEX
INE600B01033,Filmcity Media Ltd,bse,,531486,FILME
INE541R01019,Filtra Consultants and Engineers Ltd,bse,,539098,FILTRA
INE589N01017,Filtron Engineers Ltd,bse,,531191,FILTRON
INE087E01011,Fine Line Circuits Ltd,bse,,517264,FINELINE
INE686Y01026,Fine Organic Industries Limited,both nse/bse,FINEORG,541557,FINEORG
INE0QOQ01013,Finelistings Technologies Ltd,bse,,544173,FTL
INE045J01034,Fineotex Chemical Limited,both nse/bse,FCL,533333,FCL
INE734I01027,Finkurve Financial Services Limited,both nse/bse,FINKURVE,508954,FINKURVE
INE02NC01014,Fino Payments Bank Limited,both nse/bse,FINOPB,543386,FINOPB
INE235A01022,Finolex Cables Limited,both nse/bse,FINCABLES,500144,FINCABLES
INE183A01024,Finolex Industries Limited,both nse/bse,FINPIPE,500940,FINPIPE
INE609B01018,First Custodian Fund India Ltd,bse,,511122,1STCUS
INE683B01047,First Fintec Ltd,bse,,532379,FIRSTFIN
INE684F01012,Firstsource Solutions Limited,both nse/bse,FSL,532809,FSL
INE771F01041,Fischer Medical Ventures Limited,both nse/bse,FISCHER,524743,FISCHER
INE128S01021,Five-Star Business Finance Limited,both nse/bse,FIVESTAR,543663,FIVESTAR
INE00Y201027,Flair Writing Industries Limited,both nse/bse,FLAIR,544030,FLAIR
INE954B01018,Flex Foods Ltd-$,bse,,523672,FLEXFO
INE060J01017,Flexituff Ventures International Limited,both nse/bse,FLEXITUFF,533638,FLEXITUFF
INE952M01019,Flomic Global Logistics Ltd,bse,,504380,FLOMIC
INE318U01016,Flora Corporation Ltd,bse,,540267,FLORACORP
INE459C01016,Fluidomat Ltd,bse,,522017,FLUIDOM
INE0DXR01010,Focus Business Solution Ltd,bse,,543312,FOCUS
INE593W01028,Focus Lighting and Fixtures Limited,nse,FOCUS,,
INE0L3H01014,Fone4 Communications (India) Ltd,bse,,543521,FONE4
INE976E01023,Foods & Inns Limited,both nse/bse,FOODSIN,507552,FOODSIN
INE518A01013,Forbes & Company Ltd-$,bse,,502865,FORBESCO
INE0TT901016,Forbes Precision Tools and Machine Parts Ltd,bse,,544186,TOTEM
INE451A01017,FORCE MOTORS LTD,both nse/bse,FORCEMOT,500033,FORCEMOT
INE061F01013,Fortis Healthcare Limited,both nse/bse,FORTIS,532843,FORTIS
INE842B01015,Fortis Malar Hospitals Ltd,bse,,523696,FORTISMLR
INE501D01013,Fortune International Ltd,bse,,530213,FORINTL
INE599F01020,Foseco Crucible (India) Ltd,bse,,523160,FOSECOC
INE519A01011,Foseco India Limited,both nse/bse,FOSECOIND,500150,FOSECOIND
INE617C01027,Foundry Fuel Products Ltd,bse,,513579,FFPL
INE739B01039,Fourth Generation Information Systems Ltd,bse,,532403,4THGEN
INE212S01015,Fractal Analytics Limited,both nse/bse,FRACTAL,544700,FRACTAL
INE1W3Q01011,Fractal Industries Ltd,bse,,544707,FIL
INE789R01022,Franklin Industries Ltd,bse,,540190,FRANKLININD
INE399S01010,Franklin Leasing and Finance Ltd,bse,,539839,FRANKLIN
INE184Q01010,Fraser and Company Ltd,bse,,539032,FRASER
INE401Z01019,Fratelli Vineyards Ltd,bse,,541741,FRATELLI
INE194R01017,Fredun Pharmaceuticals Ltd,bse,,539730,FREDUN
INE977E01013,Frontier Capital Ltd,bse,,508980,FRONTCAP
INE572D01014,Frontier Springs Limited,both nse/bse,FRONTSP,522195,FRONTSP
INE092D01013,Frontline Corporation Ltd,bse,,532042,FRONTCORP
INE776R01011,Frontline Financial Services Ltd,bse,,531685,FRONTFN
INE836C01015,Fruition Venture Ltd,bse,,538568,FRUTION
INE388Y01029,FSN E-Commerce Ventures Limited,both nse/bse,NYKAA,543384,NYKAA
INE12UR01024,Fujiyama Power Systems Limited,both nse/bse,UTLSOLAR,544613,UTLSOLAR
INE365H01014,Fundviser Capital (India) Ltd,bse,,530197,FUNDVISER
INE139R01012,Fusion Finance Limited,both nse/bse,FUSION,543652,FUSION
INE1LMA01010,Fusion Klassroom Edutech Ltd,bse,,544856,KLASSROOM
INE623B01027,Future Enterprises Limited,both nse/bse,FEL,523574,FEL
IN9623B01058,Future Enterprises Limited,both nse/bse,FELDVR,570002,FELDVR
INE452O01016,Future Lifestyle Fashions Limited,both nse/bse,FLFL,536507,FLFL
INE360L01017,Future Market Networks Limited,both nse/bse,FMNL,533296,FMNL
INE425D01015,Futuristic Securities Ltd,bse,,523113,FUTURSEC
INE241F01011,Futuristic Solutions Ltd,bse,,534063,FUTSOL
INE455H01021,Fynx Capital Ltd,bse,,507962,FYNX
INE0E2801015,G M Polyplast Ltd,bse,,543239,GMPL
INE201P01022,G R Infraprojects Limited,both nse/bse,GRINFRA,543317,GRINFRA
INE631D01026,G. G. Dandekar Properties Ltd,bse,,505250,GGDPROP
INE05QJ01015,G. K. P. Printing & Packaging Ltd,bse,,542666,GKP
INE1H1501013,Gabion Technologies India Ltd,bse,,544675,GTIL
INE524A01029,Gabriel India Limited,both nse/bse,GABRIEL,505714,GABRIEL
INE0QZF01012,Gabriel Pet Straps Ltd,bse,,544108,GPSL
INE224E01028,GACM Technologies Limited,both nse/bse,GATECH,531723,GATECH
INE224E01036,GACM Technologies Limited,both nse/bse,GATECHDVR,570005,GATECHDVR
INE837X01027,Gaekwar Mills Ltd,bse,,502850,ZGAEKWAR
INE076D01016,Gagan Gases Ltd,bse,,524624,GAGAN
INE129A01019,GAIL (India) Limited,both nse/bse,GAIL,532155,GAIL
INE868G01019,Gajanan Securities Services Ltd,bse,,538609,GAJANANSEC
INE480S01026,Gala Global Products Ltd,bse,,539228,GGPL
INE0RE001014,Gala Precision Engineering Limited,both nse/bse,GALAPREC,544244,GALAPREC
INE906Y01028,Galactico Corporate Services Ltd,bse,,542802,GALACTICO
INE243E01010,Galada Finance Ltd,bse,,538881,GALADAFIN
INE255C01026,Galada Power & Telecommunication Ltd,bse,,504697,GALADA
INE803L01016,Galaxy Agrico Exports Ltd,bse,,531911,GALAGEX
INE020S01012,Galaxy Bearings Ltd,bse,,526073,GALXBRG
INE403B01016,Galaxy Supermarket Ltd-$,bse,,506186,GSLTD
INE600K01018,Galaxy Surfactants Limited,both nse/bse,GALAXYSURF,540935,GALAXYSURF
INE297H01019,Gallantt Ispat Limited,both nse/bse,GALLANTT,532726,GALLANTT
INE0BUQ01012,Gallard Steel Ltd,bse,,544616,GALLARD
INE755J01012,Gallops Enterprise Ltd,bse,,531902,GALLOPENT
INE890S01026,Gamco Ltd,bse,,540097,GAMCO
INE1GUJ01014,Game Changers Texfab Ltd,bse,,544594,TRADEUNO
INE717W01049,Gandhar Oil Refinery (India) Limited,both nse/bse,GANDHAR,544029,GANDHAR
INE524B01027,Gandhi Special Tubes Limited,both nse/bse,GANDHITUBE,513108,GANDHITUBE
INE388A01029,Ganesh Benzoplast Limited,both nse/bse,GANESHBE,500153,GANESHBE
INE652V01016,Ganesh Consumer Products Limited,both nse/bse,GANESHCP,544528,GANESHCP
INE932M01011,Ganesh Holdings Ltd,bse,,504397,GANHOLD
INE460C01014,GANESH HOUSING LIMITED,both nse/bse,GANESHHOU,526367,GANESHHOU
INE845D01014,Ganesha Ecosphere Limited,both nse/bse,GANECOS,514167,GANECOS
INE369Q01017,Ganesha Ecoverse Ltd,bse,,539041,GANVERSE
INE691Z01023,Ganga Forging Limited,nse,GANGAFORGE,,
INE278O01015,Ganga Papers India Ltd,bse,,531813,GANGAPA
INE615T01017,Ganga Pharmaceuticals Ltd,bse,,539680,GANGAPHARM
INE335W01016,Ganges Securities Limited,both nse/bse,GANGESSECU,540647,GANGESSECU
INE162L01017,Ganon Products Ltd,bse,,512443,GANONPRO
INE721C01019,Garbi Finvest Ltd,bse,,539492,GARBIFIN
INE382Z01011,Garden Reach Shipbuilders & Engineers Limited,both nse/bse,GRSE,542011,GRSE
INE194E01015,Garg Furnace Ltd,bse,,530615,GARGFUR
INE653S01028,Garment Mantra Lifestyle Ltd,bse,,539216,GARMNTMNTR
INE797D01017,Garnet Construction Ltd,bse,,526727,GARNET
INE590B01010,Garnet International Ltd,bse,,512493,GARNETINT
INE0JVO01026,Garuda Construction and Engineering Limited,both nse/bse,GARUDA,544271,GARUDA
INE291A01017,Garware Hi-Tech Films Limited,both nse/bse,GRWRHITECH,500655,GRWRHITECH
INE925D01014,Garware Marine Industries Ltd,bse,,509563,GARWAMAR
INE446C01013,Garware Offshore Services Ltd-$,bse,,501848,GARWAOFFS
INE340D01016,Garware Synthetics Ltd,bse,,514400,GARWSYN
INE276A01018,Garware Technical Fibres Limited,both nse/bse,GARFIBRES,509557,GARFIBRES
INE079J01017,Gateway Distriparks Limited,both nse/bse,GATEWAY,543489,GATEWAY
INE0P8B01020,Gaudium IVF and Women Health Limited,both nse/bse,GAUDIUMIVF,544709,GAUDIUMIVF
INE721X01023,Gautam Exim Ltd,bse,,540613,GEL
INE063Z01017,Gautam Gems Ltd,bse,,540936,GGL
INE052E01015,Gayatri BioOrganics Ltd,bse,,524564,GAYATRIBI
INE287Z01012,Gayatri Highways Limited,both nse/bse,GAYAHWS,541546,GAYAHWS
INE336H01023,Gayatri Projects Limited,both nse/bse,GAYAPROJ,532767,GAYAPROJ
INE622E01023,Gayatri Sugars Ltd,bse,,532183,GAYATRI
INE0RWU01016,GB Logistics Commerce Ltd,bse,,544348,GBLOGISTIC
INE191P01017,GCM Capital Advisors Ltd,bse,,538319,GCMCAPI
INE200P01016,GCM Commodity & Derivatives Ltd,bse,,535917,GCMCOMM
INE168O01026,GCM Securities Ltd,bse,,535431,GCMSECU
INE0QHY01011,Gconnect Logitech and Supply Chain Ltd,bse,,544156,GCONNECT
INE545E01018,GDL Leasing & Finance Ltd,bse,,530855,GDLLEAS
INE878A01011,GE Power India Limited,both nse/bse,GVPIL,532309,GVPIL
INE200A01026,GE Vernova T&D India Limited,both nse/bse,GVT&D,522275,GVT&D
INE064H01021,GEE Ltd,bse,,504028,GEE
INE916G01016,GeeCee Ventures Limited,both nse/bse,GEECEE,532764,GEECEE
INE669X01032,Geekay Wires Limited,nse,GEEKAYWIRE,,
INE06XZ01023,Gem Aromatics Limited,both nse/bse,GEMAROMA,544491,GEMAROMA
INE0RUJ01013,GEM Enviro Management Ltd,bse,,544199,GEMENVIRO
INE165F01020,Gem Spinners India Ltd,bse,,521133,GEMSPIN
INE503D01027,Gemstone Investments Ltd,bse,,531137,GEMSI
INE481Y01014,General Insurance Corporation of India,both nse/bse,GICRE,540755,GICRE
INE854S01022,Generic Engineering Construction and Projects Limited,both nse/bse,GENCON,539407,GENCON
INE727B01026,Genesys International Corporation Limited,both nse/bse,GENESYS,506109,GENESYS
INE509C01026,Gennex Laboratories Ltd,bse,,531739,GENNEX
INE574D01010,Genomic Valley Biotech Ltd,bse,,539206,GVBL
INE861N01036,Genpharmasec Ltd,bse,,531592,GENPHARMA
INE06H201014,Gensol Engineering Limited,both nse/bse,GENSOL,542851,GENSOL
INE949P01018,Genus Paper & Boards Limited,both nse/bse,GENUSPAPER,538961,GENUSPAPER
INE955D01029,Genus Power Infrastructures Limited,both nse/bse,GENUSPOWER,530343,GENUSPOWER
INE256D01014,Genus Prime Infra Ltd,bse,,532425,GENUSPRIME
INE007B01023,Geojit Financial Services Limited,both nse/bse,GEOJITFSL,532285,GEOJITFSL
INE0H1201020,Getalong Enterprise Ltd,bse,,543372,GETALONG
INE538A01037,GFL Limited,both nse/bse,GFLLIMITED,500173,GFLLIMITED
INE493B01017,GG Automotive Gears Ltd,bse,,531399,GGAUTO
INE539A01019,GHCL Limited,both nse/bse,GHCL,500171,GHCL
INE0PA801013,GHCL Textiles Limited,both nse/bse,GHCLTEXTIL,543918,GHCLTEXTIL
INE009U01011,Ghushine Fintrrade Ocean Ltd,bse,,539864,GHUSHINE
INE809Q01020,GHV Infra Projects Ltd,bse,,505504,GHVINFRA
INE063601012,Gian Life Care Ltd,bse,,542918,GIANLIFE
INE289B01019,GIC Housing Finance Limited,both nse/bse,GICHSGFIN,511676,GICHSGFIN
INE918C01029,Gilada Finance & Investments Ltd,bse,,538788,GILADAFINS
INE047B01011,Gillanders Arbuthnot & Company Limited,both nse/bse,GILLANDERS,532716,GILLANDERS
INE322A01010,Gillette India Limited,both nse/bse,GILLETTE,507815,GILLETTE
INE548B01018,Gini Silk Mills Ltd-$,bse,,531744,GINISILK
INE424C01010,Ginni Filaments Limited,both nse/bse,GINNIFILA,590025,GINNIFILA
INE776O01018,Gita Renewable Energy Ltd,bse,,539013,GITARENEW
INE131D01019,GK Consultants Ltd,bse,,531758,GKCONS
INE1AG301022,GK Energy Limited,both nse/bse,GKENERGY,544525,GKENERGY
INE265D01015,GKB Ophthalmics Ltd,bse,,533212,GKB
INE528A01020,GKW Limited,nse,GKWLIMITED,,
INE03CM01014,Glaam Up Jwel Ltd,bse,,542477,GLAAMUP
INE580D01017,Glance Finance Ltd,bse,,531199,GLANCE
INE068V01023,Gland Pharma Limited,both nse/bse,GLAND,543245,GLAND
INE159A01016,GlaxoSmithKline Pharmaceuticals Limited,both nse/bse,GLAXO,500660,GLAXO
INE0UMC01019,Glen Industries Ltd,bse,,544444,GLEN
INE935A01035,Glenmark Pharmaceuticals Limited,both nse/bse,GLENMARK,532296,GLENMARK
INE741B01027,Glittek Granites Ltd,bse,,513528,GLITTEKG
INE062C01042,Global Capital Markets Ltd,bse,,530263,GLOBALCA
INE425H01016,Global Defence Industries Ltd,bse,,512091,GDIL
INE291W01037,Global Education Limited,nse,GLOBAL,,
INE474Q01031,Global Health Limited,both nse/bse,MEDANTA,543654,MEDANTA
INE377M01043,Global Infratech & Finance Ltd,bse,,531463,GBLINFRA
INE0J2K01014,Global Longlife Hospital and Research Ltd,bse,,543520,GLHRL
INE1ITY01011,Global Ocean Logistics India Ltd,bse,,544665,GLOBALLOG
INE0JSX01015,Global Surfaces Limited,both nse/bse,GSLSU,543829,GSLSU
INE792H01019,Global Vectra Helicorp Limited,both nse/bse,GLOBALVECT,532773,GLOBALVECT
INE0URU01010,Globale Tessile Limited,both nse/bse,GLOBALE,544234,GLOBALE
INE632W01016,Globalspace Technologies Ltd,bse,,540654,GSTL
INE0V3U01015,Globe Civil Projects Limited,both nse/bse,GLOBECIVIL,544424,GLOBECIVIL
INE804Q01013,Globe Commercials Ltd,bse,,540266,GLCL
INE581X01021,GLOBE ENTERPRISES (INDIA) LIMITED,nse,GLOBE,,
INE947T01022,Globe International Carriers Limited,nse,GICL,,
INE12P601017,Globtier Infotech Ltd,bse,,544494,GLOBTIER
INE064L01015,Globus Constructors & Developers Ltd,bse,,526025,GLOBUSCON
INE615I01010,Globus Spirits Limited,both nse/bse,GLOBUSSPR,533104,GLOBUSSPR
INE350Z01018,Gloster Limited,both nse/bse,GLOSTERLTD,542351,GLOSTERLTD
INE0TQE01026,Glottis Limited,both nse/bse,GLOTTIS,544557,GLOTTIS
INE075D01018,GM Breweries Limited,both nse/bse,GMBREW,507488,GMBREW
INE541A01023,GMM Pfaudler Limited,both nse/bse,GMMPFAUDLR,505255,GMMPFAUDLR
INE776C01039,GMR AIRPORTS LIMITED,both nse/bse,GMRAIRPORT,532754,GMRAIRPORT
INE0CU601026,GMR Power and Urban Infra Limited,both nse/bse,GMRP&UI,543490,GMRP&UI
INE934S01014,GNA Axles Limited,both nse/bse,GNA,540124,GNA
INE18JU01028,GNG Electronics Limited,both nse/bse,EBGNG,544455,EBGNG
INE03JT01014,Go Digit General Insurance Limited,both nse/bse,GODIGIT,544179,GODIGIT
INE0BJS01011,Go Fashion (India) Limited,both nse/bse,GOCOLORS,543401,GOCOLORS
INE426D01013,Goa Carbon Limited,both nse/bse,GOACARBON,509567,GOACARBON
INE492Z01018,Goblin India Ltd,bse,,542850,GOBLIN
INE077F01035,GOCL Corporation Limited,both nse/bse,GOCLCORP,506480,GOCLCORP
INE497S01012,Godavari Biorefineries Limited,both nse/bse,GODAVARIB,544279,GODAVARIB
INE362C01012,Godavari Drugs Ltd,bse,,530317,GODAVARI
INE177H01039,Godawari Power And Ispat limited,both nse/bse,GPIL,532734,GPIL
INE260B01028,Godfrey Phillips India Limited,both nse/bse,GODFRYPHLP,500163,GODFRYPHLP
INE850D01014,Godrej Agrovet Limited,both nse/bse,GODREJAGRO,540743,GODREJAGRO
INE102D01028,Godrej Consumer Products Limited,both nse/bse,GODREJCP,532424,GODREJCP
INE233A01035,Godrej Industries Limited,both nse/bse,GODREJIND,500164,GODREJIND
INE484J01027,Godrej Properties Limited,both nse/bse,GODREJPROP,533150,GODREJPROP
INE0ZOM01013,Goel Construction Company Ltd,bse,,544504,GOELCONS
INE0K6L01010,Goel Food Products Ltd,bse,,543538,GOEL
INE997C01015,Goenka Business & Finance Ltd,bse,,538787,GBFL
INE832C01014,Gogia Capital Growth Ltd,bse,,531600,GOGIACAPGL
INE642I01014,Gokak Textiles Ltd,bse,,532957,GOKAKTEX
INE887G01027,Gokaldas Exports Limited,both nse/bse,GOKEX,532630,GOKEX
INE314T01033,Gokul Agro Resources Limited,both nse/bse,GOKULAGRO,539725,GOKULAGRO
INE020J01029,Gokul Refoils and Solvent Limited,both nse/bse,GOKUL,532980,GOKUL
INE634J01027,Gold Coin Health Foods Ltd,bse,,538542,GOLDCOINHF
INE598F01014,Gold Rock Investments Ltd,bse,,501111,ZGOLDINV
INE595D01015,Golden Carpets Ltd,bse,,531928,GOLCA
INE222U01010,Golden Crest Education & Services Ltd,bse,,540062,GOLDENCREST
INE088E01019,Golden Legand Leasing & finance Ltd,bse,,509024,GOLDLEG
INE973A01010,Golden Tobacco Limited,both nse/bse,GOLDENTOBC,500151,GOLDENTOBC
INE025B01025,Goldiam International Limited,both nse/bse,GOLDIAM,526729,GOLDIAM
INE1CLW01015,Goldline Pharmaceutical Ltd,bse,,544759,GLPL
INE427D01011,Golechha Global Finance Ltd,bse,,531360,GOLECHA
INE798D01015,Golkunda Diamonds & Jewellery Ltd,bse,,523676,GOLKUNDIA
INE127I01024,Goodluck India Limited,both nse/bse,GOODLUCK,530655,GOODLUCK
INE300A01016,Goodricke Group Ltd,bse,,500166,GOODRICKE
INE533A01012,Goodyear India Limited,both nse/bse,GOODYEAR,500168,GOODYEAR
INE0L9R01028,Gopal Snacks Limited,both nse/bse,GOPAL,544140,GOPAL
INE792J01015,Gorani Industries Ltd,bse,,531608,GORANIN
INE538G01018,Gothi Plascon India Ltd,bse,,531111,GOTHIPL
INE512D01028,Gourmet Gateway India Ltd,bse,,506134,GOURMET
INE225G01012,Gowra Leasing & Finance Ltd,bse,,530709,GOWRALE
INE705X01026,Goyal Aluminiums Limited,both nse/bse,GOYALALUM,541152,GOYALALUM
INE912B01032,Goyal Associates Ltd,bse,,530663,GOYALASS
INE586G01017,GP Petroleums Limited,both nse/bse,GULFPETRO,532543,GULFPETRO
INE486R01017,GPT Healthcare Limited,both nse/bse,GPTHEALTH,544131,GPTHEALTH
INE390G01014,GPT Infraprojects Limited,both nse/bse,GPTINFRA,533761,GPTINFRA
INE361K01017,Gradiente Infotainment Limited,nse,GRADIENTE,,
INE578R01011,Grameva Ltd,bse,,539120,GRAMEVA
INE926B01016,Grand Oak Canyons Distillery Limited,both nse/bse,GRANDOAK,523862,GRANDOAK
INE927M01029,Grandma Trading & Agencies Ltd,bse,,504369,GRANDMA
INE101D01020,Granules India Limited,both nse/bse,GRANULES,532482,GRANULES
INE371A01025,Graphite India Limited,both nse/bse,GRAPHITE,509488,GRAPHITE
INE047A01021,Grasim Industries Limited,both nse/bse,GRASIM,500300,GRASIM
INE915E01013,Gratex Industries Ltd,bse,,526751,GRATEXI
INE266D01021,Grauer & Weil India Limited,both nse/bse,GRAUWEIL,505710,GRAUWEIL
INE214F01026,Graviss Hospitality Limited,both nse/bse,GRAVISSHO,509546,GRAVISSHO
INE024L01027,Gravita India Limited,both nse/bse,GRAVITA,533282,GRAVITA
INE995A01013,Gravity India Ltd-$,bse,,532015,GRAVITY
INE0U8P01015,GRE Renew Enertech Ltd,bse,,544682,GRERENEW
INE224A01026,Greaves Cotton Limited,both nse/bse,GREAVESCOT,501455,GREAVESCOT
INE414C01045,Greencrest Financial Services Ltd,bse,,531737,GREENCREST
INE0S0701019,Greenhitech Ventures Ltd,bse,,544163,GVL
INE544R01021,Greenlam Industries Limited,both nse/bse,GREENLAM,538979,GREENLAM
INE08ZM01014,Greenpanel Industries Limited,both nse/bse,GREENPANEL,542857,GREENPANEL
INE461C01038,Greenply Industries Limited,both nse/bse,GREENPLY,526797,GREENPLY
INE199P01028,Gretex Corporate Services Limited,both nse/bse,GCSL,543324,GCSL
INE536A01023,Grindwell Norton Limited,both nse/bse,GRINDWELL,506076,GRINDWELL
INE192H01020,GRM Overseas Limited,both nse/bse,GRMOVER,531449,GRMOVER
INE042B01012,Groarc Industries India Ltd,bse,,532315,GROARC
INE343C01012,Grovy India Ltd,bse,,539522,GROVY
INE451S01027,Growington Ventures India Ltd,bse,,539222,GROWINGTON
INF666M01OD9,Groww BSE Hospitals ETF,bse,,544721,GROWWHOSPI
INF666M01LM6,Groww BSE Power ETF,bse,,544473,GROWWPOWER
INF666M01IO8,Groww Nifty India Defence ETF,bse,,590157,GROWWDEFNC
INF666M01JJ6,Groww Nifty India Railways PSU ETF,bse,,590158,GROWWRAIL
INE137I01015,GRP Limited,both nse/bse,GRPLTD,509152,GRPLTD
IN9736H01014,GS Auto International Ltd,bse,,890238,GSAILPP
INE736H01024,GS Auto International Ltd,bse,,513059,GSAUTO
INE777C01011,GSB Finance Ltd,bse,,511543,GSBFIN
INE721D01017,GSL Securities Ltd,bse,,530469,GSLSEC
INE713R01022,GSP Crop Science Limited,both nse/bse,GSPCROP,544733,GSPCROP
INE871H01011,GSS Infotech Limited,both nse/bse,GSS,532951,GSS
INE586X01012,G-TEC JAINX EDUCATION LIMITED,nse,GTECJAINX,,
INE221H01019,GTL Infrastructure Limited,both nse/bse,GTLINFRA,532775,GTLINFRA
INE043A01012,GTL Limited,both nse/bse,GTL,500160,GTL
INE537A01013,GTN Industries Ltd,bse,,500170,GTNINDS
INE302H01017,GTN Textiles Ltd,bse,,532744,GTNTEX
INE869I01013,GTPL Hathway Limited,both nse/bse,GTPL,540602,GTPL
INE959B01017,GTT Data Solutions Ltd,bse,,530457,GTTDATA
INE910R01024,GTV Engineering Ltd,bse,,539479,GTV
INE742B01025,Gufic Biosciences Limited,both nse/bse,GUFICBIO,509079,GUFICBIO
INE186A01019,Gujarat Alkalies and Chemicals Limited,both nse/bse,GUJALKALI,530001,GUJALKALI
INE036B01030,Gujarat Ambuja Exports Limited,both nse/bse,GAEL,524226,GAEL
INE826C01016,Gujarat Apollo Industries Limited,both nse/bse,GUJAPOLLO,522217,GUJAPOLLO
INE276I01011,Gujarat Containers Ltd,bse,,513507,GUJCONT
INE004C01028,Gujarat Cotex Ltd,bse,,514386,GUJCOTEX
INE372D01019,Gujarat Craft Industries Ltd,bse,,526965,GUJCRAFT
INE034B01019,Gujarat Credit Corporation Ltd,bse,,511441,GUJCRED
INE844O01030,GUJARAT ENERGY LIMITED,both nse/bse,GUJENERGY,539336,GUJENERGY
INE09N301011,Gujarat Fluorochemicals Limited,both nse/bse,FLUOROCHEM,542812,FLUOROCHEM
INE621C01011,Gujarat Hotels Ltd,bse,,507960,GUJHOTE
INE578V01013,Gujarat Hy-Spin Ltd,bse,,540938,GUJHYSPIN
INE162A01010,Gujarat Industries Power Company Limited,both nse/bse,GIPCL,517300,GIPCL
INE659F01022,Gujarat Inject Kerala Ltd,bse,,524238,GUJINJEC
INE877E01015,Gujarat Intrux Ltd-$,bse,,517372,GUJINTRX
INE373D01017,Gujarat Investa Ltd,bse,,531341,GUJINV
INE0V0W01025,Gujarat Kidney And Super Speciality Limited,both nse/bse,GKSL,544666,GKSL
INE540A01017,Gujarat Lease Financing Limited,both nse/bse,GLFL,500174,GLFL
INE131A01031,Gujarat Mineral Development Corporation Limited,both nse/bse,GMDCLTD,532181,GMDCLTD
INE113A01013,Gujarat Narmada Valley Fertilizers and Chemicals Limited,both nse/bse,GNFC,500670,GNFC
INE207H01018,Gujarat Natural Resources Limited,both nse/bse,GNRL,513536,GNRL
INE0SIK01014,Gujarat Peanut And Agri Products Ltd,bse,,544548,GPAPL
INE636P01011,Gujarat Petrosynthese Ltd,bse,,506858,GUJPETR
INE517F01014,Gujarat Pipavav Port Limited,both nse/bse,GPPL,533248,GPPL
INE541F01022,Gujarat Poly Electronics Ltd,bse,,517288,GUJARATPOLY
INE610B01024,Gujarat Raffia Industries Limited,both nse/bse,GUJRAFFIA,523836,GUJRAFFIA
INE026A01025,Gujarat State Fertilizers & Chemicals Limited,both nse/bse,GSFC,500690,GSFC
INE944A01011,Gujarat State Financial Corporation,bse,,532160,GUJSTATFIN
INE499G01013,Gujarat Terce Laboratories Ltd,bse,,524314,GUJTERC
INE942C01045,Gujarat Themis Biosyn Limited,both nse/bse,GUJTHEM,506879,GUJTHEM
INE145J01032,Gujarat Toolroom Ltd,bse,,513337,GUJTLRM
INE173V01013,Gujarat Winding Systems Ltd,bse,,541627,GUJWIND
INE311N01016,Gujjubhai Industries Ltd,bse,,532070,GUJJUBHAI
INE1WDC01012,Gulf Lloyds (India) Ltd,bse,,544834,GULFLLOYDS
INE635Q01029,Gulf Oil Lubricants India Limited,both nse/bse,GULFOILLUB,538567,GULFOILLUB
INE255D01024,Gulshan Polyols Limited,both nse/bse,GULPOLY,532457,GULPOLY
INE986W01016,Guru Krupa Gems and Jewellery Ltd,bse,,540545,GKL
INE395B01048,GV Films Ltd,bse,,523277,GVFILM
INE251H01024,GVK Power & Infrastructure Limited,both nse/bse,GVKPIL,532708,GVKPIL
INE382T01030,GVP Infotech Limited,nse,GVPTECH,,
INE487G01018,Gyan Developers & Builders Ltd,bse,,530141,GYANDEV
INE724A01017,Gyftr Limited,both nse/bse,GYFTR,507912,GYFTR
INE731B01010,H S India Ltd,bse,,532145,HOTLSILV
INE17DP01015,H. R. Hygiene Products Ltd,bse,,544848,HRHYGIENE
INE926X01010,H.G. Infra Engineering Limited,both nse/bse,HGINFRA,541019,HGINFRA
INE0DZD01015,H.M. Electro Mech Ltd,bse,,544349,HMEML
INE115S01010,Halder Venture Limited,both nse/bse,HALDER,539854,HALDER
INE506D01020,Haldyn Glass Limited,both nse/bse,HALDYNGL,515147,HALDYNGL
INE320X01016,HALEOS LABS LIMITED,both nse/bse,HALEOSLABS,540679,HALEOSLABS
INE0QBD01018,Hamps Bio Ltd,bse,,544312,HAMPS
INE299D01022,Hampton Sky Realty Ltd,bse,,526407,HAMPTON
INE596H01014,HandsOn Global Management (HGM) Limited,both nse/bse,HGM,532761,HGM
INE982Q01017,Hanman Fit Ltd,bse,,538731,HANMAN
INE0JVH01012,Hannah Joseph Hospital Ltd,bse,,544687,HANNAH
INE419U01012,Happiest Minds Technologies Limited,both nse/bse,HAPPSTMNDS,543227,HAPPSTMNDS
INE330T01021,Happy Forgings Limited,both nse/bse,HAPPYFORGE,544057,HAPPYFORGE
INE722D01015,Hardcastle & Waud Manufacturing Company Ltd,bse,,509597,HARDCAS
INE626Z01029,Hardwyn India Limited,both nse/bse,HARDWYN,541276,HARDWYN
INE493N01012,Haria Apparels Ltd,bse,,538081,HARIAAPL
INE772B01014,Haria Exports Ltd-$,bse,,512604,HARIAEXPO
INE1UYW01010,Harikanta Overseas Ltd,bse,,544769,HARIKANTA
INE00EV01017,Hariom Pipe Industries Limited,both nse/bse,HARIOMPIPE,543517,HARIOMPIPE
INE01K301012,Harish Textile Engineers Ltd,bse,,542682,HARISH
INE400G01011,Hariyana Ship Breakers Ltd-$,bse,,526931,HRYNSHP
INE219D01012,Hariyana Ventures Ltd,bse,,506024,HVL
INE544A01019,Harrisons  Malayalam Limited,both nse/bse,HARRMALAYA,500467,HARRMALAYA
INE0JUS01029,Harsha Engineers International Limited,both nse/bse,HARSHA,543600,HARSHA
INE0OLZ01015,Harshdeep Hortico Ltd,bse,,544105,HARSHDEEP
INE098E01026,Harshil Agrotech Ltd,bse,,505336,HARSHILAGR
INE928H01019,Haryana Capfin Ltd,bse,,532855,HARYNACAP
INE737G01016,Haryana Financial Corporation Ltd,bse,,530927,HARAFIN
INE681F01018,Haryana Leather Chemicals Ltd,bse,,524080,HARLETH
INE888Q01016,Has Lifestyle Ltd,bse,,780014,HASJUICE
INE671D01014,Hasti Finance Ltd,bse,,531387,HASTIFIN
INE525B01016,Hathway Bhawani Cabletel & Datacom Ltd,bse,,509073,HATHWAYB
INE982F01036,Hathway Cable & Datacom Limited,both nse/bse,HATHWAY,533162,HATHWAY
INE473B01035,Hatsun Agro Product Limited,both nse/bse,HATSUN,531531,HATSUN
INE176B01034,Havells India Limited,both nse/bse,HAVELLS,517354,HAVELLS
INE230I01018,Hawa Engineers Ltd,bse,,539176,HAWAENG
INE979B01015,Hawkins Cookers Limited,both nse/bse,HAWKINCOOK,508486,HAWKINCOOK
INE550F01049,Hazoor Multi Projects Ltd-$,bse,,532467,HAZOOR
INE640B01021,HB Estate Developers Limited,both nse/bse,HBESD,532334,HBESD
INE549B01016,HB Leasing & Finance Company Ltd,bse,,508956,HBLEAS
INE638B01025,HB Portfolio Ltd,bse,,532333,HBPOR
INE550B01022,HB Stockholdings Limited,both nse/bse,HBSL,532216,HBSL
INE977M01024,HBG Hotels Ltd,bse,,537839,HBGHOTELS
INE292B01021,HBL Engineering Limited,both nse/bse,HBLENGINE,517271,HBLENGINE
INE345Q01017,HCKK Ventures Ltd,bse,,539224,HCKKVENTURE
INE236A01020,HCL Infosystems Limited,both nse/bse,HCL-INSYS,500179,HCL-INSYS
INE860A01027,HCL Technologies Limited,both nse/bse,HCLTECH,532281,HCLTECH
INE136C01044,HCP Plastene Bulkpack Ltd,bse,,526717,HPBL
INE756I01012,HDB Financial Services Limited,both nse/bse,HDBFS,544429,HDBFS
INE127D01025,HDFC Asset Management Company Limited,both nse/bse,HDFCAMC,541729,HDFCAMC
INE040A01034,HDFC Bank Limited,both nse/bse,HDFCBANK,500180,HDFCBANK
INF179KC1EZ4,HDFC BSE 500 ETF,bse,,543774,HDFCBSE500
INF179KC1HX2,HDFC BSE SENSEX ETF,bse,,539517,HDFCSENSEX
INE795G01014,HDFC Life Insurance Company Limited,both nse/bse,HDFCLIFE,540777,HDFCLIFE
INF179KC1HS2,HDFC Mutual Fund,bse,,543570,HDFCNEXT50
INF179KC1HR4,HDFC NIFTY 100 ETF,bse,,543569,HDFCNIF100
INF179KC1965,HDFC NIFTY 50 ETF,bse,,539516,HDFCNIFTY
INF179KC1HY0,HDFC Nifty Banking ETF,bse,,543224,HDFCNIFBAN
INF179KC1DJ0,HDFC NIFTY Growth Sectors 15 ETF,bse,,543607,HDFCGROWTH
INF179KC1IA8,HDFC NIFTY IT ETF,bse,,543665,HDFCNIFIT
INF179KC1KT4,HDFC Nifty Metal ETF,bse,,544842,HDFCNIMEG
INF179KC1HT0,HDFC NIFTY Midcap 150 ETF,bse,,543776,HDFCMID150
INF179KC1HZ7,HDFC NIFTY Private Bank ETF,bse,,543666,HDFCPVTBAN
INF179KC1HW4,HDFC Nifty PSU Bank ETF,bse,,544110,HDFCPSUBK
INF179KC1FB2,HDFC NIFTY Smallcap 250 ETF,bse,,543775,HDFCSML250
INF179KC1HU8,HDFC NIFTY100 Low Volatility 30 ETF,bse,,543627,HDFCLOWVOL
INF179KC1DL6,HDFC NIFTY100 Quality 30 ETF,bse,,543605,HDFCQUAL
INF179KC1HV6,HDFC NIFTY200 Momentum 30 ETF,bse,,543628,HDFCMOMENT
INF179KC1DK8,HDFC NIFTY50 Value 20 ETF,bse,,543608,HDFCVALUE
INE759V01019,Heads UP Ventures Limited,both nse/bse,HEADSUP,540210,HEADSUP
INE019J01013,Health X Platform Limited,both nse/bse,HEALTHX,533259,HEALTHX
INE075I01017,Healthcare Global Enterprises Limited,both nse/bse,HCG,539787,HCG
INE160N01017,Healthy Investments Ltd,bse,,503689,HEALINV
INE0L3501015,Healthy Life Agritec Ltd,bse,,543546,HEALTHYLIFE
INE558R01013,HEC Infra Projects Limited,nse,HECPROJECT,,
INE025D01013,Heera Ispat Ltd,bse,,526967,HEERAISP
INE545A01024,HEG Limited,both nse/bse,HEG,509631,HEG
INE578A01017,HeidelbergCement India Limited,both nse/bse,HEIDELBERG,500292,HEIDELBERG
INE1FJE01010,Helloji Holidays Ltd,bse,,544630,HELLOJI
INE738P01015,Helpage Finlease Ltd,bse,,539174,HELPAGE
INE721U01011,Hem Holdings & Trading Ltd,bse,,505520,ZHEMHOLD
INE930A01010,Hemang Resources Ltd,bse,,531178,HEMANG
INE0GYI01028,Hemant Surgical Industries Ltd,bse,,543916,HSIL
INE0AJG01018,Hemisphere Properties India Limited,both nse/bse,HEMIPROP,543242,HEMIPROP
INE694N01015,Heranba Industries Limited,both nse/bse,HERANBA,543266,HERANBA
INE688E01024,Hercules Investments Ltd,bse,,505720,HERCULES
INE978A01027,Heritage Foods Limited,both nse/bse,HERITGFOOD,519552,HERITGFOOD
INE158A01026,Hero MotoCorp Limited,both nse/bse,HEROMOTOCO,500182,HEROMOTOCO
INE782E01017,Hester Biosciences Limited,both nse/bse,HESTERBIO,524669,HESTERBIO
INE750M01017,Hexa Tradex Limited,both nse/bse,HEXATRADEX,534328,HEXATRADEX
INE0JUI01012,Hexagon Nutrition Limited,both nse/bse,HEXAGON,544785,HEXAGON
INE093A01041,Hexaware Technologies Limited,both nse/bse,HEXT,544362,HEXT
INE548A01028,HFCL Limited,both nse/bse,HFCL,500183,HFCL
INE783E01023,High Energy Batteries India Ltd,bse,,504176,HIGHENE
INE1KI801019,Highness Microelectronics Ltd,bse,,544741,HIGHNESS
INE00RL01028,Highway Infrastructure Limited,both nse/bse,HILINFRA,544477,HILINFRA
INE475B01022,Hikal Limited,both nse/bse,HIKAL,524735,HIKAL
INE302R01024,Hi-Klass Trading and Investment Ltd,bse,,542332,HIKLASS
INE966Q01010,Hiliks Technologies Ltd,bse,,539697,HILIKS
INE168C01013,Hilltone Software and Gases Ltd,bse,,544308,HILLTONE
INE788H01017,Hilton Metal Forging Limited,both nse/bse,HILTON,532847,HILTON
INE705G01021,Him Teknoforge Ltd,bse,,505712,HIMTEK
INE019C01026,Himadri Speciality Chemical Limited,both nse/bse,HSCL,500184,HSCL
INE552B01010,Himalaya Food International Ltd,bse,,526899,HFIL
INE049A01027,Himatsingka Seide Limited,both nse/bse,HIMATSEIDE,514043,HIMATSEIDE
INE227B01019,Hind Aluminium Industries Ltd-$,bse,,531979,HINDALUMI
INE691J01019,Hind Commerce Ltd,bse,,538652,HCLTD
INE835D01023,Hind Rectifiers Limited,both nse/bse,HIRECT,504036,HIRECT
INE038A01020,Hindalco Industries Limited,both nse/bse,HINDALCO,500440,HINDALCO
INE642Y01029,Hindcon Chemicals Limited,nse,HINDCON,,
INE832D01020,Hindoostan Mills Ltd,bse,,509895,HINDMILL
INE05X901010,Hindprakash Industries Limited,both nse/bse,HPIL,543645,HPIL
INE170I01016,Hinduja Global Solutions Limited,both nse/bse,HGS,532859,HGS
INE074C01013,Hindustan Adhesives Ltd,bse,,514428,HINDADH
INE066F01020,Hindustan Aeronautics Limited,both nse/bse,HAL,541154,HAL
INE092301014,Hindustan Agrigenetics Ltd,bse,,519574,HINDUST
INE02XD01011,Hindustan Appliances Ltd,bse,,531918,HINDAPL
INE597C01021,Hindustan Bio Sciences Ltd,bse,,532041,HINDBIO
INE310C01029,Hindustan Composites Limited,both nse/bse,HINDCOMPOS,509635,HINDCOMPOS
INE549A01026,Hindustan Construction Company Limited,both nse/bse,HCC,500185,HCC
INE531E01026,Hindustan Copper Limited,both nse/bse,HINDCOPPER,513599,HINDCOPPER
INE254N01026,Hindustan Foods Limited,both nse/bse,HNDFDS,519126,HNDFDS
INE724D01011,Hindustan Hardy Ltd,bse,,505893,HINDHARD
INE083O01019,Hindustan Housing Company Ltd,bse,,509650,ZHINDHSG
INE871K01015,Hindustan Media Ventures Limited,both nse/bse,HMVL,533217,HMVL
INE253A01025,Hindustan Motors Ltd,bse,,500500,HINDMOTORS
INE345A01011,Hindustan Oil Exploration Company Limited,both nse/bse,HINDOILEXP,500186,HINDOILEXP
INE048A01011,Hindustan Organic Chemicals Ltd,bse,,500449,HOCL
INE094A01015,Hindustan Petroleum Corporation Limited,both nse/bse,HINDPETRO,500104,HINDPETRO
INE428D01019,Hindustan Tin Works Ltd-$,bse,,530315,HINDTIN
INE030A01027,Hindustan Unilever Limited,both nse/bse,HINDUNILVR,500696,HINDUNILVR
INE267A01025,Hindustan Zinc Limited,both nse/bse,HINDZINC,500188,HINDZINC
INE582K01018,Hindusthan Udyog Ltd,bse,,513039,ZHINUDYP
INE05AN01011,Hindware Home Innovation Limited,both nse/bse,HINDWAREAP,542905,HINDWAREAP
INE963A01011,Hipolin Ltd,bse,,530853,HIPOLIN
INE258Z01013,Hira Automobiles Ltd,bse,,531743,HIRAUTO
INE598C01011,Hisar Metal Industries Limited,both nse/bse,HISARMETAL,590018,HISARMETAL
INE689E01014,Hisar Spinning Mills Ltd,bse,,521068,HISARSP
INE309B01023,Hit Kit Global Solutions Ltd,bse,,532359,HITKITGLO
INE07Y701011,Hitachi Energy India Limited,both nse/bse,POWERINDIA,543187,POWERINDIA
INE120D01012,Hitech Corporation Limited,both nse/bse,HITECHCORP,526217,HITECHCORP
INE106T01025,Hi-Tech Pipes Limited,both nse/bse,HITECH,543411,HITECH
INE863C01019,Hittco Tools Ltd,bse,,531661,HITTCO
INE461D01028,HLE Glascoat Limited,both nse/bse,HLEGLAS,522215,HLEGLAS
INE102A01024,HLV LIMITED,both nse/bse,HLVLTD,500193,HLVLTD
INE0ECP01024,HMA Agro Industries Limited,both nse/bse,HMAAGRO,543929,HMAAGRO
INE262A01018,HMT Limited,both nse/bse,HMT,500191,HMT
INE481N01025,Home First Finance Company India Limited,both nse/bse,HOMEFIRST,543259,HOMEFIRST
INE982C01033,HOMRE Ltd,bse,,523387,HOM
INE0J5401028,Honasa Consumer Limited,both nse/bse,HONASA,544014,HONASA
INE634A01018,Honda India Power Products Limited,both nse/bse,HONDAPOWER,522064,HONDAPOWER
INE671A01010,Honeywell Automation India Limited,both nse/bse,HONAUT,517174,HONAUT
INE1SEO01013,Horizon Reclaim (India) Ltd,bse,,544794,HORIZON
INE031A01017,Housing & Urban Development Corporation Limited,both nse/bse,HUDCO,540530,HUDCO
INE191I01012,Housing Development and Infrastructure Limited,both nse/bse,HDIL,532873,HDIL
INE931B01016,Howard Hotels Ltd,bse,,526761,HOWARHO
INE0GSL01024,HP Adhesives Limited,both nse/bse,HPAL,543433,HPAL
INE950C01014,HP Cotton Textile Mills Ltd,bse,,502873,HPCOTTON
INE495S01016,HPL Electric & Power Limited,both nse/bse,HPL,540136,HPL
INE1E1V01017,HRS Aluglaze Ltd,bse,,544656,HRS
INE501G01024,HT Media Limited,both nse/bse,HTMEDIA,532662,HTMEDIA
INE703H01016,Hubtown Limited,both nse/bse,HUBTOWN,532799,HUBTOWN
INE275B01026,Huhtamaki India Limited,both nse/bse,HUHTAMAKI,509820,HUHTAMAKI
INE02PC01027,Humming Bird Education Ltd,bse,,542592,HBEL
INE965B01022,Hybrid Financial Services Limited,both nse/bse,HYBRIDFIN,500262,HYBRIDFIN
INE039D01014,Hypersoft Technologies Ltd,bse,,539724,HYPERSOFT
INE0V6F01027,Hyundai Motor India Limited,both nse/bse,HYUNDAI,544274,HYUNDAI
INE684B01029,I S T Ltd,bse,,508807,ISTLTD
INE678B01039,IB Infotech Enterprises Ltd,bse,,519463,IBINFO
INE613B01010,ICDS Limited,both nse/bse,ICDSLTD,511194,ICDSLTD
INE520Y01019,Ice Make Refrigeration Limited,nse,ICEMAKE,,
INE090A01021,ICICI Bank Limited,both nse/bse,ICICIBANK,532174,ICICIBANK
INE765G01017,ICICI Lombard General Insurance Company Limited,both nse/bse,ICICIGI,540716,ICICIGI
INE346A01027,ICICI Prudential Asset Management Company Limited,both nse/bse,ICICIAMC,544658,ICICIAMC
INF109KC1V59,ICICI Prudential BSE 500 ETF,bse,,541313,BSE500IETF
INF109K1A567,ICICI Prudential BSE Insurance ETF,bse,,544845,INSUREIETF
INF109KC10W0,ICICI Prudential BSE Midcap Select ETF,bse,,539980,MIDSELIETF
INF346A01034,ICICI Prudential BSE Sensex ETF,bse,,555555,SENSEXIETF
INE726G01019,ICICI Prudential Life Insurance Company Limited,both nse/bse,ICICIPRULI,540133,ICICIPRULI
INF109KC16V9,ICICI Prudential Nifty 100 ETF,bse,,537008,NIF100IETF
INF109KC19U5,ICICI Prudential Nifty 100 Low Volatility 30 ETF,bse,,540612,LOWVOLIETF
INF109KC17C7,ICICI Prudential Nifty 200 Momentum 30 ETF,bse,,543568,MOM30IETF
INF109KC18V5,ICICI Prudential Nifty 200 Quality 30 ETF,bse,,543956,QUAL30IETF
INF109K012R6,ICICI Prudential Nifty 50 ETF,bse,,537007,NIFTYIETF
INF109KC17V7,ICICI Prudential Nifty Alpha Low- Volatility 30 ETF,bse,,543219,ALPL30IETF
INF109KC10V2,ICICI Prudential Nifty Auto ETF,bse,,543450,AUTOIETF
INF109KC15I8,ICICI Prudential Nifty Bank ETF,bse,,542730,BANKIETF
INF109KC19O8,ICICI Prudential Nifty Commodities ETF,bse,,543710,COMMOIETF
INF109K1A153,ICICI Prudential Nifty EV & New Age Automotive ETF,bse,,544394,EVIETF
INF109KC17L8,ICICI Prudential Nifty Financial Services Ex-Bank ETF,bse,,543677,FINIETF
INF109KC19V3,ICICI Prudential Nifty FMCG ETF,bse,,543326,FMCGIETF
INF109KC1Q72,ICICI Prudential Nifty Healthcare ETF,bse,,543292,HEALTHIETF
INF109KC1V42,ICICI Prudential Nifty India Consumption ETF,bse,,543383,CONSUMIETF
INF109KC16E5,ICICI Prudential Nifty Infrastructure ETF,bse,,543571,INFRAIETF
INF109KC16I6,ICICI Prudential Nifty IT ETF,bse,,543221,ITIETF
INF109KC19W1,ICICI Prudential Nifty Metal ETF,bse,,544229,METALIETF
INF109KC11W8,ICICI Prudential Nifty Midcap 150 ETF,bse,,542921,MIDCAPIETF
INF109KC1NS5,ICICI Prudential Nifty Next 50 ETF,bse,,541809,NEXT50IETF
INF109KC18W3,ICICI Prudential Nifty Oil & Gas ETF,bse,,544216,OILIETF
INF109KC18U7,ICICI Prudential Nifty Private Bank ETF,bse,,542758,PVTBANIETF
INF109KC10S8,ICICI Prudential Nifty PSU Bank ETF,bse,,543819,PSUBNKIETF
INF109K1A476,ICICI Prudential Nifty Smallcap 250 ETF,bse,,544795,SMALLIETF
INF109K1A344,ICICI Prudential Nifty Top 15 Equal Weight ETF,bse,,544427,TOP15IETF
INF109KC16X5,ICICI Prudential Nifty200 Value 30 ETF,bse,,544275,VAL30IETF
INF109KC11V0,ICICI Prudential Nifty50 Value 20 ETF,bse,,539945,NV20IETF
INE111601014,Icodex Publishing Solutions Ltd,bse,,544483,ICODEX
INE0Y0E01012,Icon Facilitators Ltd,bse,,544426,ICON
INE088P01015,Iconik Sports And Events Ltd,bse,,511260,ICONIKSPEV
INE725G01011,ICRA Limited,both nse/bse,ICRA,532835,ICRA
INE008A01015,IDBI Bank Limited,both nse/bse,IDBI,500116,IDBI
INE349Y01013,Ideaforge Technology Limited,both nse/bse,IDEAFORGE,543932,IDEAFORGE
INE0PA401012,Identixweb Ltd,bse,,544388,IDENTIXWEB
INE092T01019,IDFC First Bank Limited,both nse/bse,IDFCFIRSTB,539437,IDFCFIRSTB
INE459E01012,IDream Film Infrastructure Company Ltd,bse,,504375,IDREAM
INE172B01017,IEC Education Ltd,bse,,531840,IECEDU
INE056E01024,IEL Ltd,bse,,524614,INDXTRA
INE076C01018,IFB Agro Industries Limited,both nse/bse,IFBAGRO,507438,IFBAGRO
INE559A01017,IFB Industries Limited,both nse/bse,IFBIND,505726,IFBIND
INE039A01010,IFCI Limited,both nse/bse,IFCI,500106,IFCI
INE133Y01011,IFGL Refractories Limited,both nse/bse,IFGLEXPOR,540774,IFGLEXPOR
INE714U01024,IFL Enterprises Ltd,bse,,540377,IFL
INE204A01010,IG Petrochemicals Limited,both nse/bse,IGPL,500199,IGPL
INE188B01013,Igarashi Motors India Limited,both nse/bse,IGARASHI,517380,IGARASHI
INE099S01016,IGC Industries Ltd,bse,,539449,IGCIL
INE489L01022,IIFL Capital Services Limited,both nse/bse,IIFLCAPS,542773,IIFLCAPS
INE530B01024,IIFL Finance Limited,both nse/bse,IIFL,532636,IIFL
INE670C01026,IIRM Holdings India Ltd,bse,,526530,IIRM
INE786E01018,IITL Projects Ltd,bse,,531968,IITLPROJ
INE0LOJ01019,IKIO Technologies Limited,both nse/bse,IKIO,543923,IKIO
INE164D01010,Ikoma Technologies Ltd,bse,,531997,IKOMA
INE369I01014,IL&FS Engineering and Construction Company Limited,both nse/bse,IL&FSENGG,532907,IL&FSENGG
INE050B01023,IL&FS Investment Managers Limited,both nse/bse,IVC,511208,IVC
INE975G01012,IL&FS Transportation Networks Limited,both nse/bse,IL&FSTRANS,533177,IL&FSTRANS
INE172N01012,Imagicaaworld Entertainment Limited,both nse/bse,IMAGICAA,539056,IMAGICAA
INE611C01020,Imec Services Ltd,bse,,513295,IMEC
INE691G01015,Impex Ferro Tech Limited,both nse/bse,IMPEXFERRO,532614,IMPEXFERRO
INE635D01027,Inani Marbles & Industries Ltd,bse,,531129,INANI
INE224C01014,Inani Securities Ltd,bse,,531672,INANISEC
INE437C01012,Incap Ltd,bse,,517370,INCAP
INE507D01010,Incon Engineers Ltd,bse,,531594,INCON
INE452L01012,INCREDIBLE INDUSTRIES LIMITED,both nse/bse,INCREDIBLE,538365,INCREDIBLE
INE115E01010,Ind Agiv Commerce Ltd,bse,,517077,INDAGIV
INE969D01012,Ind Bank Housing Ltd,bse,,523465,INDBNK
INE138O01029,IND Renewable Energy Ltd,bse,,536709,INDRENEW
INE802D01023,Indag Rubber Ltd-$,bse,,509162,INDAG
INE841B01017,Indbank Merchant Banking Services Limited,both nse/bse,INDBANK,511473,INDBANK
INE0O9T01021,Indef Manufacturing Limited,both nse/bse,BAJAJINDEF,544364,BAJAJINDEF
INE065X01017,Indegene Limited,both nse/bse,INDGN,544172,INDGN
INE628F01019,Indergiri Finance Ltd,bse,,531505,INDERGR
INE429D01017,India Cements Capital Ltd,bse,,511355,INDCEMCAP
INE474O01010,India Finsec Ltd,bse,,535667,IFINSEC
INE342D01012,India Gelatine & Chemicals Ltd-$,bse,,531253,INDGELA
INE560A01023,India Glycols Limited,both nse/bse,INDIAGLYCO,500201,INDIAGLYCO
INE274E01015,India Home Loan Ltd,bse,,530979,INDIAHOME
INE072A01029,India Homes Ltd,bse,,513361,INDIAHOMES
INE333C01013,India Lease Development Ltd,bse,,500202,INDLEASE
INE547E01014,India Motor Parts and Accessories Limited,both nse/bse,IMPAL,590065,IMPAL
INE092B01025,India Nippon Electricals Limited,both nse/bse,INDNIPPON,532240,INDNIPPON
INE0D6701023,India Pesticides Limited,both nse/bse,IPL,543311,IPL
INE922K01024,India Shelter Finance Corporation Limited,both nse/bse,INDIASHLTR,544044,INDIASHLTR
INE353K01014,India Tourism Development Corporation Limited,both nse/bse,ITDC,532189,ITDC
INE126M01010,Indiabulls Limited,both nse/bse,IBULLSLTD,533520,IBULLSLTD
INE933S01016,Indiamart Intermesh Limited,both nse/bse,INDIAMART,542726,INDIAMART
INE862B01013,Indian Acrylics Ltd,bse,,514165,INDIANACRY
INE562A01011,Indian Bank,both nse/bse,INDIANB,532814,INDIANB
INE061A01014,Indian Card Clothing Company Limited,both nse/bse,INDIANCARD,509692,INDIANCARD
INE022Q01020,Indian Energy Exchange Limited,both nse/bse,IEX,540750,IEX
INE323C01030,Indian Hume Pipe Company Limited,both nse/bse,INDIANHUME,504741,INDIANHUME
INE300B01022,Indian Infotech & Software Ltd,bse,,509051,INDINFO
INE359D01024,Indian Link Chain Manufacturers Ltd,bse,,504746,INLCM
INE919H01018,Indian Metals & Ferro Alloys Limited,both nse/bse,IMFA,533047,IMFA
INE242A01010,Indian Oil Corporation Limited,both nse/bse,IOC,530965,IOC
INE565A01014,Indian Overseas Bank,both nse/bse,IOB,532388,IOB
INE335Y01020,Indian Railway Catering And Tourism Corporation Limited,both nse/bse,IRCTC,542830,IRCTC
INE053F01010,Indian Railway Finance Corporation Limited,both nse/bse,IRFC,543257,IRFC
INE202E01016,Indian Renewable Energy Development Agency Limited,both nse/bse,IREDA,544026,IREDA
INE557C01017,Indian Sucrose Ltd,bse,,500319,INDSUCR
INE611L01021,Indian Terrain Fashions Limited,both nse/bse,INDTERRAIN,533329,INDTERRAIN
INE826B01026,Indian Toners & Developers Ltd-$,bse,,523586,INDTONER
INE131H01028,IndiaNivesh Ltd,bse,,501700,INDIANVSH
INE09VQ01012,Indigo Paints Limited,both nse/bse,INDIGOPNTS,543258,INDIGOPNTS
INE06ST01018,Indiqube Spaces Limited,both nse/bse,INDIQUBE,544454,INDIQUBE
INE760F01028,Indo Amines Limited,both nse/bse,INDOAMIN,524648,INDOAMIN
INE803D01021,Indo Borax & Chemicals Limited,both nse/bse,INDOBORAX,524342,INDOBORAX
INE456B01014,Indo City Infotech Ltd-$,bse,,532100,INDOCITY
INE407P01017,Indo Cotspin Ltd,bse,,538838,ICL
INE483B01026,Indo Count Industries Limited,both nse/bse,ICIL,521016,ICIL
INE147D01015,Indo Credit Capital Ltd,bse,,526887,INDOCRED
INE319N01019,Indo Euro Indchem Ltd,bse,,524458,INDOEURO
INE622H01018,Indo Farm Equipment Limited,both nse/bse,INDOFARM,544328,INDOFARM
INE684U01011,Indo Gulf Industries Ltd,bse,,506945,IGLFXPL-B
INE156A01020,Indo Rama Synthetics (India) Limited,both nse/bse,INDORAMA,500207,INDORAMA
INE0WKY01013,INDO SMC Ltd,bse,,544681,INDOSMC
INE332H01014,Indo Tech Transformers Limited,both nse/bse,INDOTECH,532717,INDOTECH
INE337M01021,Indo Thai Securities Limited,both nse/bse,INDOTHAI,533676,INDOTHAI
INE250Z01010,Indo Us Biotech Limited,both nse/bse,INDOUS,541304,INDOUS
INE0FK501019,Indobell Insulations Ltd,bse,,544334,INDOBELL
INE873D01024,Indoco Remedies Limited,both nse/bse,INDOCO,532612,INDOCO
INE05J901018,Indogulf Cropsciences Limited,both nse/bse,IGCL,544432,IGCL
INE716F01012,Indokem Ltd,bse,,504092,INDOKEM
INE084101034,INDO-MIM Limited,both nse/bse,INDOMIM,544837,INDOMIM
INE567A01028,Indo-National Limited,both nse/bse,NIPPOBATRY,504058,NIPPOBATRY
INE0KN201016,Indong Tea Company Ltd,bse,,543769,INDONG
INE866K01023,Indosolar Limited,both nse/bse,WAAREEINDO,533257,WAAREEINDO
INE896L01010,IndoStar Capital Finance Limited,both nse/bse,INDOSTAR,541336,INDOSTAR
INE227G01018,Indowind Energy Limited,both nse/bse,INDOWIND,532894,INDOWIND
INE203G01027,Indraprastha Gas Limited,both nse/bse,IGL,532514,IGL
INE681B01017,Indraprastha Medical Corporation Limited,both nse/bse,INDRAMEDCO,532150,INDRAMEDCO
INE007C01021,Indrayani Biotech Ltd,bse,,526445,INDRANIB
INE867D01018,Indsil Hydro Power and Manganese Ltd-$,bse,,522165,INDSILHYD
INE915B01019,Ind-Swift Laboratories Limited,both nse/bse,INDSWFTLAB,532305,INDSWFTLAB
INE146H01018,Inducto Steel Ltd,bse,,532001,INDCTST
INE935D01013,Indus Finance Ltd,bse,,531841,INDUSFINL
INE121J01017,Indus Towers Limited,both nse/bse,INDUSTOWER,534816,INDUSTOWER
INE095A01012,IndusInd Bank Limited,both nse/bse,INDUSINDBK,532187,INDUSINDBK
INE620D01011,Industrial & Prudential Investment Company Limited,both nse/bse,INDPRUD,501298,INDPRUD
INE886A01014,Industrial Investment Trust Limited,both nse/bse,IITL,501295,IITL
INF174K30012,Infinity Hybrid Long-Short Fund Direct Growth,bse,,544815,INSIFHLSDG
INF174K30038,Infinity Hybrid Long-Short Fund-Direct- IDCW Reinvestment,bse,,544817,INSIFHLSDR
INF174K30053,Infinity Hybrid Long-Short Fund-Regular - IDCW Payout,bse,,544819,INSIFHLSRD
INF174K30046,Infinity Hybrid Long-Short Fund-Regular-Growth,bse,,544818,INSIFHLSRG
INF174K30061,Infinity Hybrid Long-Short Fund-Regular-IDCW Reinvestment,bse,,544820,INSIFHLSRR
INE16XA01017,Infinity Infoway Ltd,bse,,544567,INFINITY
INE464Z01017,Inflame Appliances Ltd,bse,,541083,INFLAME
INE663F01032,Info Edge (India) Limited,both nse/bse,NAUKRI,532777,NAUKRI
INE344S01016,InfoBeans Technologies Limited,both nse/bse,INFOBEAN,543644,INFOBEAN
INE669A01022,Infomedia Press Limited,both nse/bse,INFOMEDIA,509069,INFOMEDIA
INE12IB01015,Infonative Solutions Ltd,bse,,544393,INFONATIVE
INE123E01014,Informed Technologies India Ltd,bse,,504810,INFORTEC
INE009A01021,Infosys Limited,both nse/bse,INFY,500209,INFY
INE463B01036,Infronics Systems Ltd,bse,,537985,INFRONICS
INE177A01018,Ingersoll Rand (India) Limited,both nse/bse,INGERRAND,500210,INGERRAND
INE055O01033,Inland Printers Ltd,bse,,530787,INLANPR
INE0LDI01022,Innokaiz India Ltd,bse,,543905,INNOKAIZ
INE0DUT01020,Innova Captab Limited,both nse/bse,INNOVACAP,544067,INNOVACAP
INE403Y01018,Innovana Thinklabs Limited,both nse/bse,INNOVANA,544302,INNOVANA
INE492Y01011,Innovative Ideals and Services (India) Ltd,bse,,541983,INNOVATIVE
INE965C01038,Innovative Tech Pack Ltd,bse,,523840,INNOVTEC
INE870Z01015,Innovators Facade Systems Ltd,bse,,541353,INNOVATORS
INE0ADB01012,Innovision Limited,both nse/bse,INNOVISION,544732,INNOVISION
INE510W01014,Inox Green Energy Services Limited,both nse/bse,INOXGREEN,543667,INOXGREEN
INE616N01034,INOX India Limited,both nse/bse,INOXINDIA,544046,INOXINDIA
INE066P01011,Inox Wind Limited,both nse/bse,INOXWIND,539083,INOXWIND
INE070I01018,Insecticides (India) Limited,both nse/bse,INSECTICID,532851,INSECTICID
INE0LGX01024,Insolation Energy Limited,both nse/bse,INA,543620,INA
INE020G01017,Inspirisys Solutions Limited,both nse/bse,INSPIRISYS,532774,INSPIRISYS
INE017E01018,Intec Capital Ltd,bse,,526871,INTECCAP
INE366H01012,Integra Capital  Ltd,bse,,531314,INTCAPL
INE984B01023,Integra Engineering India Ltd,bse,,505358,INTEGRAEN
INE418N01035,Integra Essentia Limited,both nse/bse,ESSENTIA,535958,ESSENTIA
INE682B01023,Integrated Capital Services Ltd,bse,,539149,ICSL
INE934A01012,Integrated Hitech Ltd,bse,,532303,INTEGHIT
INE177M01013,Integrated Proteins Ltd,bse,,519606,INTEGFD
INE038N01015,Integrated Thermoplastics Ltd,bse,,530921,INTETHR
INE306R01017,Intellect Design Arena Limited,both nse/bse,INTELLECT,538835,INTELLECT
INE781A01025,Intense Technologies Limited,both nse/bse,INTENTECH,532326,INTENTECH
INE661M01016,Inter Globe Finance Ltd,bse,,511391,INTRGLB
INE003B01014,Inter State Oil Carrier Ltd,bse,,530259,INTSTOIL
INE064T01018,Interactive Financial Services Ltd,bse,,539692,IFINSER
INE00M901018,Interarch Building Solutions Limited,both nse/bse,INTERARCH,544232,INTERARCH
INE646L01027,InterGlobe Aviation Limited,both nse/bse,INDIGO,539448,INDIGO
INE403C01014,International Combustion India Ltd,bse,,505737,INTLCOMBQ
INE575C01027,International Conveyors Limited,both nse/bse,INTLCONV,509709,INTLCONV
INE0Q9301021,International Gemological Institute Limited,both nse/bse,IGIL,544311,IGIL
INE262B01016,International Travel House Ltd-$,bse,,500213,ITHL
INE566K01011,Intrasoft Technologies Limited,both nse/bse,ISFT,533181,ISFT
INE878H01024,Inventure Growth & Securities Limited,both nse/bse,INVENTURE,533506,INVENTURE
INE115Q01022,Inventurus Knowledge Solutions Limited,both nse/bse,IKS,544309,IKS
INE155E01016,Investment & Precision Castings Limited,both nse/bse,INVPRECQ,504786,INVPRECQ
INE359A01012,Invigorated Business Consulting Ltd,bse,,511716,INVIGO
INE485C01029,IOL Chemicals and Pharmaceuticals Limited,both nse/bse,IOLCP,524164,IOLCP
INE570A01022,ION Exchange (India) Limited,both nse/bse,IONEXCHANG,500214,IONEXCHANG
INE558A01019,IP Rings Ltd-$,bse,,523638,IPRINGLTD
INE571A01038,IPCA Laboratories Limited,both nse/bse,IPCALAB,524494,IPCALAB
INE821I01022,IRB Infrastructure Developers Limited,both nse/bse,IRB,532947,IRB
INE962Y01021,Ircon International Limited,both nse/bse,IRCON,541956,IRCON
INE01GN01025,Iris Clothings Limited,nse,IRISDOREME,,
INE864K01010,IRIS RegTech Solutions Limited,both nse/bse,IRIS,540735,IRIS
INE07U701015,IRM Energy Limited,both nse/bse,IRMENERGY,544004,IRMENERGY
INE791H01011,Ironwood Education Ltd,bse,,508918,IRONWOOD
INE899M01020,iSERA Lifesciences Ltd,bse,,534920,ISERA
INE973B01026,ISF Ltd,bse,,526859,ISFL
INE858B01029,Isgec Heavy Engineering Limited,both nse/bse,ISGEC,533033,ISGEC
INE818R01011,Ishaan Infrastructures and Shelters Ltd,bse,,540134,IISL
INE561M01018,Ishan Dyes and Chemicals Limited,both nse/bse,ISHANCH,531109,ISHANCH
INE806D01016,Ishita Drugs & Industries Ltd,bse,,524400,ISHITADR
INE073I01012,Ishwarshakti Holdings & Traders Ltd,bse,,506161,ISHWATR
INF109K30067,iSIF Active Asset Allocator Long-Short Fund - Direct Plan - Growth,bse,,544776,ISIFAAFDG
INF109K30059,iSIF Active Asset Allocator Long-Short Fund - Growth,bse,,544775,ISIFAAFG
INF109K30026,iSIF Hybrid Long-Short Fund - Direct Plan - Growth,bse,,544697,ISIFHLSDG
INF109K30018,iSIF Hybrid Long-Short Fund - Growth,bse,,544696,ISIFHLSG
INE569B01022,ISL Consulting Ltd,bse,,511609,ISLCONSUL
INE532B01020,iStreet Network Ltd,bse,,524622,ISTRNETWK
INE379A01028,ITC Hotels Limited,both nse/bse,ITCHOTELS,544325,ITCHOTELS
INE154A01025,ITC Limited,both nse/bse,ITC,500875,ITC
INE0O6A01019,ITCONS E-Solutions Ltd,bse,,543806,ITCONS
INE248A01017,ITI Limited,both nse/bse,ITI,523610,ITI
INE478D01014,ITL Industries Ltd-$,bse,,522183,ITL
INE056801025,Ivalue Infosolutions Limited,both nse/bse,IVALUE,544523,IVALUE
INE043C01018,IVP Limited,both nse/bse,IVP,507580,IVP
INE848A01014,IZMO Limited,both nse/bse,IZMO,532341,IZMO
INE825B01010,J.A. Finance Ltd,bse,,543860,JAFINANCE
INE0MB501011,J.G.Chemicals Limited,both nse/bse,JGCHEM,544138,JGCHEM
INE576I01022,J.Kumar Infraprojects Limited,both nse/bse,JKIL,532940,JKIL
INE508N01025,Jackson Investments Ltd,bse,,538422,JACKSON
INE144C01014,Jagan Lamps Ltd,bse,,530711,JAGANLAM
INE574A01016,Jagatjit Industries Ltd,bse,,507155,JAGAJITIND
INE702H01018,Jagjanani Textiles Ltd,bse,,532825,JAGJANANI
INE199G01027,Jagran Prakashan Limited,both nse/bse,JAGRAN,532705,JAGRAN
INE048B01035,Jagsonpal Pharmaceuticals Limited,both nse/bse,JAGSNPHARM,507789,JAGSNPHARM
INE582C01015,Jagsonpal Services Ltd,bse,,530601,JAGSONSER
INE091G01026,Jai Balaji Industries Limited,both nse/bse,JAIBALAJI,532976,JAIBALAJI
INE070D01027,Jai Corp Limited,both nse/bse,JAICORPLTD,512237,JAICORPLTD
INE250C01027,Jai Mata Glass Ltd,bse,,523467,JAIMATAG
INE156E01014,Jaihind Industries Ltd,bse,,514312,JAIHIND
INE175A01038,Jain Irrigation Systems Limited,both nse/bse,JISLJALEQS,500219,JISLJALEQS
IN9175A01010,Jain Irrigation Systems Limited,both nse/bse,JISLDVREQS,570004,JISLDVREQS
INE780Q01015,Jain Marmo Industries Ltd,bse,,539119,JAINMARMO
INE0YD401026,Jain Resource Recycling Limited,both nse/bse,JAINREC,544537,JAINREC
INE966C01010,Jainco Projects India Ltd,bse,,526865,JAINCO
INE280F01019,Jainex Aamcol Ltd,bse,,505212,JAINEX
INE058D01030,Jaipan Industries Ltd,bse,,505840,JAIPAN
INE351F01018,Jaiprakash Power Ventures Limited,both nse/bse,JPPOWER,532627,JPPOWER
INE718P01017,James Warren Tea Ltd,bse,,538564,JAMESWARREN
INE039C01032,Jamna Auto Industries Limited,both nse/bse,JAMNAAUTO,520051,JAMNAAUTO
INE462D01034,Jamshri Realty Ltd-$,bse,,502901,JAMSHRI
INE953L01027,Jana Small Finance Bank Limited,both nse/bse,JSFB,544118,JSFB
INE00YJ01010,Jaro Institute of Technology Management and Research Limited,both nse/bse,JARO,544534,JARO
INE0QXV01014,Jasch Gauging Technologies Ltd,bse,,544112,JGTL
INE711C01028,Jasch Industries Ltd,bse,,500220,JASCH
INE039O01029,Jash Engineering Limited,both nse/bse,JASH,544402,JASH
INE722N01014,Jattashankar Industries Ltd,bse,,514318,JATTAINDUS
INE593O01017,Jauss Polymers Ltd,bse,,526001,JAUSPOL
INE1DRH01011,Jay Ambe Supermarkets Ltd,bse,,544514,CITYSQUARE
INE571B01036,Jay Bharat Maruti Limited,both nse/bse,JAYBARMARU,520066,JAYBARMARU
INE0MSS01019,Jay Kailash Namkeen Ltd,bse,,544160,JAYKAILASH
INE289D01015,Jay Ushin Ltd,bse,,513252,JAYUSH
INE998D01011,Jayabharat Credit Ltd-$,bse,,501311,JAYBHCR
INE785A01026,Jayant Agro Organics Limited,both nse/bse,JAYAGROGN,524330,JAYAGROGN
INE0KR801019,Jayant Infratech Ltd,bse,,543544,JAYANT
INE854B01010,Jayaswal Neco Industries Limited,both nse/bse,JAYNECOIND,522285,JAYNECOIND
INE246D01015,Jayatma Enterprises Ltd,bse,,539005,JAYATMA
INE250D01017,Jayatma Industries Ltd,bse,,531323,JAYIND
INE903A01025,Jaykay Enterprises Limited,both nse/bse,JAYKAY,500306,JAYKAY
INE693E01016,Jayshree Chemicals Ltd,bse,,506520,JAYCH
INE364A01020,Jayshree Tea & Industries Limited,both nse/bse,JAYSREETEA,509715,JAYSREETEA
INE263B01022,Jaysynth Orgochem Ltd,bse,,524592,JAYSYNTH
INE927D01051,JBM Auto Limited,both nse/bse,JBMA,532605,JBMA
INE14VP01014,JD Cables Ltd,bse,,544524,JDCABLES
INE0J5801029,Jeena Sikho Lifecare Limited,both nse/bse,JSLL,544476,JSLL
INE987E01012,Jeet Machine Tools Ltd,bse,,513012,ZJEETMAC
INE237B01018,Jeevan Scientific Technology Ltd,bse,,538837,JSTL
INE354A01013,Jenburkt Pharmaceuticals Ltd,bse,,524731,JENBURPH
INE982V01025,Jet Freight Logistics Limited,both nse/bse,JETFREIGHT,543420,JETFREIGHT
INE155R01018,Jet Solar Ltd,bse,,538794,JETSOLAR
INE919C01019,Jetking Infotrain Ltd,bse,,517063,JETKINGQ
INE841Y01019,Jhandewalas Foods Ltd,bse,,540850,JFL
INE865D01012,Jhaveri Credits & Capital Ltd,bse,,531550,JHACC
INE544H01014,JHS Svendgaard Laboratories Limited,both nse/bse,JHS,532771,JHS
INE03DD01011,JHS Svendgaard Retail Ventures Limited,both nse/bse,RETAIL,544197,RETAIL
INE943X01015,Jigar Cables Ltd,bse,,540651,JIGAR
INE356F01017,Jindal Capital Ltd,bse,,530405,JINDCAP
INE742C01031,Jindal Drilling And Industries Limited,both nse/bse,JINDRILL,511034,JINDRILL
INE726D01016,Jindal Hotels Ltd,bse,,507981,JINDHOT
INE919T01013,Jindal Leasefin Ltd,bse,,539947,JLL
INE796G01012,Jindal Photo Limited,both nse/bse,JINDALPHOT,532624,JINDALPHOT
INE197D01010,Jindal Poly Films Limited,both nse/bse,JINDALPOLY,500227,JINDALPOLY
INE147P01019,Jindal Poly Investment and Finance Company Limited,both nse/bse,JPOLYINVST,536773,JPOLYINVST
INE324A01032,Jindal Saw Limited,both nse/bse,JINDALSAW,500378,JINDALSAW
INE220G01021,Jindal Stainless Limited,both nse/bse,JSL,532508,JSL
INE749A01030,JINDAL STEEL LIMITED,both nse/bse,JINDALSTEL,532286,JINDALSTEL
INE247D01039,Jindal Worldwide Limited,both nse/bse,JINDWORLD,531543,JINDWORLD
INE1FF001016,Jinkushal Industries Limited,both nse/bse,JKIPL,544547,JKIPL
INE758E01017,Jio Financial Services Limited,both nse/bse,JIOFIN,543940,JIOFIN
INE863T01013,JITF Infralogistics Limited,both nse/bse,JITFINFRA,540311,JITFINFRA
INE0V3T01017,Jivial Industries Ltd,bse,,544805,JIVIAL
INE584C01011,JJ Finance Corporation Ltd,bse,,523062,JJFINCOR
INE690O01011,JK Agri Genetics Ltd,bse,,536493,JKAGRI
INE823G01014,JK Cement Limited,both nse/bse,JKCEMENT,532644,JKCEMENT
INE786A01032,JK Lakshmi Cement Limited,both nse/bse,JKLAKSHMI,500380,JKLAKSHMI
INE789E01012,JK Paper Limited,both nse/bse,JKPAPER,532162,JKPAPER
INE573A01042,JK Tyre & Industries Limited,both nse/bse,JKTYRE,530007,JKTYRE
INE401Q01018,JLA Infraville Shoppers Ltd,bse,,538765,JSHL
INE780C01023,JM Financial Limited,both nse/bse,JMFINANCIL,523405,JMFINANCIL
INE047E01031,JMD Ventures Ltd,bse,,511092,JMDVL
INE242Q01016,JMJ Fintech Ltd,bse,,538834,JMJFIN
INE0OAF01028,JNK India Limited,both nse/bse,JNKINDIA,544167,JNKINDIA
INE839G01010,Jocil Limited,nse,JOCIL,,
INE515A01019,John Cockerill India Limited,both nse/bse,COCKERILL,500147,COCKERILL
INE560F01022,Johnson Pharmacare Ltd,bse,,532154,JOHNPHARMA
INE024B01010,Joindre Capital Services Ltd,bse,,531861,JOINDRE
INE131N01018,Jointeca Education Solutions Ltd,bse,,534659,JOINTECAED
INE312M01024,JOJO Ltd,bse,,531910,JOJO
INE289M01016,Jolly Plastic Industries Ltd,bse,,507968,JOLYPLS
INE793Z01027,Jonjua Overseas Ltd,bse,,542446,JONJUA
INE636D01041,Josts Engineering Company Ltd,bse,,505750,JOSTS
INE581L01018,JSL Industries Ltd,bse,,504080,JSLINDL
INE718I01012,JSW Cement Limited,both nse/bse,JSWCEMENT,544480,JSWCEMENT
INE133A01011,JSW Dulux Limited,both nse/bse,JSWDULUX,500710,JSWDULUX
INE121E01018,JSW Energy Limited,both nse/bse,JSWENERGY,533148,JSWENERGY
INE824G01012,JSW Holdings Limited,both nse/bse,JSWHL,532642,JSWHL
INE880J01026,JSW Infrastructure Limited,both nse/bse,JSWINFRA,543994,JSWINFRA
INE019A01038,JSW Steel Limited,both nse/bse,JSWSTEEL,500228,JSWSTEEL
INE643A01035,Jtekt India Limited,both nse/bse,JTEKTINDIA,520057,JTEKTINDIA
INE391J01032,JTL INDUSTRIES LIMITED,both nse/bse,JTLIND,534600,JTLIND
INE03CC01015,Jubilant Agri and Consumer Products Limited,both nse/bse,JUBLCPL,544355,JUBLCPL
INE797F01020,Jubilant Foodworks Limited,both nse/bse,JUBLFOOD,533155,JUBLFOOD
INE0BY001018,Jubilant Ingrevia Limited,both nse/bse,JUBLINGREA,543271,JUBLINGREA
INE700A01033,Jubilant Pharmova Limited,both nse/bse,JUBLPHARMA,530019,JUBLPHARMA
INE890N01027,Julien Agro Infratech Ltd,bse,,536073,JULIEN
INE412C01023,Jullundur Motor Agency (Delhi) Limited,nse,JMA,,
INE699D01015,Jumbo Bag Ltd,bse,,516078,JUMBO
INE122N01017,Jumbo Finance Ltd,bse,,511060,JUMBFNL
INE0WCH01015,Jungle Camps India Ltd,bse,,544304,JUNGLECAMP
INE05C901015,Juniper Green Energy Limited,both nse/bse,JNPR,544853,JNPR
INE696F01016,Juniper Hotels Limited,both nse/bse,JUNIPER,544129,JUNIPER
INE990E01016,Jupiter Industries & Leasing Ltd,bse,,507987,JPTRLES
INE524N01014,Jupiter Infomedia Ltd,bse,,534623,JUPITERIN
INE682M01020,Jupiter Life Line Hospitals Limited,both nse/bse,JLHL,543980,JLHL
INE209L01016,Jupiter Wagons Limited,both nse/bse,JWL,533272,JWL
INE599M01018,Just Dial Limited,both nse/bse,JUSTDIAL,535648,JUSTDIAL
INE0W5Q01017,Justo Realfintech Ltd,bse,,544542,JUSTO
INE043R01016,Jyot International Marketing Ltd,bse,,542544,JYOTIN
INE668F01031,Jyothy Labs Limited,both nse/bse,JYOTHYLAB,532926,JYOTHYLAB
INE980O01024,Jyoti CNC Automation Limited,both nse/bse,JYOTICNC,544081,JYOTICNC
INE511D01012,Jyoti Ltd-$,bse,,504076,JYOTI
INE577D01013,Jyoti Resins & Adhesives Ltd,bse,,514448,JYOTIRES
INE197A01024,Jyoti Structures Limited,both nse/bse,JYOTISTRUC,513250,JYOTISTRUC
INE0EOJ01014,K K Silk Mills Ltd,bse,,544624,KKSILK
INE078T01026,K&R Rail Engineering Ltd,bse,,514360,KRRAIL
INE1IE301018,K. V. Toys India Ltd,bse,,544641,KVTOYS
INE157H01023,K.M.Sugar Mills Limited,both nse/bse,KMSUGAR,532673,KMSUGAR
INE127T01021,K.P. Energy Limited,both nse/bse,KPEL,539686,KPEL
INE930H01031,K.P.R. Mill Limited,both nse/bse,KPRMILL,532889,KPRMILL
INE282Y01016,Kaarya Facilities and Services Ltd,bse,,540756,KAARYAFSL
INE926E01010,Kabra Commercial Ltd,bse,,539393,KCL
INE323K01017,Kabra Drugs Ltd,bse,,524322,KABRADG
INE900B01029,Kabra Extrusion Technik Limited,both nse/bse,KABRAEXTRU,524109,KABRAEXTRU
INE645C01010,Kabsons Industries Ltd,bse,,524675,KABSON
INE059E01010,Kachchh Minerals Ltd,bse,,531778,KACHCHH
INE04T901017,Kahan Packaging Ltd,bse,,543979,KAHAN
INE375D01012,Kaira Can Company Ltd,bse,,504840,KAIRA
INE820M01018,Kairosoft AI Solutions Ltd,bse,,506122,VOLKAI
INE229G01022,Kaiser Corporation Ltd,bse,,531780,KACL
INE891N01017,Kaizen Agro Infrabuild Ltd,bse,,538833,KAIZENAGRO
INE956V01011,Kajal Synthetics & Silk Mills Ltd,bse,,512147,KAJALSY
INE217B01036,Kajaria Ceramics Limited,both nse/bse,KAJARIACER,500233,KAJARIACER
INE0P3N01018,Kaka Industries Ltd,bse,,543939,KAKA
INE437B01014,Kakatiya Cement Sugar & Industries Limited,both nse/bse,KAKATCEM,500234,KAKATCEM
INE092E01011,Kakatiya Textiles Ltd,bse,,521054,KAKTEX
INE377D01026,Kalind Ltd,bse,,526935,KALIND
INE629F01025,Kallam Textiles Ltd-$,bse,,530201,KALLAM
INE059Q01014,Kalpa Commercial Ltd,bse,,539014,KALPACOMME
INE227J01012,Kalpataru Limited,both nse/bse,KALPATARU,544423,KALPATARU
INE220B01022,Kalpataru Projects International Limited,both nse/bse,KPIL,522287,KPIL
INE149Q01021,Kalyan Capitals Ltd,bse,,538778,KALYANCAP
INE303R01014,Kalyan Jewellers India Limited,both nse/bse,KALYANKJIL,543278,KALYANKJIL
INE0N6U01018,Kalyani Cast-Tech Ltd,bse,,544023,KALYANI
INE610E01010,Kalyani Commercials Limited,nse,KALYANI,,
INE314G01014,Kalyani Forge Limited,both nse/bse,KALYANIFRG,513509,KALYANIFRG
INE029L01018,Kalyani Investment Company Limited,both nse/bse,KICL,533302,KICL
INE907A01026,Kalyani Steels Limited,both nse/bse,KSL,500235,KSL
INE411F01010,Kama Holdings Limited,both nse/bse,KAMAHOLD,532468,KAMAHOLD
INE535C01013,Kamadgiri Fashion Ltd-$,bse,,514322,KAMADGIRI
INE344D01018,Kamanwala Housing Construction Ltd,bse,,511131,KAMANWALA
INE967C01018,Kamat Hotels (I) Limited,both nse/bse,KAMATHOTEL,526668,KAMATHOTEL
INE390H01020,Kamdhenu Limited,both nse/bse,KAMDHENU,532741,KAMDHENU
INE0BTI01037,Kamdhenu Ventures Limited,both nse/bse,KAMOPAINTS,543747,KAMOPAINTS
INE879E01037,Kanani Industries Limited,both nse/bse,KANANIIND,506184,KANANIIND
INE081G01019,Kanchi Karpooram Limited,both nse/bse,KANCHI,538896,KANCHI
INE398L01017,Kanco Tea & Industries Ltd,bse,,541005,KANCOTEA
INE252C01023,Kanel Industries Ltd,bse,,500236,KANELIND
INE163401016,Kanishk Aluminium India Ltd,bse,,544693,KANISHK
INE791E01018,Kanishk Steel Industries Ltd,bse,,513456,KANSHST
INE138C01024,Kanoria Chemicals & Industries Limited,both nse/bse,KANORICHEM,506525,KANORICHEM
INE534E01020,Kanoria Energy & Infrastructure Ltd,bse,,539620,KEIL
INE694E01014,Kanpur Plastipack Limited,both nse/bse,KANPRPLA,507779,KANPRPLA
INE531A01024,Kansai Nerolac Paints Limited,both nse/bse,KANSAINER,500165,KANSAINER
INE453S01015,Kanungo Financiers Ltd,bse,,540515,KANUNGO
INE332Q01023,Kapil Raj Finance Ltd,bse,,539679,KAPILRAJ
INE542Z01028,Kapston Services Limited,nse,KAPSTON,,
INE327D01013,Karan Woo Sin Ltd,bse,,526115,KARANWO
INE0V8A01016,Karbonsteel Engineering Ltd,bse,,544511,KARBON
INE725L01011,Karma Energy Limited,both nse/bse,KARMAENG,533451,KARMAENG
INE554R01020,Karnavati Finance Ltd,bse,,538928,KARNAVATI
INE214D01021,Karnawati Innovation Ltd,bse,,531671,KARNAWATI
INE576P01019,Karnimata Cold Storage Ltd,bse,,537784,KCSL
INE524U01019,Kartik Investments Trust Ltd,bse,,501151,KARTKIN
INE036D01028,Karur Vysya Bank Limited,both nse/bse,KARURVYSYA,590003,KARURVYSYA
INE0T1301023,Kasturi Metal Composite Ltd,bse,,544688,KASTURI
INE498G01015,Katare Spinning Mills Ltd,bse,,502933,KATRSPG
INE237C01016,Kati Patang Lifestyle Ltd,bse,,531126,KATIPATANG
INE234I01028,Kaushalya Infrastructure Development Corporation Limited,both nse/bse,KAUSHALYA,532925,KAUSHALYA
INE455I01029,Kaveri Seed Company Limited,both nse/bse,KSCL,532899,KSCL
INE641C01019,Kavveri Defence & Wireless Technologies Limited,both nse/bse,KAVDEFENCE,590041,KAVDEFENCE
INE961B01013,Kay Power and Paper Ltd,bse,,530255,KAYPOWR
INE587G01015,Kaya Limited,both nse/bse,KAYA,539276,KAYA
INE813G01023,Kaycee Industries Ltd,bse,,504084,KAYCEEI
INE918Z01012,Kaynes Technology India Limited,both nse/bse,KAYNES,543664,KAYNES
INE883D01023,KBS India Ltd,bse,,530357,KBSINDIA
INE185U01035,KCD Industries India Ltd,bse,,540696,KCDGROUP
INE469F01026,KCL Infra Projects Ltd,bse,,531784,KCLINFRA
INE805C01028,KCP Limited,both nse/bse,KCP,590066,KCP
INE790B01024,KCP Sugar and Industries Corporation Limited,both nse/bse,KCPSUGIND,533192,KCPSUGIND
INE291D01011,KDDL Limited,both nse/bse,KDDL,532054,KDDL
INE389H01022,KEC International Limited,both nse/bse,KEC,532714,KEC
INE145L01012,Keerthi Industries Ltd,bse,,518011,KEERTHI
INE878B01027,KEI Industries Limited,both nse/bse,KEI,517569,KEI
INE164B01030,Kellton Tech Solutions Limited,both nse/bse,KELLTONTEC,519602,KELLTONTEC
INE881E01017,KELTECH Energies Ltd,bse,,506528,KELENRG
INE971L01029,Kemistar Corporation Ltd,bse,,531163,KEMISTAR
INE060E01018,Kemp & Company Ltd,bse,,506530,KEMP
INE395E01018,Ken Financial Services Ltd,bse,,530547,KENFIN
INE717A01029,Kennametal India Limited,both nse/bse,KENNAMET,505890,KENNAMET
INE0AOG01018,Kenrik Industries Ltd,bse,,544398,KENRIK
INE923Y01023,Kenvi Jewels Ltd,bse,,540953,KENVI
INE817B01025,Kerala Ayurveda Ltd,bse,,530163,KERALAYUR
INE202H01019,Kernex Microsystems (India) Limited,both nse/bse,KERNEX,532686,KERNEX
INE133B01027,Kesar Enterprises Ltd-$,bse,,507180,KESARENT
INE0L1C01019,Kesar India Ltd,bse,,543542,KESAR
INE133C01033,Kesar Petroproducts Ltd,bse,,524174,KESARPE
INE096L01025,Kesar Terminals & Infrastructure Ltd,bse,,533289,KTIL
INE087A01019,Kesoram Industries Limited,both nse/bse,KESORAMIND,502937,KESORAMIND
INE401H01017,Kewal Kiran Clothing Limited,both nse/bse,KKCL,532732,KKCL
INE130F01016,Key Corporation Ltd,bse,,507948,KEYCORP
INE681C01015,Keynote Financial Services Limited,both nse/bse,KEYFINSERV,512597,KEYFINSERV
INE263M01029,Keystone Realtors Limited,both nse/bse,RUSTOMJEE,543669,RUSTOMJEE
INE138Y01010,Kfin Technologies Limited,both nse/bse,KFINTECH,543720,KFINTECH
INE104A01012,KG Denim Ltd,bse,,500239,KGDENIM
INE902G01016,KG Petrochem Ltd,bse,,531609,KGPETRO
INE834I01025,Khadim India Limited,both nse/bse,KHADIM,540775,KHADIM
INE731C01018,Khaitan (India) Limited,both nse/bse,KHAITANLTD,590068,KHAITANLTD
INE745B01028,Khaitan Chemicals & Fertilizers Limited,both nse/bse,KHAICHEM,507794,KHAICHEM
INE687W01010,Khandelwal Extractions Ltd,bse,,519064,ZKHANDEN
INE060B01014,Khandwala Securities Limited,both nse/bse,KHANDSE,531892,KHANDSE
INE0OWC01011,Khazanchi Jewellers Ltd,bse,,543953,KHAZANCHI
INE030U01025,Khemani Distributors & Marketing Ltd,bse,,539788,KDML
INE731G01027,Khoobsurat Ltd,bse,,535730,KHOOBSURAT
INE0S9501014,Khyati Global Ventures Ltd,bse,,544270,KGVL
INE593B01030,Khyati Multimedia Entertainment Ltd,bse,,531692,KHYATI
INE1C3F01018,Kiaasa Retail Ltd,bse,,544711,KIAASA
INE434C01027,KIC Metaliks Ltd,bse,,513693,KAJARIR
INE845A01028,Kiduja India Ltd,bse,,507946,KIDUJA
INE902D01013,KIFS Financial Services Ltd,bse,,535566,KIFS
INE338F01015,Kilburn Engineering Limited,both nse/bse,KLBRENG-B,522101,KLBRENG-B
INE729D01010,Kilitch Drugs (India) Limited,both nse/bse,KILITCH,524500,KILITCH
INE285U01025,Kimia Biosciences Ltd,bse,,530313,KIMIABL
INE266B01017,Kinetic Engineering Ltd,bse,,500240,KINETICENG
INE674M01019,Kinetic Trust Ltd,bse,,531274,KINETRU
INE473D01015,Kingfa Science & Technology (India) Limited,both nse/bse,KINGFA,524019,KINGFA
INE050N01010,Kings Infra Ventures Ltd,bse,,530215,KINGSINFR
INE880L01014,KIOCL Limited,both nse/bse,KIOCL,540680,KIOCL
INE293D01017,Kiran Syntex Ltd,bse,,530443,KIRANSY-B
INE555P01013,Kiran Vyapar Limited,both nse/bse,KIRANVYPAR,537750,KIRANVYPAR
INE415I01015,Kiri Industries Limited,both nse/bse,KIRIINDUS,532967,KIRIINDUS
INE732A01036,Kirloskar Brothers Limited,both nse/bse,KIRLOSBROS,500241,KIRLOSBROS
INE134B01017,Kirloskar Electric Company Limited,both nse/bse,KECL,533193,KECL
INE884B01025,Kirloskar Ferrous Industries Limited,both nse/bse,KIRLFER,500245,KIRLFER
INE250A01039,Kirloskar Industries Limited,both nse/bse,KIRLOSIND,500243,KIRLOSIND
INE146L01010,Kirloskar Oil Engines Limited,both nse/bse,KIRLOSENG,533293,KIRLOSENG
INE811A01020,Kirloskar Pneumatic Company Limited,both nse/bse,KIRLPNU,505283,KIRLPNU
INE102C01020,Kisaan Parivar Industries Ltd,bse,,519230,KISAAN
INE017C01012,Kisan Mouldings Ltd-$,bse,,530145,KISAN
INE602G01020,Kitex Garments Limited,both nse/bse,KITEX,521248,KITEX
INE0RMR01013,Kizi Apparels Ltd,bse,,544221,KIZI
INE602C01011,KJMC Corporate Advisors (India) Ltd,bse,,532304,KJMCCORP
INE533C01018,KJMC Financial Services Ltd,bse,,530235,KJMCFIN
INE0OH401016,KK Shah Hospitals Ltd,bse,,544013,KKSHL
INE301C01028,Kkalpana Industries (India) Ltd,bse,,526409,KKALPANAIND
INE879K01018,KMC Speciality Hospitals (India) Ltd,bse,,524520,KMCSHIL
INE580H01026,KMF Builders & Developers Ltd,bse,,531578,KMFBLDR
INE873N01015,KMG Milk Food Ltd,bse,,519415,KMGMILK
INE870V01014,KMS Medisurgi Ltd,bse,,540468,KMSMEDI
INE0KNW01016,KN Agri Resources Limited,nse,KNAGRI,,
INE17QZ01016,Knack Packaging Limited,both nse/bse,KNACK,544814,KNACK
INE0CJD01029,Knowledge Marine & Engineering Works Limited,both nse/bse,KMEW,543273,KMEW
INE634I01029,KNR Constructions Limited,both nse/bse,KNRCON,532942,KNRCON
INE881A01015,Kobo Biotech Ltd-$,bse,,531541,KOBO
INE080B01012,Kohinoor Foods Limited,both nse/bse,KOHINOOR,512559,KOHINOOR
INE760A01029,Kokuyo Camlin Limited,both nse/bse,KOKUYOCMLN,523207,KOKUYOCMLN
INE094I01018,Kolte - Patil Developers Limited,both nse/bse,KOLTEPATIL,532924,KOLTEPATIL
INE971A01014,Konndor Industries Ltd,bse,,532397,KONNDOR
INE082A01010,Kopran Limited,both nse/bse,KOPRAN,524280,KOPRAN
INE237A01036,Kotak Mahindra Bank Limited,both nse/bse,KOTAKBANK,500247,KOTAKBANK
INF174KA1LV5,Kotak Nifty 1D Rate Liquid ETF,bse,,590139,LIQUID1
INF174K014P6,Kotak Nifty 50 ETF,bse,,537708,NIFTY1
INF174KA1IA5,Kotak Nifty Alpha 50 ETF,bse,,590154,ALPHA
INF174KA1ZB7,Kotak Nifty Bank ETF,bse,,590136,BANKNIFTY1
INF174KA1A86,Kotak Nifty PSU Bank ETF,bse,,590107,PSUBANK
INF174KA1JD7,Kotak S&P BSE Sensex ETF,bse,,532985,SENSEX1
INE991B01010,Kothari Fermentation & Biochem Ltd,bse,,507474,KFBL
INE972A01020,Kothari Industrial Corporation Limited,both nse/bse,KOTIC,509732,KOTIC
INE720A01015,Kothari Petrochemicals Limited,nse,KOTHARIPET,,
INE823A01017,Kothari Products Limited,both nse/bse,KOTHARIPRO,530299,KOTHARIPRO
INE419A01022,Kothari Sugars And Chemicals Limited,nse,KOTARISUG,,
INE079C01012,Kotia Enterprises Ltd,bse,,539599,KEL
INE0J0B01017,Kotyark Industries Limited,both nse/bse,KOTYARK,544726,KOTYARK
INE0M8R01011,Koura Fine Diamond Jewelry Ltd,bse,,544139,KOURA
INE177F01017,Kovai Medical Center & Hospital Limited,both nse/bse,KOVAI,523323,KOVAI
INE735U01011,Kovalam Investment & Trading Company Ltd,bse,,505585,ZKOVALIN
INE014E01015,Kovilpatti Lakshmi Roller Flour Mills Ltd,bse,,507598,KLRFM
INE0QVH01025,KP Green Engineering Ltd,bse,,544150,KPGEL
INE542W01025,KPI Green Energy Limited,both nse/bse,KPIGREEN,542323,KPIGREEN
INE04I401011,KPIT Technologies Limited,both nse/bse,KPITTECH,542651,KPITTECH
INE731D01024,KPT Industries Ltd,bse,,505299,KPT
INE911T01010,Kranti Industries Ltd,bse,,542459,KRANTI
INE1L0M01019,Kratikal Tech Ltd,bse,,544811,KRATIKAL
INE001B01026,KRBL Limited,both nse/bse,KRBL,530813,KRBL
INE268B01013,Krebs Biochemicals and Industries Limited,both nse/bse,KREBSBIO,524518,KREBSBIO
INE302C01018,Kreon Finnancial Services Ltd,bse,,530139,KREONFIN
INE128R01023,Kretto Syscon Ltd,bse,,531328,KRETTOSYS
INE524L01026,Kridhan Infra Limited,both nse/bse,KRIDHANINF,533482,KRIDHANINF
INE506W01020,Krishana Phoschem Limited,nse,KRISHANA,,
INE013J01016,Krishanveer Forge Ltd,bse,,513369,KVFORGE
INE0GGO01015,Krishival Foods Limited,both nse/bse,KRISHIVAL,544416,KRISHIVAL
INE0J5601015,Krishna Defence And Allied Industries Limited,nse,KRISHNADEF,,
INE073A01019,Krishna Filament Industries Ltd,bse,,500248,KRIFILIND
INE967H01025,Krishna Institute of Medical Sciences Limited,both nse/bse,KIMS,543308,KIMS
INE537L01010,Krishna Ventures Ltd,bse,,504392,KRISHNA
INE479D01038,Kriti Industries (India) Limited,both nse/bse,KRITI,526423,KRITI
INE798K01010,Kriti Nutrients Limited,both nse/bse,KRITINUT,533210,KRITINUT
INE00Z501029,Kritika Wires Limited,nse,KRITIKA,,
INE0Q3J01015,KRN Heat Exchanger and Refrigeration Limited,both nse/bse,KRN,544263,KRN
INE0ATZ01017,Kronox Lab Sciences Limited,both nse/bse,KRONOX,544187,KRONOX
INE0O6601022,Kross Limited,both nse/bse,KROSS,544253,KROSS
INE08LI01020,Krsnaa Diagnostics Limited,both nse/bse,KRSNAA,543328,KRSNAA
INE0XZB01017,Krupalu Metals Ltd,bse,,544509,KRUPALU
INE951B01014,Krypton Industries Ltd,bse,,523550,KRYPTONQ
INE0QN801017,Krystal Integrated Services Limited,both nse/bse,KRYSTAL,544149,KRYSTAL
INE737E01011,KS Smart Technologies Ltd,bse,,516038,KSSMART
INE999A01023,Ksb Limited,both nse/bse,KSB,500249,KSB
INE953E01022,KSE Ltd-$,bse,,519421,KSE
INE987S01020,KSH International Limited,both nse/bse,KSHINTL,544664,KSHINTL
INE013801027,Kshitij Polyline Limited,nse,KSHITIJPOL,,
INE0D6I01023,Ksolves India Limited,both nse/bse,KSOLVES,543599,KSOLVES
INE1SPP01016,KSR Footwear Limited,both nse/bse,KSR,544615,KSR
INE529I01021,Kuantum Papers Limited,both nse/bse,KUANTUM,532937,KUANTUM
INE594R01018,Kuber Udyog Ltd,bse,,539408,KUBERJI
INE04CO01018,Kuberan Global Edu Solutions Ltd,bse,,543289,KGES
INE795E01019,Kumbhat Financial Services Ltd,bse,,526869,KUMPFIN
INE638D01021,Kunststoffe Industries Ltd,bse,,523594,KUNSTOFF
INE175Q01018,Kusam Electrical Industries Ltd,bse,,511048,KUSUMEL
INE979D01011,Kush Industries Ltd,bse,,514240,KUSHIND
INE0ISX01025,Kusumgar Limited,both nse/bse,KUSUMGAR,544821,KUSUMGAR
INE430F01010,Kuwer Industries Ltd,bse,,530421,KUWERIN
INE163701019,KVS Castings Ltd,bse,,544554,KVSCASTING
INE552U01010,Kwality Pharmaceuticals Limited,both nse/bse,KPL,539997,KPL
INE2KCE01013,Kwality Wall's (India) Limited,both nse/bse,KWIL,544622,KWIL
INE006C01015,KZ Leasing & Finance Ltd,bse,,511728,KZLFIN
INE498L01015,L&T Finance Limited,both nse/bse,LTF,533519,LTF
INE010V01017,L&T Technology Services Limited,both nse/bse,LTTS,540115,LTTS
INE0TJ801010,L. T. Elevator Ltd,bse,,544518,LTELEVATOR
INE0FFF01017,L.K.Mehta Polymers Ltd,bse,,544366,LKMEHTA
INE059D01020,La Opala RG Limited,both nse/bse,LAOPALA,526947,LAOPALA
INE501N01020,La Tim Metal & Industries Ltd,bse,,505693,LATIMMETAL
INE0NLJ01011,Labelkraft Technologies Ltd,bse,,543830,LABELKRAFT
INE058I01013,Lactose India Ltd,bse,,524202,LACTOSE
INE213U01019,Ladam Affordable Housing Ltd,bse,,540026,LAHL
INE519D01015,Ladderup Finance Ltd,bse,,530577,LADDERUP
INE546I01025,Laddu Gopal Online Services Ltd,bse,,537707,LADDU
INE919B01011,Laffans Petrochemicals Ltd-$,bse,,524522,LAFFANSQ
INE548Z01017,Lagnam Spintex Limited,nse,LAGNAM,,
INE515C01023,Lahoti Overseas Limited,both nse/bse,LAHOTIOV,531842,LAHOTIOV
INE734D01010,Lake Shore Realty Ltd,bse,,519612,LAKESHORE
INE191O01010,Lakhotia Polyesters (India) Ltd,bse,,535387,LAKHOTIA
INE284C01018,Lakshmi Electrical Control Systems Ltd,bse,,504258,LAKSELEC
INE718M01022,Lakshmi Engineering And Warehousing Ltd,bse,,505302,LAKSHMIEW
INE850E01012,Lakshmi Finance & Industrial Corporation Limited,nse,LFIC,,
INE938C01019,Lakshmi Mills Company Ltd-$,bse,,502958,LAKSHMIMIL
INE651C01018,Lakshmi Precision Screws Limited,both nse/bse,LAKPRE,506079,LAKPRE
INE112F01022,Lambodhara Textiles Limited,both nse/bse,LAMBODHARA,590075,LAMBODHARA
INE359U01028,Lancer Container Lines Ltd,bse,,539841,LANCER
INE572G01025,Lancor Holdings Limited,both nse/bse,LANCORHOL,509048,LANCORHOL
INE394C01023,Landmarc Leisure Corporation Ltd,bse,,532275,LANDMARC
INE559R01029,Landmark Cars Limited,both nse/bse,LANDMARK,543714,LANDMARK
INE12QA01010,Landmark Global Learning Ltd,bse,,544341,LGLL
INE197J01017,Landmark Property Development Company Limited,both nse/bse,LPDC,533012,LPDC
INE688J01023,Landsmill Green Limited,both nse/bse,LANDSMILL,533090,LANDSMILL
INE018A01030,Larsen & Toubro Limited,both nse/bse,LT,500510,LT
INE670X01014,Lasa Supergenerics Limited,both nse/bse,LASA,540702,LASA
INE17IR01028,Laser Power & Infra Limited,both nse/bse,LASERPOWER,544822,LASERPOWER
INE404B01022,Last Mile Enterprises Ltd,bse,,526961,LASTMILE
INE0I7C01011,Latent View Analytics Limited,both nse/bse,LATENTVIEW,543398,LATENTVIEW
INE262Z01023,Latteys Industries Limited,nse,LATTEYS,,
INE947Q01028,Laurus Labs Limited,both nse/bse,LAURUSLABS,540222,LAURUSLABS
INE801V01019,Laxmi Cotspin Limited,nse,LAXMICOT,,
INE0WO601020,Laxmi Dental Limited,both nse/bse,LAXMIDENTL,544339,LAXMIDENTL
INE258Y01016,Laxmi Goldorna House Limited,nse,LGHL,,
INE06WU01026,Laxmi India Finance Limited,both nse/bse,LAXMIINDIA,544465,LAXMIINDIA
INE576O01020,Laxmi Organic Industries Limited,both nse/bse,LXCHEM,543277,LXCHEM
INE920P01019,Laxmipati Engineering Works Ltd,bse,,537669,LAXMIPATI
INE938A01021,LCC Infotech Limited,both nse/bse,LCCINFOTEC,532019,LCCINFOTEC
INE204S01012,LE Lavoir Ltd,bse,,539814,LELAVOIR
INE0G1L01025,Le Merite Exports Limited,nse,LEMERITE,,
INE0HV901016,Le Travenues Technology Limited,both nse/bse,IXIGO,544192,IXIGO
INE531D01010,Lead Financial Services Ltd,bse,,531288,LEADFIN
INE715Q01029,Leading Leasing Finance And Investment Company Ltd,bse,,540360,LLFICL
INE0X6O01027,Leapfrog Engineering Services Ltd,bse,,544797,LESL
INE791B01014,Lee & Nee Softwares Exports Ltd,bse,,517415,LEENEE
INE0AQ201015,Leela Palaces Hotels & Resorts Limited,both nse/bse,THELEELA,544408,THELEELA
INE976H01018,Lehar Footwears Ltd,bse,,532829,LEHAR
INE970X01018,Lemon Tree Hotels Limited,both nse/bse,LEMONTREE,541233,LEMONTREE
INE956O01016,Lenskart Solutions Limited,both nse/bse,LENSKART,544600,LENSKART
INE0RH001011,Leo Dryfruits & Spices Trading Ltd,bse,,544329,VANDU
INE347D01011,Lerthai Finance Ltd,bse,,502250,LERTHAI
INE050L01048,Lesha Industries Ltd,bse,,533602,LESHAIND
INE860Y01019,Lex Nimble Solutions Ltd,bse,,541196,LEX
INE745A01012,Lexora Global Ltd,bse,,512345,LEXGLOBAL
INE185D01015,Lexoraa Industries Ltd,bse,,531944,LEXORAA
INE500X01013,Lexus Granito (India) Limited,nse,LEXUS,,
INE337A01034,LG Balakrishnan & Bros Limited,both nse/bse,LGBBROSLTD,500250,LGBBROSLTD
INE324D01010,LG Electronics India Limited,both nse/bse,LGEINDIA,544576,LGEINDIA
INE201J01017,LGB Forge Ltd,bse,,533007,LGBFORGE
INE191201016,LGT Global Hospitality Ltd,bse,,544489,LGT
INE908V01012,Libas Consumer Products Limited,nse,LIBAS,,
INE557B01019,Liberty Shoes Limited,both nse/bse,LIBERTSHOE,526596,LIBERTSHOE
INE212B01011,Libord Finance Ltd,bse,,511593,LIBORDFIN
INE267E01019,Libord Securities Ltd,bse,,531027,LIBORD
INE115A01026,LIC Housing Finance Limited,both nse/bse,LICHSGFIN,500253,LICHSGFIN
INF767K01PC8,LIC MF Exchange Traded Fund- NIFTY 100,bse,,539784,LICNFNHGP
INF767K01OS7,LIC MF EXCHANGE TRADED FUND- NIFTY 50,bse,,539480,LICNETFN50
INF767K01OT5,LIC MF EXCHANGE TRADED FUND- SENSEX,bse,,539487,LICNETFSEN
INF767K01RN1,LIC MF Nifty Midcap 100 ETF,bse,,544123,LICNMID100
INE0J1Y01017,Life Insurance Corporation Of India,both nse/bse,LICI,543526,LICI
INE920T01011,Likhami Consulting Ltd,bse,,539927,LIKHAMI
INE060901027,Likhitha Infrastructure Limited,both nse/bse,LIKHITHA,543240,LIKHITHA
INE891G01011,Lime Chemicals Ltd,bse,,507759,LIMECHM
INE802B01027,Linc Limited,both nse/bse,LINC,531241,LINC
INE405C01035,Lincoln Pharmaceuticals Limited,both nse/bse,LINCOLN,531633,LINCOLN
INE473A01011,Linde India Limited,both nse/bse,LINDEINDIA,523457,LINDEINDIA
INE302F01011,Link Pharma Chem Ltd,bse,,524748,LINKPH
INE0TKX01011,Liotech Industries Ltd,bse,,544796,LIOTECH
INE845B01018,Lippi Systems Ltd-$,bse,,526604,LIPPISYS
INE341H01023,LKP Securities Ltd,bse,,540192,LKPSEC
INE093R01011,LLOYDS ENGINEERING WORKS LIMITED,both nse/bse,LLOYDSENGG,539992,LLOYDSENGG
INE080I01025,Lloyds Enterprises Limited,both nse/bse,LLOYDSENT,512463,LLOYDSENT
INE281B01032,Lloyds Metals And Energy Limited,both nse/bse,LLOYDSME,512455,LLOYDSME
INE269B01029,LMW Limited,both nse/bse,LMW,500252,LMW
INE670K01029,Lodha Developers Limited,both nse/bse,LODHA,543287,LODHA
INE0BSU01018,Logica Infoway Ltd,bse,,543746,LOGICA
INE1BA901016,Logiciel Solutions Ltd,bse,,544625,LOGICIEL
INE0QJW01029,Lohia Corp Limited,both nse/bse,LCL,544839,LCL
INE397H01017,Lokesh Machines Limited,both nse/bse,LOKESHMACH,532740,LOKESHMACH
INE180M01033,Longspur International Ventures Ltd,bse,,504340,LONGSPUR
INE204N01013,Looks Health Services Ltd,bse,,534422,LOOKS
INE846D01012,Lords Chloro Alkali Limited,both nse/bse,LORDSCHLO,500284,LORDSCHLO
INE689J01013,Lords Ishwar Hotels Ltd,bse,,530065,LORDSHOTL
INE740X01023,Lorenzini Apparels Limited,both nse/bse,LAL,540952,LAL
INE026D01011,Lotus Chocolate Company Ltd,bse,,523475,LOTUSCHO
INE947I01017,Lotus Eye Hospital and Institute Limited,both nse/bse,LOTUSEYE,532998,LOTUSEYE
INE597L01014,Lovable Lingerie Limited,both nse/bse,LOVABLE,533343,LOVABLE
INE876S01017,Loyal Equipments Ltd,bse,,539227,LOYAL
INE970D01010,Loyal Textile Mills Limited,both nse/bse,LOYALTEX,514036,LOYALTEX
INE818H01020,LT Foods Limited,both nse/bse,LTFOODS,532783,LTFOODS
INE214T01019,LTM Limited,both nse/bse,LTM,540005,LTM
INE983C01015,Ludlow Jute & Specialities Ltd,bse,,526179,LUDLOWJUT
INE872H01027,Lumax Auto Technologies Limited,both nse/bse,LUMAXTECH,532796,LUMAXTECH
INE162B01018,Lumax Industries Limited,both nse/bse,LUMAXIND,517206,LUMAXIND
INE326A01037,Lupin Limited,both nse/bse,LUPIN,500257,LUPIN
INE150G01020,Lux Industries Limited,both nse/bse,LUXIND,539542,LUXIND
INE1CJB01013,Luxury Time Ltd,bse,,544635,LUXURY
INE281M01013,LWS Knitwear Ltd,bse,,531402,LWSKNIT
INE933A01014,Lyka Labs Limited,both nse/bse,LYKALABS,500259,LYKALABS
INE624M01014,Lykis Ltd,bse,,530689,LYKISLTD
INE100F01019,Lyons Corporate Market Ltd,bse,,531441,LYONSCO
INE08N601015,M & B Engineering Limited,both nse/bse,MBEL,544470,MBEL
INE964W01021,M K Proteins Limited,both nse/bse,MKPL,543919,MKPL
INE808W01012,M Lakhamsi Industries Ltd,bse,,512153,MLINDLTD
INE1PJP01015,M P K Steels (I) Ltd,bse,,544553,MPKSTEELS
INE813V01022,M TEK COPPER LIMITED,nse,MCL,,
INE227F01010,M.K. Exim (India) Ltd,bse,,538890,MKEXIM
INE0YD301010,M.R.Maniveni Foods Ltd,bse,,544768,MANIVENI
INE215I01027,Maan Aluminium Limited,both nse/bse,MAANALU,532906,MAANALU
INE435D01014,Mac Charles India Limited,both nse/bse,MCCHRLS-B,507836,MCCHRLS-B
INE004Z01011,Mac Hotels Ltd,bse,,541973,MACH
INE0OLH01013,Macfos Ltd,bse,,543787,ROBU
INE0UYT01018,Mach Travel Solutions Ltd,bse,,544248,MACHLTD
INE01BT01015,Machhar Industries Ltd,bse,,543934,MACIND
INE082B01018,Machino Plastics Ltd-$,bse,,523248,MACPLASQ
INE155Z01011,Macpower CNC Machines Limited,nse,MACPOWER,,
INE002B01016,Madala Holdings Ltd,bse,,532344,MADALA
INE631R01026,Madhav Infra Projects Limited,both nse/bse,MADHAVIPL,539894,MADHAVIPL
INE925C01016,Madhav Marbles and Granites Limited,both nse/bse,MADHAV,515093,MADHAV
INE378D01032,Madhucon Projects Limited,both nse/bse,MADHUCON,531497,MADHUCON
INE469C01023,Madhusudan Industries Ltd,bse,,515059,MADHUDIN
INE900L01028,Madhya Bharat Agro Products Limited,nse,MBAPL,,
INE414A01015,Madras Fertilizers Limited,both nse/bse,MADRASFERT,590134,MADRASFERT
INE318N01011,Maestros Electronics & Telecommunications Systems Ltd,bse,,538401,METSL
INE270B01035,Mafatlal Industries Limited,both nse/bse,MAFATIND,500264,MAFATIND
INE0KQQ01011,Mafia Trends Ltd,bse,,543613,MAFIA
INE347W01011,Magadh Sugar & Energy Limited,both nse/bse,MAGADSUGAR,540650,MAGADSUGAR
INE613C01026,Magellanic Cloud Limited,both nse/bse,MCLOUD,538891,MCLOUD
INE0QZ901011,Magenta Lifecare Ltd,bse,,544188,MAGENTA
INE437D01010,Magna Electro Castings Ltd-$,bse,,517449,MAGNAELQ
INE664N01018,Magnanimous Trade & finance Ltd,bse,,512377,MAGANTR
INE387I01016,Magnum Ventures Limited,both nse/bse,MAGNUM,532896,MAGNUM
INE898E01011,Magnus Steel and Infra Ltd,bse,,517320,MAGNUS
INE843B01013,Maha Rashtra Apex Corporation Limited,both nse/bse,MAHAPEXLTD,523384,MAHAPEXLTD
INE0US801024,Mahalaxmi Fabric Mills Limited,both nse/bse,MFML,544233,MFML
INE112D01035,Mahalaxmi Rubtech Limited,both nse/bse,MHLXMIRU,514450,MHLXMIRU
INE257F01017,Mahalaxmi Seamless Ltd-$,bse,,513460,MAHALXSE
INE0U9D01019,Mahamaya Lifesciences Ltd,bse,,544611,MAHALIFE
INE451L01014,Mahamaya Steel Industries Limited,both nse/bse,MAHASTEEL,513554,MAHASTEEL
INE002S01010,Mahanagar Gas Limited,both nse/bse,MGL,539957,MGL
INE153A01019,Mahanagar Telephone Nigam Limited,both nse/bse,MTNL,500108,MTNL
INE272E01027,Maharashtra Corporation Ltd,bse,,505523,MAHACORP
INE288A01013,Maharashtra Scooters Limited,both nse/bse,MAHSCOOTER,500266,MAHSCOOTER
INE271B01025,Maharashtra Seamless Limited,both nse/bse,MAHSEAMLES,500265,MAHSEAMLES
INE007G01014,Mahasagar Travels Ltd,bse,,526795,MHSGRMS
INE019D01016,Mahaveer Infoway Ltd,bse,,539383,MAHAVEER
INE01MO01013,Mahesh Developers Ltd,bse,,542677,MAHESH
INE263W01010,Maheshwari Logistics Limited,nse,MAHESHWARI,,
INE774D01024,Mahindra & Mahindra Financial Services Limited,both nse/bse,M&MFIN,532720,M&MFIN
INE101A01026,Mahindra & Mahindra Limited,both nse/bse,M&M,500520,M&M
INE215D01010,Mahindra EPC Irrigation Limited,both nse/bse,MAHEPC,523754,MAHEPC
INE998I01010,Mahindra Holidays & Resorts India Limited,both nse/bse,MHRIL,533088,MHRIL
INE813A01018,Mahindra Lifespace Developers Limited,both nse/bse,MAHLIFE,532313,MAHLIFE
INE766P01016,Mahindra Logistics Limited,both nse/bse,MAHLOG,540768,MAHLOG
INE00CX01017,Mahip Industries Ltd,bse,,542503,MAHIP
INE0O1T01010,Maiden Forgings Ltd,bse,,543874,MAIDEN
INE683C01011,Maithan Alloys Limited,both nse/bse,MAITHANALL,590078,MAITHANALL
INE501L01024,Maitri Enterprises Ltd,bse,,513430,MAITRI
INE201B01022,Majestic Auto Limited,both nse/bse,MAJESAUT,500267,MAJESAUT
INE987A01010,Makers Laboratories Ltd-$,bse,,506919,MAKERSL
INE389C01015,Mallcom (India) Limited,both nse/bse,MALLCOM,539400,MALLCOM
INE0YON01014,Malpani Pipes And Fittings Ltd,bse,,544351,MALPANI
INE994N01019,Malt Land Distilleries Ltd,bse,,539560,MALTLAND
INE383H01017,Malu Paper Mills Limited,both nse/bse,MALUPAPER,532728,MALUPAPER
INE0TO701015,Mamata Machinery Limited,both nse/bse,MAMATA,544318,MAMATA
INE993A01026,Man Industries (India) Limited,both nse/bse,MANINDS,513269,MANINDS
INE949H01023,Man Infraconstruction Limited,both nse/bse,MANINFRA,533169,MANINFRA
INE859Q01017,Manaksia Aluminium Company Limited,both nse/bse,MANAKALUCO,539045,MANAKALUCO
INE830Q01018,Manaksia Coated Metals & Industries Limited,both nse/bse,MANAKCOAT,539046,MANAKCOAT
INE015D01022,Manaksia Limited,both nse/bse,MANAKSIA,532932,MANAKSIA
INE824Q01011,Manaksia Steels Limited,both nse/bse,MANAKSTEEL,539044,MANAKSTEEL
INE201A01024,Manali Petrochemicals Limited,both nse/bse,MANALIPETC,500268,MANALIPETC
INE522D01027,Manappuram Finance Limited,both nse/bse,MANAPPURAM,531213,MANAPPURAM
INE800W01019,Manas Properties Ltd,bse,,540402,MANAS
INE939X01013,Manba Finance Limited,both nse/bse,MANBA,544262,MANBA
INE348N01042,Manbro Industries Ltd,bse,,512595,MANBRO
INE0RU901015,Mangal Compusolution Ltd,bse,,544287,MANGALCOMP
INE545L01039,Mangal Credit and Fincorp Limited,both nse/bse,MANCREDIT,505850,MANCREDIT
INE0PKD01011,Mangal Electrical Industries Limited,both nse/bse,MEIL,544492,MEIL
INE347A01017,Mangalam Cement Limited,both nse/bse,MANGLMCEM,502157,MANGLMCEM
INE584F01014,Mangalam Drugs And Organics Limited,both nse/bse,MANGALAM,532637,MANGALAM
INE0APB01032,Mangalam Global Enterprise Limited,both nse/bse,MGEL,544273,MGEL
INE717C01025,Mangalam Industrial Finance Ltd,bse,,537800,MANGIND
INE370D01013,Mangalam Organics Limited,both nse/bse,MANORG,514418,MANORG
INE829S01016,Mangalam Seeds Ltd,bse,,539275,MSL
INE0JYY01029,Mangalam Worldwide Limited,both nse/bse,MWL,544764,MWL
INE103A01014,Mangalore Refinery and Petrochemicals Limited,both nse/bse,MRPL,500109,MRPL
INE733N01011,Manglam Global Corporations Ltd,bse,,503626,MANGLAM
INE798E01013,Manipal Finance Corporation Ltd,bse,,507938,MNPLFIN
INE459N01021,Manipal Health Enterprises Limited,both nse/bse,MANIPALHOS,544847,MANIPALHOS
INE634S01028,Mankind Pharma Limited,both nse/bse,MANKIND,543904,MANKIND
INE0A6N01026,Manoj Ceramic Ltd,bse,,544073,MCPL
INE0MV001018,Manoj Jewellers Ltd,bse,,544400,MANOJJEWEL
INE0KNT01012,Manoj Vaibhav Gems N Jewellers Limited,both nse/bse,MVGJL,543995,MVGJL
INE784W01015,Manomay Tex India Limited,both nse/bse,MANOMAY,540396,MANOMAY
INE00VM01036,Manorama Industries Limited,both nse/bse,MANORAMA,541974,MANORAMA
INE948I01015,Manraj Housing Finance Ltd,bse,,530537,MANRAJH
INE094E01017,Mansi Finance (Chennai) Ltd,bse,,511758,MANSIFIN
INE776V01013,Mansoon Trading Company Ltd,bse,,512303,ZMANSOON
INE304E01010,Mantra Capital Ltd,bse,,511577,MANTRA
INE867A01022,Manugraph India Limited,both nse/bse,MANUGRAPH,505324,MANUGRAPH
INE848M01019,Mapro Industries Ltd,bse,,509762,MAPROIN
INE882A01013,Maral Overseas Limited,both nse/bse,MARALOVER,521018,MARALOVER
INE182D01020,Marathon Nextgen Realty Limited,both nse/bse,MARATHON,503101,MARATHON
INE807H01023,Marble City India Ltd,bse,,531281,MARBLE
INE0TBQ01014,Marc Loire Fashions Ltd,bse,,544437,MARCLOIRE
INE277E01026,Mardia Samyoung Capillary Tubes Company Ltd,bse,,513544,MSCTC
INE245H01018,Marg Techno Projects Ltd,bse,,540254,MTPL
INE680B01019,Margo Finance Ltd,bse,,500206,MARGOFIN
INE196A01026,Marico Limited,both nse/bse,MARICO,531642,MARICO
INE01JE01028,Marine Electricals (India) Limited,nse,MARINE,,
INE866D01010,Maris Spinners Ltd-$,bse,,531503,MARIS
INE944C01017,Market Creators Ltd,bse,,526891,MKTCREAT
INE0FW001016,Markolines Pavement Technologies Limited,both nse/bse,MARKOLINES,543364,MARKOLINES
INE750C01026,Marksans Pharma Limited,both nse/bse,MARKSANS,524404,MARKSANS
INE415B01044,Marsons Limited,both nse/bse,MARSONS,517467,MARSONS
INE199D01016,Martin Burn Ltd,bse,,523566,MARBU
INE368C01019,Maruti Global Industries Ltd,bse,,531319,MGIL
INE392G01028,Maruti Infrastructure Ltd,bse,,531540,MAINFRA
INE0JSJ01014,Maruti Interior Products Ltd,bse,,543464,SPITZE
INE585B01010,Maruti Suzuki India Limited,both nse/bse,MARUTI,532500,MARUTI
INE348L01012,MAS Financial Services Limited,both nse/bse,MASFIN,540749,MASFIN
INE885F01015,Mask Investments Limited,nse,MASKINVEST,,
INE759A01021,Mastek Limited,both nse/bse,MASTEK,523704,MASTEK
INE677D01037,Master Trust Limited,both nse/bse,MASTERTR,511768,MASTERTR
INE866R01028,Matrimony.Com Limited,both nse/bse,MATRIMONY,540704,MATRIMONY
INE150D01027,Mauria Udyog Ltd,bse,,539219,MUL
INE636A01039,Mawana Sugars Limited,both nse/bse,MAWANASUG,523371,MAWANASUG
INE03EI01018,Max Estates Limited,both nse/bse,MAXESTATES,544008,MAXESTATES
INE180A01020,Max Financial Services Limited,both nse/bse,MFSL,500271,MFSL
INE027H01010,Max Healthcare Institute Limited,both nse/bse,MAXHEALTH,543220,MAXHEALTH
INE393F01010,Max heights Infrastucture Ltd,bse,,534338,MAXHEIGHTS
INE0CG601016,Max India Limited,both nse/bse,MAXIND,543223,MAXIND
INE544W01021,Maximus International Ltd,bse,,540401,MAXIMUS
INE0R5Z01015,Mayank Cattle Food Ltd,bse,,544106,MCFL
INE262W01012,Mayur Floorings Ltd,bse,,531221,MAYURFL
INE799E01011,Mayur Leather Products Ltd,bse,,531680,MAYUR
INE040D01038,Mayur Uniquoters Ltd,both nse/bse,MAYURUNIQ,522249,MAYURUNIQ
INE249Z01020,Mazagon Dock Shipbuilders Limited,both nse/bse,MAZDOCK,543237,MAZDOCK
INE885E01042,Mazda Limited,both nse/bse,MAZDA,523792,MAZDA
INE912H01013,MBL Infrastructure Limited,both nse/bse,MBLINFRA,533152,MBLINFRA
INE942G01012,Mcleod Russel India Limited,both nse/bse,MCLEODRUSS,532654,MCLEODRUSS
INE456Z01021,Medi Assist Healthcare Services Limited,both nse/bse,MEDIASSIST,544088,MEDIASSIST
INE442D01010,Medi Caps Ltd-$,bse,,523144,MEDICAPQ
INE200D01020,Media Matrix Worldwide Limited,both nse/bse,MMWL,512267,MMWL
INE828I01019,Mediaone Global Entertainment Ltd,bse,,503685,MEDIAONE
INE646B01010,Medicamen Biotech Limited,both nse/bse,MEDICAMEQ,531146,MEDICAMEQ
INE858Q01019,Medico Intercontinental Ltd,bse,,539938,MIL
INE630Y01024,Medico Remedies Limited,both nse/bse,MEDICO,540937,MEDICO
INE804L01022,Medplus Health Services Limited,both nse/bse,MEDPLUS,543427,MEDPLUS
INE208H01016,Meenakshi India Ltd,bse,,544831,MEEIND
INE721V01019,Meenakshi Steel Industries Ltd,bse,,512505,MEENST
INE343X01026,Meera Industries Ltd,bse,,540519,MEERA
INE0VDM01015,Meesho Limited,both nse/bse,MEESHO,544632,MEESHO
INE186C01023,Mefcom Capital Markets Ltd,bse,,531176,MEFCOMCAP
INE804B01023,Mega Corporation Ltd,bse,,531417,MEGACOR
INE216Q01010,Mega Nirman and Industries Ltd,bse,,539767,MNIL
INE317D01014,Megamont Ltd,bse,,523888,MEGAMONT
INE00EM01016,Megastar Foods Limited,both nse/bse,MEGASTAR,541352,MEGASTAR
INE0CT101020,Meghmani Organics Limited,both nse/bse,MOL,543331,MOL
INE898Q01015,Meghna Infracon Infrastructure Ltd,bse,,538668,MIIL
INE756R01013,Megri Soft Ltd,bse,,539012,MEGRISOFT
INE062Y01020,Mehai Technology Ltd,bse,,540730,MEHAI
INE240B01012,Mehta Integrated Finance Ltd,bse,,511377,MEHIF
INE241B01010,Mehta Securities Ltd,bse,,511738,MEHSECU
INE1KH601014,Mehul Colours Ltd,bse,,544472,MEHUL
INE1K0V01011,Mehul Telecom Ltd,bse,,544751,MTL
INE148B01033,Mena Mani Industries Ltd,bse,,531127,MENAMANI
INE071D01033,Menon Bearings Limited,both nse/bse,MENONBE,523828,MENONBE
INE650G01029,Menon Pistons Limited,both nse/bse,MENNPIS,531727,MENNPIS
INE776I01010,MEP Infrastructure Developers Limited,both nse/bse,MEP,539126,MEP
INE689O01013,Mercantile Ventures Limited,both nse/bse,MERCANTILE,538942,MERCANTILE
INE763M01028,Mercury Ev-Tech Limited,both nse/bse,MERCURYEV,531357,MERCURYEV
INE947G01011,Mercury Laboratories Ltd,bse,,538964,MERCURYLAB
INE319T01016,Mercury Trade Links Ltd,bse,,512415,MERCTRD
INE1RQS01010,Merritronix Ltd,bse,,544773,MRTX
INE162901016,Meta Infotech Ltd,bse,,544441,METAINFO
INE161E01014,Metal Coatings India Ltd,bse,,531810,METALCO
INE0QZR01017,Methodhub Software Ltd,bse,,544637,METHODHUB
INE317I01021,Metro Brands Limited,both nse/bse,METROBRAND,543426,METROBRAND
INE085D01033,Metroglobal Limited,both nse/bse,METROGLOBL,500159,METROGLOBL
INE112L01020,Metropolis Healthcare Limited,both nse/bse,METROPOLIS,542650,METROPOLIS
INE957U01011,Mewar Hi-Tech Engineering Ltd,bse,,540150,MHEL
INE100C01024,Meyer Apparel Ltd,bse,,531613,MAL
INE244C01020,MFL India Ltd,bse,,526622,MFLINDIA
INE614F01019,MFS Intercorp Ltd,bse,,513721,MFSINTRCRP
INE287C01037,MIC Electronics Limited,both nse/bse,MICEL,532850,MICEL
INE809F01015,Microse India Ltd,bse,,523343,MICROSE
INE033E01015,Mid East Portfolio Management Ltd,bse,,526251,MIDEASTP
INE401C01018,Mid India Industries Ltd,bse,,500277,MIDINDIA
INE046M01036,Midland Polymers Ltd,bse,,531597,MIDPOLY
INE519N01014,Midwest Energy Ltd,bse,,526570,REMAGNET
INE0XAD01024,Midwest Limited,both nse/bse,MIDWESTLTD,544587,MIDWESTLTD
INE779Q01017,Mihika Industries Ltd,bse,,538895,MIHIKA
INE424Z01011,Milestone Furniture Ltd,bse,,541337,MILEFUR
INE151H01018,Milestone Global Ltd,bse,,531338,MILESTONE
INE679T01013,Milgrey Finance & Investments Ltd,bse,,511018,ZMILGFIN
INE588G01021,Milkfood Ltd,bse,,507621,MLKFOOD
INE570N01025,Millennium Online Solutions ( India ) Ltd,bse,,511187,MILLENNIUM
INE1SRC01010,Millworks Technologies Ltd,bse,,544826,MILLWORKS
INE097E01028,Minal Industries Ltd,bse,,522235,MINALIND
INE952C01028,Minaxi Textiles Ltd,bse,,531456,MINAXI
INE842C01021,Minda Corporation Limited,both nse/bse,MINDACORP,538962,MINDACORP
INE110B01017,Mindteck (India) Limited,both nse/bse,MINDTECK,517344,MINDTECK
INE281E01028,Mini Diamonds India Ltd,bse,,523373,MINID
INE514C01026,Minolta Finance Ltd,bse,,532164,MINOLTAF
INE514C20018,Minolta Finance Ltd,bse,,751127,MINOLT-RE
INE860N01012,Mipco Seamless Rings Gujarat Ltd,bse,,505797,MPCOSEMB
INF769K01OA1,Mirae Asset BSE 200 Equal Weight ETF,bse,,544377,EQUAL200
INF769K01PY8,Mirae Asset BSE 500 Dividend Leaders 50 ETF,bse,,544661,DIVIDEND
INF769K01QC2,Mirae Asset BSE India Defence ETF,bse,,544705,DEFENCE
INF769K01RC0,Mirae Asset BSE Midcap 150 Momentum 30 ETF,bse,,544830,MOMMIDCAP
INF769K01ON4,Mirae Asset BSE Select IPO ETF,bse,,544376,SELECTIPO
INF769K01HS7,Mirae Asset Hang Seng TECH ETF,bse,,543414,MAHKTECH
INF769K01GS9,Mirae Asset Nifty 100 ESG Sector Leaders ETF,bse,,543246,ESG
INF769K01JU9,Mirae Asset Nifty 100 Low Volatility 30 ETF,bse,,543858,LOWVOL
INF769K01KU7,Mirae Asset Nifty 200 Alpha 30 ETF,bse,,544007,ALPHAETF
INF769K01EG9,MIRAE ASSET NIFTY 50 ETF (MAN50ETF),bse,,542131,NIFTYETF
INF769K01QA6,Mirae Asset Nifty 500 Healthcare ETF,bse,,544701,HEALTHCARE
INF769K01QV2,Mirae Asset Nifty 500 Value 50 ETF,bse,,544737,VALUE
INF769K01KR3,Mirae Asset Nifty Bank ETF,bse,,543944,BANKETF
INF769K01PR2,Mirae Asset Nifty Energy ETF,bse,,544604,ENERGY
INF769K01LQ3,Mirae Asset Nifty EV and New Age Automotive ETF,bse,,544212,EVINDIA
INF769K01HI8,Mirae Asset Nifty Financial Services ETF,bse,,543323,BFSI
INF769K01QB4,Mirae Asset Nifty India Infrastructure & LogisticsETF,bse,,544704,INFRA
INF769K01PB6,Mirae Asset Nifty India Internet ETF,bse,,544438,INTERNET
INF769K01IB1,Mirae Asset Nifty India Manufacturing ETF,bse,,543454,MAKEINDIA
INF769K01NS5,Mirae Asset Nifty India New Age Consumption ETF,bse,,544323,CONSUMER
INF769K01KV5,Mirae Asset Nifty IT ETF,bse,,544006,ITETF
INF769K01LY7,Mirae Asset Nifty Metal ETF,bse,,544268,METAL
INF769K01IC9,Mirae Asset Nifty Midcap 150 ETF,bse,,543481,MIDCAPETF
INF769K01LJ8,Mirae Asset Nifty Midsmallcap400 Momentum Quality 100 ETF,bse,,544180,MIDSMALL
INF769K01FN2,Mirae Asset Nifty Next 50 ETF (MANXT50ETF),bse,,542922,NEXT50
INF769K01LZ4,Mirae Asset Nifty PSU Bank ETF,bse,,544266,BANKPSU
INF769K01PQ4,Mirae Asset Nifty Smallcap 250 ETF,bse,,544605,SMALL250
INF769K01LC3,Mirae Asset Nifty Smallcap 250 Momentum Quality 100 ETF,bse,,544130,SMALLCAP
INF769K01PZ5,Mirae Asset Nifty Top 20 Equal Weight ETF,bse,,544660,TOP20
INF769K01OO2,Mirae Asset Nifty50 Equal Weight ETF,bse,,544401,EQUAL50
INF769K01LX9,Mirae Asset Nifty500 Multicap 50:25:25 ETF,bse,,544241,MULTICAP
INF769K01HF4,Mirae Asset NYSE FANG+ ETF,bse,,543291,MAFANG
INF769K01HP3,Mirae Asset S&P 500 Top 50 ETF,bse,,543365,MASPTOP50
INF769K01KT9,Mirae Asset S&P BSE Sensex ETF,bse,,543999,SENSEXETF
INE771A01026,Mirza International Limited,both nse/bse,MIRZAINT,526642,MIRZAINT
INE0QI101019,Mish Designs Ltd,bse,,544015,MISHDESIGN
INE540S01019,Mishka Exim Ltd,bse,,539220,MISHKA
INE099Z01011,Mishra Dhatu Nigam Limited,both nse/bse,MIDHANI,541195,MIDHANI
INE094S01041,Mishtann Foods Ltd,bse,,539594,MISHTANN
INE957W01025,Misquita Engineering Ltd,bse,,542801,MISQUITA
INE828O01033,MITCON Consultancy & Engineering Services Limited,nse,MITCON,,
INE844D01017,Mitshi India Ltd,bse,,523782,MITSHI
INE317V01016,Mitsu Chem Plast Ltd,bse,,540078,MITSU
INE997Y01027,Mittal Life Style Limited,nse,MITTAL,,
INE833Q01012,Mittal Sections Ltd,bse,,544575,MITTALSTL
INE338P01014,Miven Machine Tools Ltd,bse,,522036,MIVENMACH
INE681K01026,Mizzen Ventures Ltd,bse,,531537,MIZVEN
INE676G01024,MKP Mobility Ltd,bse,,521244,MKPMOB
INE874A01010,Mkventures Capital Ltd,bse,,514238,MKVENTURES
INE227C01017,MM Forgings Limited,both nse/bse,MMFL,522241,MMFL
INE159E01026,MM Rubber Company Ltd,bse,,509196,MMRUBBR-B
INE511Y01018,MMP Industries Limited,nse,MMP,,
INE123F01029,MMTC Limited,both nse/bse,MMTC,513377,MMTC
INE622Q01027,Mobavenue AI Tech Ltd,bse,,539682,MOBAVENUE
INE380D01012,Modella Woollens Ltd,bse,,503772,MODWOOL
INE617B01011,Modern Dairies Ltd,bse,,519287,MODAIRY
INE1HK501016,Modern Diagnostic & Research Centre Ltd,bse,,544673,MDRC
INE250S01015,Modern Engineering And Projects Ltd,bse,,539762,MEAPL
INE219W01012,Modern Insulators Ltd,bse,,515008,MODINSU
INE834C01028,Modern Malleables Ltd,bse,,517336,MODMA
INE370A01019,Modern Shares & Stockbrokers Ltd,bse,,509760,MODRNSH
INE001F01019,Modern Steels Ltd-$,bse,,513303,MDRNSTL
INE794W01014,Modern Threads (India) Limited,both nse/bse,MODTHREAD,500282,MODTHREAD
INE537F01012,Modi Naturals Limited,both nse/bse,MODINATUR,519003,MODINATUR
INE832A01018,Modi Rubber Limited,both nse/bse,MODIRUBBER,500890,MODIRUBBER
INE170C01019,Modipon Ltd,bse,,503776,MODIPON
INE0L0L01012,Modis Navnirman Limited,both nse/bse,MODIS,543539,MODIS
INE737D01021,MODISON LIMITED,both nse/bse,MODISONLTD,506261,MODISONLTD
INE064R01012,Modulex Construction Technologies Ltd,bse,,504273,MODULEX
INE954E01012,Mohit Industries Limited,both nse/bse,MOHITIND,531453,MOHITIND
INE388C01017,Mohit Paper Mills Ltd,bse,,530169,MOHITPPR
INE154B01023,Mohite Industries Ltd,bse,,532140,MOHITE
INE490G01020,MOIL Limited,both nse/bse,MOIL,533286,MOIL
INE514Y01020,Moksh Ornaments Limited,nse,MOKSH,,
INE893J01029,Mold-Tek Packaging Limited,both nse/bse,MOLDTKPAC,533080,MOLDTKPAC
INE835B01035,Mold-Tek Technologies Limited,both nse/bse,MOLDTECH,526263,MOLDTECH
INE903D01011,Monarch Networth Capital Limited,both nse/bse,MONARCH,511551,MONARCH
INE0V0L01028,Monarch Surveyors and Engineering Consultants Ltd,bse,,544453,MSECL
INE340O01021,Money Masters Leasing & Finance Ltd,bse,,535910,MMLF
INE296Q01012,Moneyboxx Finance Limited,both nse/bse,MONEYBOXX,538446,MONEYBOXX
INE0LCG01010,Monika Alcobev Ltd,bse,,544451,MONIKA
INE407E01029,Monind Ltd,bse,,532078,MONIND
INE811D01024,Monotype India Ltd,bse,,505343,MONOT
INE950M01013,Monte Carlo Fashions Limited,both nse/bse,MONTECARLO,538836,MONTECARLO
INE153K01018,Moongipa Capital Finance Ltd,bse,,530167,MONGIPA
INE367A01015,Morarka Finance Ltd,bse,,511549,MORARKFI
INE083A01026,Morepen Laboratories Limited,both nse/bse,MOREPENLAB,500288,MOREPENLAB
INE902C01015,Morgan Ventures Ltd,bse,,526237,MORGAN
INE935B01025,Moschip Technologies Limited,both nse/bse,MOSCHIP,532407,MOSCHIP
INE0UH001016,Mother Nutri Foods Ltd,bse,,544623,MNFL
INE0FS801015,Motherson Sumi Wiring India Limited,both nse/bse,MSUMI,543498,MSUMI
INF247L01BE5,Motilal Oswal BSE Enhanced Value ETF,bse,,543576,MOVALUE
INF247L01BB1,Motilal Oswal BSE Healthcare ETF,bse,,543563,MOHEALTH
INF247L01BL0,Motilal Oswal BSE Low Volatility ETF,bse,,543501,MOLOWVOL
INF247L01BH8,Motilal Oswal BSE Quality ETF,bse,,543577,MOQUALITY
INE338I01027,Motilal Oswal Financial Services Limited,both nse/bse,MOTILALOFS,532892,MOTILALOFS
INF247L01AU3,Motilal Oswal Nasdaq Q 50 ETF,bse,,543437,MONQ50
INF247L01BK2,Motilal Oswal Nifty 200 Momentum 30 ETF,bse,,543465,MOMOMENTUM
INF247L01536,Motilal Oswal Nifty 50 ETF,bse,,590115,MOM50
INF247L01BU1,Motilal Oswal Nifty 500 ETF,bse,,590153,MONIFTY500
INF247L01DK8,Motilal Oswal Nifty 500 Momentum 50 ETF,bse,,590151,MOMENTUM50
INF247L01EV3,Motilal Oswal Nifty Capital Market ETF,bse,,590149,MOCAPITAL
INF247L01DJ0,Motilal Oswal Nifty India Defence ETF,bse,,590152,MODEFENCE
INF247L01023,Motilal Oswal Nifty Midcap 100 ETF,bse,,536960,MOM100
INF247L01CI4,Motilal Oswal Nifty Realty ETF,bse,,590150,MOREALTY
INF247L01CH6,Motilal Oswal Nifty Smallcap 250 ETF,bse,,590148,MOSMALL250
INE0FRK01020,Motisons Jewellers Limited,both nse/bse,MOTISONS,544053,MOTISONS
INE444X01014,Mount Housing and Infrastructure Ltd,bse,,542864,MOUNT
INE468C01017,MP Agro Industries Ltd,bse,,506543,MPAGI
INE493H01014,MPDL Ltd,bse,,532723,MPDL
INE095E01022,MPF Systems Ltd,bse,,532470,MPFSL
INE356A01018,MphasiS Limited,both nse/bse,MPHASIS,526299,MPHASIS
INE844C01027,MPIL Corporation Ltd,bse,,500450,MPILCORPL
INE343A01016,Mpl Plastics Ltd,bse,,526143,MPL
INE943D01017,MPS Limited,both nse/bse,MPSLTD,532440,MPSLTD
INE333Y01017,MRC Agrotech Ltd,bse,,540809,MRCAGRO
INE883A01011,MRF Limited,both nse/bse,MRF,500290,MRF
INE0D7801012,MRP Agro Ltd,bse,,543262,MRP
INE495P01020,Mrs. Bectors Food Specialities Limited,both nse/bse,BECTORFOOD,543253,BECTORFOOD
INE738D01029,Mrugesh Trading Ltd,bse,,512065,MRUTR
INE2B5L01011,Msafe Equipments Ltd,bse,,544695,MSAFE
INF740KA1WV7,MSCIADD,bse,,544620,MSCIADD
INE856D01011,Msl Global Ltd,bse,,511000,MSLGLOBAL
INE752G01015,MSP Steel & Power Limited,both nse/bse,MSPL,532650,MSPL
INE255X01014,Mstc Limited,both nse/bse,MSTCLTD,542597,MSTCLTD
INE472M01018,MT Educare Limited,both nse/bse,MTEDUCARE,534312,MTEDUCARE
INE864I01014,Mtar Technologies Limited,both nse/bse,MTARTECH,543270,MTARTECH
INE967S01014,Mudra Financial Services Ltd,bse,,539819,MUDRA
INE08KJ01020,Mufin Green Finance Limited,both nse/bse,MUFIN,542774,MUFIN
INE304A01026,Mukand Limited,both nse/bse,MUKANDLTD,500460,MUKANDLTD
INE862C01029,Mukat Pipes Ltd-$,bse,,523832,MUKATPIP
INE596B01017,Mukesh Babu Financial Services Ltd,bse,,530341,MUKESHB
INE0CG401037,Mukka Proteins Limited,both nse/bse,MUKKA,544135,MUKKA
INE160O01031,Mukta Agriculture Ltd,bse,,535204,MUKTA
INE374B01019,Mukta Arts Limited,both nse/bse,MUKTAARTS,532357,MUKTAARTS
INE003F01015,Muller & Phipps India Ltd,bse,,501477,MULLER
INE745G01043,Multi Commodity Exchange of India Limited,both nse/bse,MCX,534091,MCX
INE678F01014,Multibase India Ltd,bse,,526169,MULTIBASE
INE886E01016,Multiplus Holdings Ltd,bse,,505594,MULTIIN
INE017P01014,Multipurpose Trading & Agencies Ltd,bse,,504356,ZMULTIPU
INE672B01032,Munjal Auto Industries Limited,both nse/bse,MUNJALAU,520059,MUNJALAU
INE577A01027,Munjal Showa Limited,both nse/bse,MUNJALSHOW,520043,MUNJALSHOW
INE910G01027,Munoth Capital Markets Ltd,bse,,511200,MUNCAPM
INE410E01015,Munoth Communication Ltd,bse,,511401,MCLTD
INE348D01019,Munoth Financial Services Ltd,bse,,531821,MUNOTHFI
INE692B01014,Murudeshwar Ceramics Limited,both nse/bse,MURUDCERA,515037,MURUDCERA
INE919I01024,Music Broadcast Limited,both nse/bse,RADIOCITY,540366,RADIOCITY
INE296G01013,Muthoot Capital Services Limited,both nse/bse,MUTHOOTCAP,511766,MUTHOOTCAP
INE414G01012,Muthoot Finance Limited,both nse/bse,MUTHOOTFIN,533398,MUTHOOTFIN
INE046W01019,Muthoot Microfin Limited,both nse/bse,MUTHOOTMF,544055,MUTHOOTMF
INE0OWZ01020,MV Electrosystems Limited,both nse/bse,MVELECTRO,544851,MVELECTRO
INE232L01018,My Money Securities Ltd,bse,,538862,MYMONEY
INE741A01011,Mysore Petro Chemicals Ltd-$,bse,,506734,MYSORPETRO
INE159O01033,Mystic Electronics Ltd,bse,,535205,MYSTICELE
INE740D01017,N R Agarwal Industries Limited,both nse/bse,NRAIL,516082,NRAIL
INE365I01020,N. B. I. Industrial Finance Company Limited,nse,NBIFIN,,
INE0GOA01018,Naapbooks Ltd,bse,,543351,NBL
INE0LB101011,NACDAC Infrastructure Ltd,bse,,544313,NACDAC
INE295D01020,NACL Industries Limited,both nse/bse,NACLIND,524709,NACLIND
INE756C01015,Naga Dhunseri Group Limited,nse,NDGL,,
INE793H01017,Nagarjuna Agri Tech Ltd,bse,,531832,NAGTECH
INE099E01016,Nagpur Power & Industries Ltd,bse,,532362,NAGPI
INE245I01016,Nagreeka Capital & Infrastructure Limited,both nse/bse,NAGREEKCAP,532895,NAGREEKCAP
INE123B01028,Nagreeka Exports Limited,both nse/bse,NAGREEKEXP,521109,NAGREEKEXP
INE049I01012,Nahar Capital and Financial Services Limited,both nse/bse,NAHARCAP,532952,NAHARCAP
INE289A01011,Nahar Industrial Enterprises Limited,both nse/bse,NAHARINDUS,519136,NAHARINDUS
INE308A01027,Nahar Poly Films Limited,both nse/bse,NAHARPOLY,523391,NAHARPOLY
INE290A01027,Nahar Spinning Mills Limited,both nse/bse,NAHARSPING,500296,NAHARSPING
INE236Y01012,Nakoda Group of Industries Limited,both nse/bse,NGIL,541418,NGIL
INE256S01012,Naksh Precious Metals Ltd,bse,,539402,NAKSH
INE606C01012,Nalin Lease Finance Ltd,bse,,531212,NLFL
INE023A01030,Nalwa Sons Investments Limited,both nse/bse,NSIL,532256,NSIL
INE792G01011,Nam Securities Ltd,bse,,538395,NAM
INE0E5R01017,Nanavati Ventures Ltd,bse,,543522,NVENTURES
INE875G01048,Nandan Denim Limited,both nse/bse,NDL,532641,NDL
INE696V01013,Nandani Creation Limited,nse,JAIPURKURT,,
INE0YJA01011,Nanta Tech Ltd,bse,,544668,NANTA
INE585A01020,Naperol Investments Ltd,bse,,500298,NAPEROL
INE0VNH01014,NAPS Global India Ltd,bse,,544373,NAPSGLOBAL
INE410P01011,Narayana Hrudayalaya Ltd.,both nse/bse,NH,539551,NH
INE603F01012,Narendra Properties Ltd,bse,,531416,NARPROP
INE117Z01029,Narmada Agrobase Limited,both nse/bse,NARMADA,543643,NARMADA
INE869A01010,Narmada Gelatines Ltd,bse,,526739,SHAWGELTIN
INE060D01028,Narmada Macplast Drip Irrigation Systems Ltd,bse,,517431,NARMP
INE0S1B01014,Narmadesh Brass Industries Ltd,bse,,544680,NARMADESH
INE987B01026,Natco Pharma Limited,both nse/bse,NATCOPHARM,524816,NATCOPHARM
INE448G01010,Nath Bio-Genes (India) Limited,both nse/bse,NATHBIOGEN,537291,NATHBIOGEN
INE777A01023,Nath Industries Ltd,bse,,502587,NATHIND
INE139A01034,National Aluminium Company Limited,both nse/bse,NATIONALUM,532234,NATIONALUM
INE870D01012,National Fertilizers Limited,both nse/bse,NFL,523630,NFL
INE643C01015,National Fittings Ltd,bse,,531289,NATFIT
INE654H01011,National General Industries Ltd,bse,,531651,NATGENI
INE296D01010,National Oxygen Ltd,bse,,507813,NOL
INE0PO601011,National Peroxide Ltd,bse,,544205,NPL
INE233D01013,National Plastic Industries Ltd,bse,,526616,NATPLAS
INE896D01017,National Plastic Technologies Ltd,bse,,531287,NATPLASTI
INE497C01016,National Plywood Industries Ltd,bse,,516062,NATPLY
INE301O01023,National Securities Depository Ltd,bse,,544467,NSDL
INE166R01015,National Standard (India) Limited,both nse/bse,NATIONSTD,504882,NATIONSTD
INE444D01016,Natraj Proteins Ltd,bse,,530119,NATRAJPR
INE487B01019,Natura Hue Chem Ltd,bse,,531834,NATHUEC
INE06MM01016,Natural Biocon (India) Ltd,bse,,543207,NATURAL
INE936B01015,Natural Capsules Limited,both nse/bse,NATCAPSUQ,524654,NATCAPSUQ
INE0N4701016,Naturewings Holidays Ltd,bse,,544245,NHL
INE223R01014,Naturite Agro Products Ltd,bse,,538926,NAPL
INE725A01030,NAVA LIMITED,both nse/bse,NAVA,513023,NAVA
INE364T01012,Navigant Corporate Advisors Ltd,bse,,539521,NAVIGANT
INE048G01026,Navin Fluorine International Limited,both nse/bse,NAVINFLUOR,532504,NAVINFLUOR
INE278M01019,Navkar Corporation Limited,both nse/bse,NAVKARCORP,539332,NAVKARCORP
INE268H01044,Navkar Urbanstructure Limited,both nse/bse,NAVKARURB,531494,NAVKARURB
INE060A01024,Navneet Education Limited,both nse/bse,NAVNETEDUL,508989,NAVNETEDUL
INE418L01047,Nazara Technologies Limited,both nse/bse,NAZARA,543280,NAZARA
INE006F01018,NB Footwear Ltd,bse,,523242,NBFOOT
INE095N01031,NBCC (India) Limited,both nse/bse,NBCC,534309,NBCC
INE630N01019,NCC Bluewater Products Ltd,bse,,519506,NCCBLUE
INE868B01028,NCC Limited,both nse/bse,NCC,500294,NCC
INE732C01016,NCL Industries Limited,both nse/bse,NCLIND,502168,NCLIND
INE132F01038,NCL Research & Financial Services Ltd,bse,,530557,NCLRESE
INE026C01013,NDA Securities Ltd,bse,,511535,NDASEC
INE353A01023,NDL Ventures Limited,both nse/bse,NDLVENTURE,500189,NDLVENTURE
INE07OG01012,Ndr Auto Components Limited,both nse/bse,NDRAUTO,543214,NDRAUTO
INE023H01027,Nectar Lifesciences Limited,both nse/bse,NECLIFE,532649,NECLIFE
INE605D01012,Neelamalai Agro Industries Limited,both nse/bse,NEAGI,508670,NEAGI
INE581D01015,Neelkanth Ltd-$,bse,,512565,NEELKANTH
INE741D01015,Neelkanth Rockminerals Ltd,bse,,531049,NEELKAN
INE894J01019,Neeraj Paper Marketing Ltd,bse,,539409,NEERAJ
INE0UZO01024,Neetu Yoshi Ltd,bse,,544434,NEETUYOSHI
INE396C01010,Neil Industries Ltd,bse,,539016,NEIL
INE189I01024,Nelcast Limited,both nse/bse,NELCAST,532864,NELCAST
INE045B01015,NELCO Limited,both nse/bse,NELCO,504112,NELCO
INE216I01017,Neo Infracon Ltd,bse,,514332,NEOINFRA
INE136S01016,Neogen Chemicals Limited,both nse/bse,NEOGEN,542665,NEOGEN
INE471R01019,Neopolitan Pizza And Foods Ltd,bse,,544269,NPFL
INE428V01029,Nephrocare Health Services Limited,both nse/bse,NEPHROPLUS,544647,NEPHROPLUS
INE1NQ501012,Neptune Logitek Ltd,bse,,544663,NEPLOG
INE317F01035,Nesco Limited,both nse/bse,NESCO,505355,NESCO
INE239A01024,Nestle India Limited,both nse/bse,NESTLEIND,500790,NESTLEIND
INE0D5F01013,Net Pix Shorts Digital Media Ltd,bse,,543247,NETPIX
INE040F01033,Netlink Solutions India Ltd,bse,,509040,NETLINK
INE027D01019,Nettlinx Ltd,bse,,511658,NETTLINX
INE0NT901020,Netweb Technologies India Limited,both nse/bse,NETWEB,543945,NETWEB
INE0FFK01017,Network People Services Technologies Limited,both nse/bse,NPST,544396,NPST
INE870H01013,Network18 Media & Investments Limited,both nse/bse,NETWORK18,532798,NETWORK18
INE794A01010,Neuland Laboratories Limited,both nse/bse,NEULANDLAB,524558,NEULANDLAB
INE155G01029,New Delhi Television Limited,both nse/bse,NDTV,532529,NDTV
INE835U01027,New Light Industries Ltd,bse,,540243,NEWLIGHT
INE800K01014,New Markets Avenue Ltd,bse,,508867,NEWMKTAVE
INE0GEN01012,New Swan Multitech Ltd,bse,,544082,SWANAGRO
INE619B01017,Newgen Software Technologies Limited,both nse/bse,NEWGEN,540900,NEWGEN
INE997D01021,Newtime Infrastructure Ltd,bse,,531959,NEWINFRA
INE229N01010,Newtrac Foods & Beverages Ltd,bse,,514060,NEWTRAC
INE641A01013,Nexome Capital Markets Ltd,bse,,508905,NEXOME
INE747B01016,Next Mediaworks Limited,both nse/bse,NEXTMEDIA,532416,NEXTMEDIA
INE370Q01015,Nexus Surgical And Medicare Ltd,bse,,538874,NEXUSSURGL
INE0QUL01011,Nexxus Petro Industries Ltd,bse,,544265,NEXXUS
INE825C01018,NG Industries Ltd-$,bse,,530897,NGIND
INE887E01022,NGL Fine-Chem Limited,both nse/bse,NGLFINE,524774,NGLFINE
INE141C01036,NHC Foods Ltd,bse,,517554,NHCFOODS
INE848E01016,NHPC Limited,both nse/bse,NHPC,533098,NHPC
INE149O01018,NIBE Limited,both nse/bse,NIBE,535136,NIBE
INE653C01022,Nicco Parks & Resorts Ltd-$,bse,,526721,NICCOPAR
INE276H01013,Nidhi Granites Ltd,bse,,512103,NIDHGRN
INE876E01033,Nihar Info Global Ltd,bse,,531083,NIHARINF
INE342G01023,NIIT Learning Systems Limited,both nse/bse,NIITMTS,543952,NIITMTS
INE161A01038,NIIT Limited,both nse/bse,NIITLTD,500304,NIITLTD
INE926C01022,Nikhil Adhesives Ltd-$,bse,,526159,NIKHILAD
INE526C01012,Nikki Global Finance Ltd,bse,,531272,NIKKIGL
INE0GX601011,Niks Technology Ltd,bse,,543282,NIKSTECH
INE937C01029,Nila Infrastructures Limited,both nse/bse,NILAINFRA,530377,NILAINFRA
INE00S901012,Nila Spaces Limited,both nse/bse,NILASPACES,542231,NILASPACES
INE346R01013,Nilachal Carbo Metalicks Ltd,bse,,544510,NCML
INE416N01013,Nilachal Refractories Ltd,bse,,502294,NILACHAL
INE445D01013,Nile Limited,both nse/bse,NILE,530129,NILE
INE310A01015,Nilkamal Limited,both nse/bse,NILKAMAL,523385,NILKAMAL
INE582V01015,Nilkanth Engineering Ltd,bse,,512004,ZNILKENG
INE875B01015,Nimbus Projects Limited,both nse/bse,NIMBSPROJ,511714,NIMBSPROJ
INE395U01014,NINtec Systems Limited,both nse/bse,NINSYS,539843,NINSYS
INF204KC1EZ3,Nippon India BSE Sensex Next 30 ETF,bse,,544415,SNXT30BEES
INF204KB13T1,NIPPON INDIA EQUITY HYBRID FUND -  SEGREGATED PORTFOLIO 2DIRECT GROWTH PLAN GROWTH OPTIONGROWTH,bse,,543181,11AGG
INF204KB18T0,NIPPON INDIA EQUITY HYBRID FUND -  SEGREGATED PORTFOLIO 2DIRECT MONTHLY DIVIDEND PLANDIVIDEND PAYOUT,bse,,543182,11AMD
INF204KB19T8,NIPPON INDIA EQUITY HYBRID FUND -  SEGREGATED PORTFOLIO 2DIRECT MONTHLY DIVIDEND PLANREINVESTMENT,bse,,543183,11AMR
INF204KB16T4,NIPPON INDIA EQUITY HYBRID FUND -  SEGREGATED PORTFOLIO 2DIRECT PLAN DIVIDEND PLANDIVIDEND PAYOUT,bse,,543179,11ADD
INF204KB17T2,NIPPON INDIA EQUITY HYBRID FUND -  SEGREGATED PORTFOLIO 2DIRECT PLAN DIVIDEND PLANDIVIDEND REINVESTMENT,bse,,543180,11ADR
INF204KB14T9,NIPPON INDIA EQUITY HYBRID FUND -  SEGREGATED PORTFOLIO 2DIRECT QUARTERLY DIVIDEND PLANDIVIDEND PAYOUT,bse,,543184,11AQD
INF204KB15T6,NIPPON INDIA EQUITY HYBRID FUND -  SEGREGATED PORTFOLIO 2DIRECT QUARTERLY DIVIDEND PLANREINVESTMENT,bse,,543185,11AQR
INF204KB13U9,NIPPON INDIA EQUITY HYBRID FUND -  SEGREGATED PORTFOLIO 2DIVIDEND PLANDIVIDEND PAYOUT,bse,,543186,11DPD
INF204KB14U7,NIPPON INDIA EQUITY HYBRID FUND -  SEGREGATED PORTFOLIO 2DIVIDEND PLANDIVIDEND REINVESTMENT,bse,,543173,11DPR
INF204KB10U5,NIPPON INDIA EQUITY HYBRID FUND -  SEGREGATED PORTFOLIO 2GROWTH PLAN GROWTH OPTIONGROWTH,bse,,543174,11GPG
INF204KB15U4,NIPPON INDIA EQUITY HYBRID FUND -  SEGREGATED PORTFOLIO 2MONTHLY DIVIDEND PLANDIVIDEND PAYOUT,bse,,543175,11MPD
INF204KB16U2,NIPPON INDIA EQUITY HYBRID FUND -  SEGREGATED PORTFOLIO 2MONTHLY DIVIDEND PLANREINVESTMENT,bse,,543176,11MPR
INF204KB11U3,NIPPON INDIA EQUITY HYBRID FUND -  SEGREGATED PORTFOLIO 2QUARTERLY DIVIDEND PLANDIVIDEND PAYOUT,bse,,543177,11QPD
INF204KB12U1,NIPPON INDIA EQUITY HYBRID FUND -  SEGREGATED PORTFOLIO 2QUARTERLY DIVIDEND PLANREINVESTMENT,bse,,543178,11QPR
INF204KB15S8,NIPPON INDIA EQUITY SAVINGS FUND -  SEGREGATED PORTFOLIO 2 - BONUS PLAN(Issue Price: 0.01),bse,,543149,08BPB
INF204KB17R6,NIPPON INDIA EQUITY SAVINGS FUND -  SEGREGATED PORTFOLIO 2 - DIRECT BONUS PLAN(Issue Price: 0.01),bse,,543151,08ABB
INF204KB11S7,NIPPON INDIA EQUITY SAVINGS FUND -  SEGREGATED PORTFOLIO 2 - DIRECT DIVIDEND PLAN(Issue Price: 0.01),bse,,543170,08ADD
INF204KB12S5,NIPPON INDIA EQUITY SAVINGS FUND -  SEGREGATED PORTFOLIO 2 - DIRECT DIVIDEND PLAN(Issue Price: 0.01),bse,,543145,08ADR
INF204KB18R4,NIPPON INDIA EQUITY SAVINGS FUND -  SEGREGATED PORTFOLIO 2 - DIRECT GROWTH PLAN(Issue Price: 0.01),bse,,543153,08AGG
INF204KB13S3,NIPPON INDIA EQUITY SAVINGS FUND -  SEGREGATED PORTFOLIO 2 - DIRECT MONTHLY DIVIDEND PLAN(Issue Price: 0.01),bse,,543147,08AMD
INF204KB14S1,NIPPON INDIA EQUITY SAVINGS FUND -  SEGREGATED PORTFOLIO 2 - DIRECT MONTHLY DIVIDEND PLAN(Issue Price: 0.01),bse,,543148,08AMR
INF204KB10S9,NIPPON INDIA EQUITY SAVINGS FUND -  SEGREGATED PORTFOLIO 2 - DIRECT QUARTERLY DIVIDEND PLAN(Issue Price: 0.01),bse,,543168,08AQR
INF204KB19R2,NIPPON INDIA EQUITY SAVINGS FUND -  SEGREGATED PORTFOLIO 2 - DIRECT QUARTERLY DIVIDEND PLAN(Issue Price: 0.01),bse,,543155,08AQD
INF204KB10T7,NIPPON INDIA EQUITY SAVINGS FUND -  SEGREGATED PORTFOLIO 2 - DIVIDEND PLAN(Issue Price: 0.01),bse,,543169,08DPR
INF204KB19S0,NIPPON INDIA EQUITY SAVINGS FUND -  SEGREGATED PORTFOLIO 2 - DIVIDEND PLAN(Issue Price: 0.01),bse,,543156,08DPD
INF204KB16S6,NIPPON INDIA EQUITY SAVINGS FUND -  SEGREGATED PORTFOLIO 2 - GROWTH PLAN(Issue Price: 0.01),bse,,543150,08GPG
INF204KB11T5,NIPPON INDIA EQUITY SAVINGS FUND -  SEGREGATED PORTFOLIO 2 - MONTHLY DIVIDEND PLAN(Issue Price: 0.01),bse,,543144,08MPD
INF204KB12T3,NIPPON INDIA EQUITY SAVINGS FUND -  SEGREGATED PORTFOLIO 2 - MONTHLY DIVIDEND PLAN(Issue Price: 0.01),bse,,543146,08MPR
INF204KB17S4,NIPPON INDIA EQUITY SAVINGS FUND -  SEGREGATED PORTFOLIO 2 - QUARTERLY DIVIDEND PLAN(Issue Price: 0.01),bse,,543152,08QPD
INF204KB18S2,NIPPON INDIA EQUITY SAVINGS FUND -  SEGREGATED PORTFOLIO 2 - QUARTERLY DIVIDEND PLAN(Issue Price: 0.01),bse,,543154,08QPR
INF204K014N5,NIPPON INDIA ETF NIFTY 100,bse,,537483,NIF100BEES
INF204KB14I2,Nippon India ETF Nifty 50 BeES,bse,,590103,NIFTYBEES
INF732E01128,Nippon India ETF Nifty 50 Shariah BeES,bse,,590109,SHARIABEES
INF204KB15I9,Nippon India ETF Nifty Bank BeES,bse,,590106,BANKBEES
INF732E01268,Nippon India ETF Nifty Infrastructure BeES,bse,,543255,INFRABEES
INF204KB15V2,Nippon India ETF Nifty IT,bse,,590141,ITBEES
INF204KB1V68,Nippon India ETF Nifty Midcap 150,bse,,590144,MID150BEES
INF732E01045,Nippon India ETF Nifty Next 50 Junior BeES,bse,,590104,JUNIORBEES
INF204KB16I7,Nippon India ETF Nifty PSU Bank BeES,bse,,590108,PSUBNKBEES
INF204KA1UN7,Nippon India ETF S&P BSE Sensex,bse,,538683,SENSEXBEES
INF204KB15D0,Nippon India ETF S&P BSE Sensex Next 50,bse,,542747,SNXT50BEES
INF204KC1GH6,Nippon India Nifty India Manufacturing ETF,bse,,544493,MANUFGBEES
INF204KC1089,Nippon India Nifty Pharma ETF,bse,,590142,PHARMABEES
INE298J01013,Nippon Life India Asset Management Limited,both nse/bse,NAM-INDIA,540767,NAM-INDIA
INE368I01016,Niraj Cement Structurals Limited,both nse/bse,NIRAJ,532986,NIRAJ
INE326T01011,Niraj Ispat Industries Limited,nse,NIRAJISPAT,,
INE242B01018,Nirav Commercials Ltd,bse,,512425,NIRAVCOM
INE910A01012,Nirlon Limited,both nse/bse,NIRLON,500307,NIRLON
INE0CPQ01010,Nirmitee Robotics India Ltd,bse,,543194,NIRMITEE
INE0M3X01010,NIS Management Ltd,bse,,544495,NISMGMT
INE0DQN01013,Nisus Finance Services Co Ltd,bse,,544296,NISUS
INE858F01012,Nitco Limited,both nse/bse,NITCO,532722,NITCO
INE861H01020,Nitin Castings Ltd,bse,,508875,NITINCAST
INE229H01012,Nitin Spinners Limited,both nse/bse,NITINSPIN,532698,NITINSPIN
INE439T01012,Nitiraj Engineers Limited,nse,NITIRAJ,,
INE265B01019,Nitta Gelatin India Limited,both nse/bse,NITTAGELA,506532,NITTAGELA
INE995S01015,Niva Bupa Health Insurance Company Limited,both nse/bse,NIVABUPA,544286,NIVABUPA
INE139E01028,Nivaka Fashions Ltd,bse,,542206,NIVAKA
INE552F01011,Nivi Trading Ltd,bse,,512245,ZNIVITRD
INE480D01010,Niyogin Fintech Ltd,bse,,538772,NIYOGIN
INE542C01019,NK Industries Limited,both nse/bse,NKIND,519494,NKIND
INE589A01014,NLC India Limited,both nse/bse,NLCINDIA,513683,NLCINDIA
INE584A01023,NMDC Limited,both nse/bse,NMDC,526371,NMDC
INE0NNS01018,NMDC Steel Limited,both nse/bse,NSLNISP,543768,NSLNISP
INE169F01014,NMS Global Ltd,bse,,522289,NMSGLOBAL
INE203Q01026,Noble Polymers Ltd,bse,,539200,NOBPOL
INE163A01018,NOCIL Limited,both nse/bse,NOCIL,500730,NOCIL
INE781B01015,Noida Toll Bridge Company Limited,both nse/bse,NOIDATOLL,532481,NOIDATOLL
INE369C01017,Norben Tea & Exports Limited,both nse/bse,NORBTEAEXP,519528,NORBTEAEXP
INE744C01029,Norris Medicines Ltd,bse,,524414,NORRIS
INE553C01016,North Eastern Carrying Corporation Limited,both nse/bse,NECCLTD,534615,NECCLTD
INE850M01015,Northern Arc Capital Limited,both nse/bse,NORTHARC,544260,NORTHARC
INE01BL01012,Northern Spirits Ltd,bse,,542628,NSL
INE736P01019,Northlink Fiscal and Capital Services Ltd,bse,,539110,NORTHLINK
INE317B01042,Nouveau Global Ventures Ltd,bse,,531465,NOUVEAU
INE02H701025,Nova Agritech Limited,both nse/bse,NOVAAGRI,544100,NOVAAGRI
INE608C01026,Nova Iron & Steel Ltd,bse,,513566,NOVIS
INE234A01025,Novartis India Limited,both nse/bse,NOVARTIND,500672,NOVARTIND
INE08JY01013,Novateor Research Laboratories Ltd,bse,,542771,NOVATEOR
INE314I01036,Novelix Pharmaceuticals Ltd,bse,,536565,NOVELIX
INE1TFS01019,Novus Loyalty Ltd,bse,,544735,NOVUS
INE446D01011,NPR Finance Ltd,bse,,530127,NPRFIN
INE349A01021,NRB Bearing Limited,both nse/bse,NRBBEARING,530367,NRBBEARING
INE047O01014,NRB Industrial Bearings Limited,both nse/bse,NIBL,535458,NIBL
INE0SLP01017,NSB BPO Solutions Ltd,bse,,544571,NSBBPO
INE920C01017,NTC Industries Ltd,bse,,526723,NTCIND
INE0ONG01011,NTPC Green Energy Limited,both nse/bse,NTPCGREEN,544289,NTPCGREEN
INE733E01010,NTPC Limited,both nse/bse,NTPC,532555,NTPC
INE096B01018,Nucleus Software Exports Limited,both nse/bse,NUCLEUS,531209,NUCLEUS
INE0VYX01018,Nukleus Office Solutions Ltd,bse,,544370,NUKLEUS
INE0JM501013,Nupur Recyclers Limited,nse,NRL,,
INE0DSF01015,Nureca Limited,both nse/bse,NURECA,543264,NURECA
INE882B01037,Nurture Well Industries Ltd,bse,,531889,NWIL
INE960H01012,Nutech Global Ltd,bse,,531304,NUTECGLOB
INE536C01029,Nutricircle Ltd,bse,,530219,NUTRICIRCLE
INE531F01023,Nuvama Wealth Management Limited,both nse/bse,NUVAMA,543988,NUVAMA
INE118D01016,Nuvoco Vistas Corporation Limited,both nse/bse,NUVOCO,543334,NUVOCO
INE812K01027,Nyssa Corporation Ltd,bse,,504378,NYSSACORP
INE118Q01018,O. P. Chains Ltd,bse,,539116,OPCHAINS
INE876A01023,Oasis Securities Ltd,bse,,512489,OASISEC
INE426Z01016,OBCL Limited,both nse/bse,OBCL,541206,OBCL
INE093I01010,Oberoi Realty Limited,both nse/bse,OBEROIRLTY,533273,OBEROIRLTY
INE860E01011,ObjectOne Information Systems Ltd,bse,,535657,OONE
INE0PK601023,OCCL Limited,both nse/bse,OCCLLTD,544278,OCCLLTD
INE711V01010,Oceanic Foods Ltd,bse,,540405,OCEANIC
INE513C01010,Octal Credit Capital Ltd,bse,,538894,OCTAL
INE117S01016,Octavius Plantations Ltd,bse,,542938,OCTAVIUSPL
INE208U01019,Octaware Technologies Ltd,bse,,540416,OCTAWARE
INE054301028,Odigma Consultancy Solutions Limited,both nse/bse,ODIGMA,544301,ODIGMA
INE839E01023,Odyssey Corporation Ltd,bse,,531996,ODYCORP
INE213B01019,Odyssey Technologies Ltd-$,bse,,530175,ODYSSEY
INE213A01029,Oil & Natural Gas Corporation Limited,both nse/bse,ONGC,500312,ONGC
INE591A01010,Oil Country Tubular Limited,both nse/bse,OILCOUNTUB,500313,OILCOUNTUB
INE274J01014,Oil India Limited,both nse/bse,OIL,533106,OIL
INE870B01024,OK Play India Ltd,bse,,526415,OKPLA
INE0LXG01040,Ola Electric Mobility Limited,both nse/bse,OLAELEC,544225,OLAELEC
INE0M3901015,Olatech Solutions Ltd,bse,,543578,OLATECH
INE260D01016,Olectra Greentech Limited,both nse/bse,OLECTRA,532439,OLECTRA
INE482O01021,Olympia Industries Ltd,bse,,521105,OLYMPTX
INE550L01013,Olympic Cards Ltd,bse,,534190,OLPCL
INE286E01019,Olympic Oil Industries Ltd,bse,,507609,OLYOI
INE1BZC01019,Om Freight Forwarders Limited,both nse/bse,OMFREIGHT,544564,OMFREIGHT
INE239D01028,OM INFRA LIMITED,both nse/bse,OMINFRAL,531092,OMINFRAL
INE0R8Q01018,Om Metallogic Ltd,bse,,544559,OML
INE25E901019,Om Power Transmission Limited,both nse/bse,OMPOWER,544750,OMPOWER
INE090B01011,Omax Autos Limited,both nse/bse,OMAXAUTO,520021,OMAXAUTO
INE800H01010,Omaxe Limited,both nse/bse,OMAXE,532880,OMAXE
INE112B01013,Omega Ag-Seeds Punjab Ltd,bse,,519479,OMEAG
INE113B01037,Omega Interactive Technologies Ltd,bse,,511644,OMEGAIN
INE501C01015,Omkar Pharmachem Ltd,bse,,532167,OMKARPH
INE369B01019,Omni AXs Software Ltd,bse,,532340,OMNIAX
INE0JFE01012,Omnipotent Industries Ltd,bse,,543400,OMNIPOTENT
INE0UH301010,Omnitech Engineering Limited,both nse/bse,OMNI,544720,OMNI
INE814D01010,Omnitex Industries India Ltd,bse,,514324,OMNITEX
INE982J01020,One 97 Communications Limited,both nse/bse,PAYTM,543396,PAYTM
INE670O01013,One Global Service Provider Ltd,bse,,514330,ONEGLOBAL
INE0HLU01028,One Mobikwik Systems Limited,both nse/bse,MOBIKWIK,544305,MOBIKWIK
INE840Y01029,One Point One Solutions Limited,both nse/bse,ONEPOINT,544748,ONEPOINT
INE0UR501013,Oneindig Technologies Ltd,bse,,544852,ONEINDIG
INE912L01015,Onelife Capital Advisors Limited,both nse/bse,ONELIFECAP,533632,ONELIFECAP
INE12F801023,OnEMI Technology Solutions Limited,both nse/bse,KISSHT,544754,KISSHT
INE125F01032,Onesource Industries And Ventures Ltd,bse,,530805,OIVL
INE013P01021,Onesource Specialty Pharma Limited,both nse/bse,ONESOURCE,544292,ONESOURCE
INE831A01028,Onida Electronics Limited,both nse/bse,ONIDA,500279,ONIDA
INE173M01012,Onix Solar Energy Ltd,bse,,513119,ONIXSOLAR
INE809I01019,OnMobile Global Limited,both nse/bse,ONMOBILE,532944,ONMOBILE
INE989S01042,Ontic Finserve Ltd,bse,,540386,ONTIC
INE229A01017,Onward Technologies Limited,both nse/bse,ONWARDTEC,517536,ONWARDTEC
INE350C01017,Optiemus Infracom Limited,both nse/bse,OPTIEMUS,530135,OPTIEMUS
INE031G01022,Optimus Finance Ltd,bse,,531254,OPTIFIN
INE881D01027,Oracle Financial Services Software Limited,both nse/bse,OFSS,532466,OFSS
INE231G01010,Orbit Exports Limited,both nse/bse,ORBTEXP,512626,ORBTEXP
INE215B01022,Orchasp Limited,both nse/bse,ORCHASP,532271,ORCHASP
INE191A01027,Orchid Pharma Limited,both nse/bse,ORCHPHARMA,524372,ORCHPHARMA
INE412E01011,Organic Coatings Ltd,bse,,531157,ORGCOAT
INE0MIO01019,Organic Recycling Systems Ltd,bse,,543997,ORGANICREC
INE730A01022,Oricon Enterprises Limited,both nse/bse,ORICONENT,513121,ORICONENT
INE607D01018,Orient Bell Limited,both nse/bse,ORIENTBELL,530365,ORIENTBELL
INE247F01018,Orient Beverages Ltd,bse,,507690,ORIBEVER
INE876N01018,Orient Cement Limited,both nse/bse,ORIENTCEM,535754,ORIENTCEM
INE569C01020,ORIENT CERATECH LIMITED,both nse/bse,ORIENTCER,504879,ORIENTCER
INE142Z01019,Orient Electric Limited,both nse/bse,ORIENTELEC,541301,ORIENTELEC
INE999K01014,Orient Green Power Company Limited,both nse/bse,GREENPOWER,533263,GREENPOWER
INE592A01026,Orient Paper & Industries Limited,both nse/bse,ORIENTPPR,502420,ORIENTPPR
INE609C01024,Orient Press Limited,both nse/bse,ORIENTLTD,526325,ORIENTLTD
INE0PPK01015,Orient Technologies Limited,both nse/bse,ORIENTTECH,544235,ORIENTTECH
INE681D01039,Orient Tradelink Ltd,bse,,531512,ORIENTTR
INE959C01023,Oriental Aromatics Limited,both nse/bse,OAL,500078,OAL
INE750A01020,Oriental Hotels Limited,both nse/bse,ORIENTHOT,500314,ORIENTHOT
INE457G01029,Oriental Rail Infrastructure Ltd,bse,,531859,ORIRAIL
INE998H01012,Oriental Trimex Limited,both nse/bse,ORIENTALTL,532817,ORIENTALTL
INE16NZ01023,Orkla India Limited,both nse/bse,ORKLAINDIA,544595,ORKLAINDIA
INE628B01034,Orosil Smiths India Ltd-$,bse,,531626,OROSMITHS
INE849L01019,Ortel Communications Limited,both nse/bse,ORTEL,539015,ORTEL
INE749B01020,ORTIN GLOBAL LIMITED,both nse/bse,ORTINGLOBE,539287,ORTINGLOBE
INE880P01015,Oseaspre Consultants Ltd,bse,,509782,OSEASPR
INE06IR01021,Osia Hyper Retail Limited,nse,OSIAHYPER,,
INE186R01013,Osiajee Texfab Ltd,bse,,540198,OSIAJEE
INE142A01012,Oswal Agro Mills Limited,both nse/bse,OSWALAGRO,500317,OSWALAGRO
INE143A01010,Oswal Greentech Limited,both nse/bse,OSWALGREEN,539290,OSWALGREEN
INE0BYP01024,Oswal Pumps Limited,both nse/bse,OSWALPUMPS,544418,OSWALPUMPS
INE910B01028,OTCO International Ltd,bse,,523151,OTCO
INE0RTI01017,Oval Projects Engineering Ltd,bse,,544498,OVAL
INE812S01012,Ovobel Foods Ltd,bse,,530741,OVOBELE
INE114D01015,Oxford Industries Ltd,bse,,514414,OXFORDIN
INE102E01018,Oxygenta Pharmaceutical Ltd,bse,,524636,OXYGENTAPH
INE953R01016,P N Gadgil Jewellers Limited,both nse/bse,PNGJL,544256,PNGJL
INE212Q01019,P. B. Films Ltd,bse,,539352,PBFL
INE0S3G01027,Pace Digitek Limited,both nse/bse,PACEDIGITK,544550,PACEDIGITK
INE0N1L01018,Pace E-Commerce Ventures Ltd,bse,,543637,PACE
INE883C01025,Pacific Industries Ltd,bse,,523483,PACIFICI
INE448D01025,Padam Cotton Yarns Ltd,bse,,531395,PADAMCO
INE243B01016,Padmalaya Telefilms Ltd,bse,,532350,PADMALAYAT
INE630U01014,Padmanabh Alloys & Polymers Ltd,bse,,531779,PADALPO
INE743D01011,Padmanabh Industries Ltd,bse,,526905,PADMAIND
INE761H01022,Page Industries Limited,both nse/bse,PAGEIND,532827,PAGEIND
INE420C01059,Paisalo Digital Limited,both nse/bse,PAISALO,532900,PAISALO
INE14LM01012,Pajson Agro India Ltd,bse,,544657,PAJSON
INE551D01018,PAKKA LIMITED,both nse/bse,PAKKA,516030,PAKKA
INE471W01019,Palash Securities Limited,both nse/bse,PALASHSECU,540648,PALASHSECU
INE239L01013,Palco Metals Ltd,bse,,539121,PALCO
INE838Z01012,Palm Jewels Ltd,bse,,541444,PALMJEWELS
INE218G01033,Palred Technologies Limited,both nse/bse,PALREDTEC,532521,PALREDTEC
INE648E01010,Pan Electronics India Ltd,bse,,517397,PANELEC
INE1N9E01015,PAN HR Solution Ltd,bse,,544698,PANHR
INE376A01032,Pan India Corporation Ltd,bse,,511525,PANINDIAC
INE516E01019,Panabyte Technologies Ltd,bse,,538742,PANABYTE
INE922B01023,Panacea Biotec Limited,both nse/bse,PANACEABIO,531349,PANACEABIO
INE895W01019,Panache Digilife Limited,nse,PANACHE,,
INE655P01029,Panafic Industrials Ltd,bse,,538860,PANAFIC
INE305C01029,Panama Petrochem Limited,both nse/bse,PANAMAPET,524820,PANAMAPET
INE013E01017,Panasonic Carbon India Company Ltd-$,bse,,508941,PANCARBON
INE795A01017,Panasonic Energy India Company Ltd-$,bse,,504093,PANAENERG
INE798F01010,Panchmahal Steel Ltd,bse,,513511,PANCHMAHQ
INE316G01019,Panchsheel Organics Ltd,bse,,531726,PANCHSHEEL
INE744D01019,Panjon Ltd,bse,,526345,PANJON
INE698B01011,Pankaj Polymers Ltd,bse,,531280,PANKAJPO
INE258R01028,Panorama Studios International Ltd,bse,,539469,PANORAMA
INE697V01011,Pansari Developers Limited,nse,PANSARI,,
INE945O01019,Panth Infinity Ltd,bse,,539143,PANTH
INE181D01014,Panther Industrial Products Ltd,bse,,524055,PANIDPR
INE167E01037,Panyam Cements & Mineral Industries Ltd,bse,,500322,PANCM
INE791C01012,Paos Industries Ltd,bse,,530291,PAOS
INE04LG01015,Par Drugs And Chemicals Limited,nse,PAR,,
INE0SMW01011,Paradeep Parivahan Ltd,bse,,544383,PPARIVAH
INE088F01024,Paradeep Phosphates Limited,both nse/bse,PARADEEP,543530,PARADEEP
INE883N01014,Parag Milk Foods Limited,both nse/bse,PARAGMILK,539889,PARAGMILK
INE015E01012,Paragon Finance Ltd,bse,,531255,PARAGONF
INE074B01023,Paramount Communications Limited,both nse/bse,PARACABLES,530555,PARACABLES
INE143I01013,Paramount Cosmetics India Ltd,bse,,507970,PARMCOS-B
INE045601023,Paras Defence and Space Technologies Limited,both nse/bse,PARAS,543367,PARAS
INE162C01024,Paras Petrofils Limited,both nse/bse,PARASPETRO,521246,PARASPETRO
INE119201023,Park Medi World Limited,both nse/bse,PARKHOSPS,544645,PARKHOSPS
INE750B01010,Parker Agrochem Exports Ltd-$,bse,,524628,PARKERAC
INE272G01014,Parle Industries Ltd,bse,,532911,PARLEIND
INE240T01014,Parmax Pharma Ltd,bse,,540359,PARMAX
INE0QQJ01021,Parmeshwar Metal Ltd,bse,,544330,PARMESHWAR
INE808R01012,Parmeshwari Silk Mills Ltd,bse,,540467,PARMSILK
INE383L01019,Parnax Lab Ltd,bse,,506128,PARNAXLAB
INE05MV01019,Parshva Enterprises Ltd,bse,,542694,PARSHVA
INE635I01018,Parshwanath Corporation Ltd,bse,,511176,PARSHWANA
INE561H01026,Parsvnath Developers Limited,both nse/bse,PARSVNATH,532780,PARSVNATH
INE295Z01015,Parvati Sweetners and Power Ltd,bse,,541347,PARVATI
INE604F01010,Pasari Spinning Mills Ltd,bse,,521080,PASARI
INE124Y01028,Pashupati Cotspin Limited,both nse/bse,PASHUPATI,544448,PASHUPATI
INE818B01023,Pasupati Acrylon Limited,both nse/bse,PASUPTAC,500456,PASUPTAC
INE909B01020,Pasupati Spinning & Weaving Mills Ltd,bse,,503092,PASUSPG
INE619A01035,Patanjali Foods Limited,both nse/bse,PATANJALI,500368,PATANJALI
INE473T01011,Patdiam Jewellery Ltd,bse,,539401,PJL
INE161701011,Patel Chem Specialities Ltd,bse,,544460,PATELCHEM
INE244B01030,Patel Engineering Limited,both nse/bse,PATELENG,531120,PATELENG
INE529D01014,Patel Integrated Logistics Limited,both nse/bse,PATINTLOG,526381,PATINTLOG
INE0R8B01010,Patel Retail Limited,both nse/bse,PATELRMART,544487,PATELRMART
INE082C01024,Patels Airtemp India Ltd,bse,,517417,PATELSAI
INE637N01014,Patidar Buildcon Ltd,bse,,524031,PATIDAR
INE0NPA01011,Patron Exim Ltd,bse,,543798,PATRON
INE790C01014,Patspin India Ltd,bse,,514326,PATSPINLTD
INE291E01019,Paul Merchants Limited,both nse/bse,PML,539113,PML
INE111F01024,Paushak Limited,both nse/bse,PAUSHAKLTD,532742,PAUSHAKLTD
INE07S101038,Pavna Industries Limited,both nse/bse,PAVNAIND,543915,PAVNAIND
INE417T01026,PB Fintech Limited,both nse/bse,POLICYBZR,543390,POLICYBZR
INE615W01011,PB Global Ltd,bse,,506580,PBGLOBAL
INE160H01019,PBA Infrastructure Ltd,bse,,532676,PBAINFRA
INE501F01018,PBM Polytex Ltd-$,bse,,514087,PBMPOLY
INE785M01021,PC Jeweller Limited,both nse/bse,PCJEWELLER,534809,PCJEWELLER
INE602A01031,PCBL Chemical Limited,both nse/bse,PCBL,506590,PCBL
INE834B01012,PCS Technology Ltd,bse,,517119,PCS
INE0ABU01016,PDP Shipping & Projects Ltd,bse,,544378,PSPL
INE111Q01021,PDS Limited,both nse/bse,PDSL,538730,PDSL
INE940H01022,Pearl Global Industries Limited,both nse/bse,PGIL,532808,PGIL
INE0GTX01019,Pearl Green Clubs and Resorts Ltd,bse,,543540,PGCRL
INE844A01013,Pearl Polymers Limited,both nse/bse,PEARLPOLY,523260,PEARLPOLY
INE484S01010,Pecos Hotels and Pubs Ltd,bse,,539273,PECOS
INE417E01010,Pee Cee Cosma Sope Ltd,bse,,524136,PCCOSMA
INE328D01011,Peeti Securities Ltd,bse,,531352,PEETISEC
INE138A01028,Peninsula Land Limited,both nse/bse,PENINLAND,503031,PENINLAND
INE932A01024,Pennar Industries Limited,both nse/bse,PENIND,513228,PENIND
INE702E01015,Pentokey Organy India Ltd,bse,,524210,PNTKYOR
INE814L01013,Perfect-Octave Media Projects Ltd,bse,,521062,OCTAVE
INE759I01024,Perfectpac Ltd,bse,,526435,PERFEPA
INE418E01018,Permanent Magnets Ltd-$,bse,,504132,PERMAGN
INE262H01021,Persistent Systems Limited,both nse/bse,PERSISTENT,533179,PERSISTENT
INE443P01038,Pervasive Commodities Ltd,bse,,517172,PERVASIVE
INE704F01018,Pet Plastics Ltd,bse,,524046,PETPLST
INE347G01014,Petronet LNG Limited,both nse/bse,PETRONET,532522,PETRONET
INE182A01018,Pfizer Limited,both nse/bse,PFIZER,500680,PFIZER
INE600F01018,PFL Infotech Ltd,bse,,531769,PFLINFOTC
INE457L01029,PG Electroplast Limited,both nse/bse,PGEL,533581,PGEL
INE078D01012,PG Foils Ltd,bse,,526747,PGFOILQ
INE160F01013,PH Capital Ltd,bse,,500143,PHCAP
INE486I01016,Phaarmasia Ltd,bse,,523620,PHRMASI
INE117D01018,Pharmaids Pharmaceuticals Ltd,bse,,524572,PHARMAID
INE245B01011,Phoenix International Ltd,bse,,526481,PHOENXINTL
INE813B01016,Photoquip India Ltd,bse,,526588,PHOTOQUP
INE0LP301011,Physicswallah Limited,both nse/bse,PWL,544609,PWL
INE037C01010,Phyto Chem India Ltd,bse,,524808,PHYTO
INE603J01030,PI Industries Limited,both nse/bse,PIIND,523642,PIIND
INE546C01010,Piccadily Agro Industries Limited,both nse/bse,PICCADIL,530305,PICCADIL
INE544C01023,Piccadily Sugar & Allied Industries Ltd,bse,,507498,PICCASUG
INE448B01029,Picturehouse Media Ltd,bse,,532355,PICTUREHS
INE318A01026,Pidilite Industries Limited,both nse/bse,PIDILITIND,500331,PIDILITIND
INE600A01035,PIL ITALICA LIFESTYLE LIMITED,both nse/bse,PILITA,500327,PILITA
INE417C01014,Pilani Investment and Industries Corporation Limited,both nse/bse,PILANIINVS,539883,PILANIINVS
INE15B701018,Pine Labs Limited,both nse/bse,PINELABS,544606,PINELABS
INE156C01018,Pioneer Embroideries Limited,both nse/bse,PIONEEREMB,514300,PIONEEREMB
INE746D01014,Pioneer Investcorp Limited,both nse/bse,PIONRINV,507864,PIONRINV
INE0R4W01015,Piotex Industries Ltd,bse,,544178,PIOTEX
INE202B01038,Piramal Finance Limited,both nse/bse,PIRAMALFIN,544597,PIRAMALFIN
INE0DK501011,Piramal Pharma Limited,both nse/bse,PPLPHARMA,543635,PPLPHARMA
INE450D01021,Pitti Engineering Limited,both nse/bse,PITTIENG,513519,PITTIENG
INE751B01018,Pix Transmissions Limited,both nse/bse,PIXTRANS,500333,PIXTRANS
INE083C01022,Plastiblends India Limited,both nse/bse,PLASTIBLEN,523648,PLASTIBLEN
INF769K30043,Platinum Hybrid Long-Short Fund – Direct Plan growth,bse,,544790,PHLSDG
INF769K30068,Platinum Hybrid Long-Short Fund – Direct Plan IDCW payout,bse,,544792,PHLSDDP
INF769K30050,Platinum Hybrid Long-Short Fund – Direct Plan IDCW reinvestments,bse,,544791,PHLSDDI
INF769K30035,Platinum Hybrid Long-Short Fund – Regular plan IDCW payout,bse,,544789,PHLSRDP
INF769K30019,Platinum Hybrid Long-Short Fund- Regular plan growth,bse,,544787,PHLSRG
INF769K30027,Platinum Hybrid Long-Short Fund- Regular plan IDCW reinvestments,bse,,544788,PHLSRDI
INE0PT501018,Platinum Industries Limited,both nse/bse,PLATIND,544134,PLATIND
INE0DTJ01015,PlatinumOne Business Services Ltd,bse,,543352,POBS
INE0INJ01017,Plaza Wires Limited,both nse/bse,PLAZACABLE,544003,PLAZACABLE
INE793G01035,PMC Fincorp Ltd,bse,,534060,PMCFIN
INE859A01011,PNB Gilts Limited,both nse/bse,PNBGILTS,532366,PNBGILTS
INE572E01012,PNB Housing Finance Limited,both nse/bse,PNBHOUSING,540173,PNBHOUSING
INE195J01029,PNC Infratech Limited,both nse/bse,PNCINFRA,539150,PNCINFRA
INE0NT601018,PNGS Gargi Fashion Jewellery Ltd,bse,,543709,GARGI
INE1RDG01013,PNGS Reva Diamond Jewellery Limited,both nse/bse,PNGSREVA,544718,PNGSREVA
INE035S01028,POCL Enterprises Ltd,bse,,539195,POEL
INE371C01013,Poddar Pigments Limited,both nse/bse,PODDARMENT,524570,PODDARMENT
INE637C01025,Pokarna Limited,both nse/bse,POKARNA,532486,POKARNA
INE689M01025,Polo Queen Industrial and Fintech Ltd,bse,,540717,PQIF
INE339F01021,Polson Ltd,bse,,507645,POLSON
INE205C01021,Poly Medicure Limited,both nse/bse,POLYMED,531768,POLYMED
INE455K01017,Polycab India Limited,both nse/bse,POLYCAB,542652,POLYCAB
INE752B01024,Polychem Ltd,bse,,506605,POLYCHEM
INE262C01014,Polycon International Ltd,bse,,531397,POLYCON
INE323D01020,Polylink Polymers India Ltd,bse,,531454,POLYLINK
INE826P01018,Polymac Thermoformers Ltd,bse,,537573,POLYMAC
INE809B01014,Polymechplast Machines Ltd,bse,,526043,POLYCHMP
INE633B01018,Polyplex Corporation Limited,both nse/bse,POLYPLEX,524051,POLYPLEX
INE914G01029,Polyspin Exports Ltd,bse,,539354,POLYSPIN
INE063E01061,Pondy Oxides & Chemicals Limited,both nse/bse,POCL,532626,POCL
INE838E01017,Ponni Sugars (Erode) Limited,both nse/bse,PONNIERODE,532460,PONNIERODE
INE288301026,Poojaa Precision Engg. Ltd,bse,,544844,PPEL
INE973X01012,Poojawestern Metaliks Ltd,bse,,540727,POOJA
INE809E01018,Poona Dal & Oil Industries Ltd,bse,,519359,POONADAL
INE511C01022,Poonawalla Fincorp Limited,both nse/bse,POONAWALLA,524000,POONAWALLA
INE370C01015,Popular Estate Management Ltd,bse,,531870,POPULARES
INE0PZB01013,Popular Foundations Ltd,bse,,544259,PFL
INE772T01024,Popular Vehicles and Services Limited,both nse/bse,PVSL,544144,PVSL
INE386I01018,Porwal Auto Components Ltd,bse,,532933,PORWAL
INE557Z01018,Power & Instrumentation (Gujarat) Limited,both nse/bse,PIGL,543912,PIGL
INE134E01011,Power Finance Corporation Limited,both nse/bse,PFC,532810,PFC
INE752E01010,Power Grid Corporation of India Limited,both nse/bse,POWERGRID,532898,POWERGRID
INE211R01019,Power Mech Projects Limited,both nse/bse,POWERMECH,539302,POWERMECH
INE921L01032,Powerica Limited,both nse/bse,POWERICA,544744,POWERICA
INE095I01015,PPAP Automotive Limited,both nse/bse,PPAP,532934,PPAP
INE0I0M01023,Prabha Energy Limited,both nse/bse,PRABHA,544379,PRABHA
INE428P01013,Prabhhans Industries Ltd,bse,,530361,PRABHHANS
INE821R01015,Prabhu Steel Industries Ltd,bse,,506042,ZPRBHSTE
INE770A01010,Pradeep Metals Limited,both nse/bse,PRADPME,513532,PRADPME
INE962B01011,Prag Bosimi Synthetics Ltd,bse,,500192,PRAGBOS
INE074A01025,Praj Industries Limited,both nse/bse,PRAJIND,522205,PRAJIND
INE505C01016,Prajay Engineers Syndicate Limited,both nse/bse,PRAENG,531746,PRAENG
INE603A01013,Prakash Industries Limited,both nse/bse,PRAKASH,506022,PRAKASH
INE050001010,Prakash Pipes Limited,both nse/bse,PPL,542684,PPL
INE696K01024,Prakash Steelage Limited,both nse/bse,PRAKASHSTL,533239,PRAKASHSTL
INE523I01016,Prakash Woollen & Synthetic Mills Ltd,bse,,531437,PWASML
INE0TI501017,Praruh Technologies Ltd,bse,,544538,PRARUH
INE100E01012,Prashant India Ltd,bse,,519014,PRSNTIN
INE393P01035,Prataap Snacks Limited,both nse/bse,DIAMONDYD,540724,DIAMONDYD
INE206C01029,Pratik Panels Ltd,bse,,526490,PRATIK
INE722B01019,Praveg Limited,both nse/bse,PRAVEG,531637,PRAVEG
INE546Y01022,Praxis Home Retail Limited,both nse/bse,PRAXIS,540901,PRAXIS
INE484I01029,Precision Camshafts Limited,both nse/bse,PRECAM,539636,PRECAM
INE143C01024,Precision Electronics Ltd,bse,,517258,PRECISIO
INE372C01037,Precision Wires India Limited,both nse/bse,PRECWIRE,523539,PRECWIRE
INE283A01014,Precot Limited,nse,PRECOT,,
INE001E01012,Premco Global Limited,both nse/bse,PREMCO,530331,PREMCO
INE946K01023,Premier Capital Services Ltd,bse,,511016,PREMCAP
INE0BS701011,Premier Energies Limited,both nse/bse,PREMIERENE,544238,PREMIERENE
INE429K01012,Premier Energy and Infrastructure Ltd,bse,,533100,PEIL
INE863B01029,Premier Explosives Limited,both nse/bse,PREMEXPLN,526247,PREMEXPLN
INE342A01018,Premier Limited,both nse/bse,PREMIER,500540,PREMIER
INE309M01020,Premier Polyfilm Limited,both nse/bse,PREMIERPOL,514354,PREMIERPOL
INE940N01012,Premier Synthetics Ltd,bse,,509835,PREMSYN
INE426H01014,Prerna Infrabuild Ltd,bse,,531802,PRERINFRA
INE811K01011,Prestige Estates Projects Limited,both nse/bse,PRESTIGE,533274,PRESTIGE
INE0GAO01018,Prevest Denpro Ltd,bse,,543363,PREVEST
INE726V01018,Pricol Limited,both nse/bse,PRICOLLTD,540293,PRICOLLTD
INE297D01018,Prima Agro Ltd,bse,,519262,PRIMAGR
INE723N01012,Prima Industries Ltd,bse,,531246,PRIMAIN
INE13LA01027,Prima Innovation Ltd,bse,,544855,PRIMAINNO
INE573B01016,Prima Plastics Ltd,bse,,530589,PRIMAPLA
INE748D01010,Prime Capital Market Ltd,bse,,535514,PRIMECAPM
INE367G01038,Prime Focus Limited,both nse/bse,PFOCUS,532748,PFOCUS
INE442V01012,Prime Fresh Ltd,bse,,540404,PRIMEFRESH
INE543F01028,Prime Industries Ltd,bse,,519299,PRIMIND
INE233C01023,Prime Property Development Corporation Ltd-$,bse,,530695,PRIMEPRO
INE032B01021,Prime Securities Limited,both nse/bse,PRIMESECU,500337,PRIMESECU
INE419E01024,Prime Urban Development India Ltd,bse,,521149,PRIMEURB
INE607A01022,Primo Chemicals Limited,both nse/bse,PRIMO,506852,PRIMO
INE689W01016,Prince Pipes And Fittings Limited,both nse/bse,PRINCEPIPE,542907,PRINCEPIPE
INE429Q01019,Prism Finance Ltd,bse,,531735,PRISMFN
INE010A01011,Prism Johnson Limited,both nse/bse,PRSMJOHNSN,500338,PRSMJOHNSN
INE730E01016,Prism Medico and Pharmacy Ltd,bse,,512217,PRISMMEDI
INE286N01028,Prismx Global Ventures Ltd,bse,,501314,PRISMX
INE621B01021,Prithvi Exchange (India) Ltd,bse,,531688,PRITHVIEXCH
INE974Z01015,Priti International Limited,nse,PRITI,,
INE583R01029,Pritika Auto Industries Limited,both nse/bse,PRITIKAUTO,539359,PRITIKAUTO
INE392B01011,Pritish Nandy Communications Limited,both nse/bse,PNC,532387,PNC
INE959A01019,Privi Speciality Chemicals Limited,both nse/bse,PRIVISCL,530117,PRIVISCL
INE686C01014,Priya Ltd-$,bse,,524580,PRIYALT
INE438C01010,Pro Clb Global Ltd,bse,,540703,PROCLB
INE732K01027,Pro Fin Capital Services Ltd,bse,,511557,PROFINC
INE199A01012,Procter & Gamble Health Limited,both nse/bse,PGHL,500126,PGHL
INE179A01014,Procter & Gamble Hygiene and Health Care Limited,both nse/bse,PGHH,500459,PGHH
INE10XK01019,Prodocs Solutions Ltd,bse,,544643,PRODOCS
INE818D01011,Promact Plastics Ltd,bse,,526494,PROMACT
INE0I2F01015,Promax Power Ltd,bse,,543375,PROMAX
INE0OKG01017,Prospect Consumer Products Ltd,bse,,543814,PCL
INE0BX301013,Prostarm Info Systems Limited,both nse/bse,PROSTARM,544410,PROSTARM
INE004A01022,Protean eGov Technologies Limited,both nse/bse,PROTEAN,544021,PROTEAN
INE195N01013,Prozone Realty Limited,both nse/bse,PROZONER,534675,PROZONER
INE00F201020,Prudent Corporate Advisory Services Limited,both nse/bse,PRUDENT,543527,PRUDENT
INE024D01016,Prudential Sugar Corporation Limited,both nse/bse,PRUDMOULI,500342,PRUDMOULI
INE953M01033,PS IT Infrastructure & Services Ltd,bse,,505502,PSITINFRA
INE488V01015,PSP Projects Limited,both nse/bse,PSPPROJECT,540544,PSPPROJECT
INE560K01014,PTC India Financial Services Limited,both nse/bse,PFS,533344,PFS
INE877F01012,PTC India Limited,both nse/bse,PTC,532524,PTC
INE596F01018,PTC Industries Limited,both nse/bse,PTCIL,539006,PTCIL
INE034D01049,PTL Enterprises Limited,both nse/bse,PTL,509220,PTL
INE865T01018,Pudumjee Paper Products Limited,both nse/bse,PDMJEPAPER,539785,PDMJEPAPER
INE183U01022,Pulsar International Ltd,bse,,512591,PULSRIN
INE07NX01019,Punctual Trading Ltd,bse,,512461,PUNCTRD
INE510U01018,Pune E - Stock Broking Ltd,bse,,544141,PESB
INE608A01012,Punjab & Sind Bank,both nse/bse,PSB,533295,PSB
INE277B01014,Punjab Chemicals & Crop Protection Limited,both nse/bse,PUNJABCHEM,506618,PUNJABCHEM
INE609A01010,Punjab Communications Ltd-$,bse,,500346,PUNJCOMMU
INE160A01022,Punjab National Bank,both nse/bse,PNB,532461,PNB
INE323I01011,Puravankara Limited,both nse/bse,PURVA,532891,PURVA
INE795D01011,Puretrop Fruits  Ltd,bse,,530077,PURETROP
INE898O01010,Purity Flexpack Ltd,bse,,523315,PURITY
INE147J01012,Purohit Construction Ltd,bse,,538993,PUROHITCON
INE905R01016,Purple Agrotech Industries Ltd,bse,,540159,PURPLE
INE0CYK01015,Purple Finance Ltd,bse,,544191,PURPLEFIN
INE0VDK01019,Purple Wave Infocom Ltd,bse,,544627,PURPLEWAVE
INE729C01020,Purshottam Investofin Ltd,bse,,538647,PURSHOTTAM
NA,Pushpsons Industries Ltd,bse,,531562,PUSHPIN
INE362A01016,PVP Ventures Limited,both nse/bse,PVP,517556,PVP
INE191H01014,PVR INOX Limited,both nse/bse,PVRINOX,532689,PVRINOX
INE428B01021,PVV Infra Ltd,bse,,536659,PVVINFRA
INE0MIS01010,Pyramid Technoplast Limited,both nse/bse,PYRAMID,543969,PYRAMID
INE883L01018,Pyxis Finvest Ltd,bse,,534109,PYXISFIN
INE837C01013,QGO Finance Ltd,bse,,538646,QGO
INE0FMW01018,QMS Medical Allied Services Limited,nse,QMSMEDI,,
INE0LRY01011,Quadrant Future Tek Limited,both nse/bse,QUADFUTURE,544336,QUADFUTURE
INE0Q1R01012,Qualitek Labs Ltd,bse,,544091,QLL
INE0SII01026,Quality Power Electrical Equipments Limited,both nse/bse,QPOWER,544367,QPOWER
INE0KAF01018,Quality RO Industries Ltd,bse,,543460,QRIL
INE373C01019,Quantum Digital Vision India Ltd,bse,,530281,QUANTDIA
INF082J01499,Quantum Nifty 50 ETF,bse,,590110,QNIFTY
INE615P01015,Quess Corp Limited,both nse/bse,QUESS,539978,QUESS
INE418C01012,Quest Capital Markets Ltd,bse,,500069,QUESTCAP
INE0OYE01013,Quest Flow Controls Ltd,bse,,543982,QUESTFLOW
INE306L01010,Quick Heal Technologies Limited,both nse/bse,QUICKHEAL,539678,QUICKHEAL
INE641R01017,Quint Digital Limited,both nse/bse,QUINT,539515,QUINT
INE0NQ801033,R K Swamy Limited,both nse/bse,RKSWAMY,544136,RKSWAMY
INE219Y01026,R M Drip and Sprinklers Systems Limited,both nse/bse,RMDRIP,544456,RMDRIP
INE777K01022,R R Kabel Limited,both nse/bse,RRKABEL,543981,RRKABEL
INE411H01032,R Systems International Limited,both nse/bse,RSYSTEMS,532735,RSYSTEMS
INE012Q01039,R&B Denims Limited,both nse/bse,RNBDENIMS,538119,RNBDENIMS
INE165B01029,R. S. Software (India) Limited,both nse/bse,RSSOFTWARE,517447,RSSOFTWARE
INE324L01013,R.P.P. Infra Projects Limited,both nse/bse,RPPINFRA,533284,RPPINFRA
INE548H01015,Raaj Medisafe India Ltd,bse,,524502,RAAJMEDI
INE516P01015,Raama Finance Ltd,bse,,538540,RAAMA
INE084Q01012,Race Eco Chain Limited,both nse/bse,RACE,537785,RACE
INE0ZN101029,Rachit Prints Ltd,bse,,544503,RACHIT
INE704B01017,RACL Geartech Limited,both nse/bse,RACLGEAR,520073,RACLGEAR
INE00WY01013,Raconteur Global Resources Ltd,bse,,541703,RACONTEUR
INE874F01027,Radaan Mediaworks India Limited,both nse/bse,RADAAN,590070,RADAAN
INE792P01020,Radhagobind Commercial Ltd,bse,,539673,RCL
INE986B01044,Radhe Developers India Ltd,bse,,531273,RADHEDE
INE583V01021,Radhika Jeweltech Limited,both nse/bse,RADHIKAJWE,540125,RADHIKAJWE
INE855R01021,Radiant Cash Management Services Limited,both nse/bse,RADIANTCMS,543732,RADIANTCMS
INE944F01028,Radico Khaitan Limited,both nse/bse,RADICO,532497,RADICO
INE576N01014,Radix Industries (India) Ltd,bse,,531412,RADIXIND
INE912T01018,Raghav Productivity Enhancers Limited,both nse/bse,RPEL,539837,RPEL
INE753B01014,Raghunath International Ltd,bse,,526813,RAGHUNAT
INE754B01012,Raghunath Tobacco Company Ltd,bse,,531552,RAGHUTOB
INE865P01016,Raghuvansh Agrofarms Ltd,bse,,538921,RAFL
INE969C01022,Raghuvir Synthetics Ltd,bse,,514316,RAGHUSYN
INE923R01019,Raideep Industries Ltd,bse,,540270,RAIDEEPIND
INE415G01027,Rail Vikas Nigam Limited,both nse/bse,RVNL,542649,RVNL
INE0DD101019,Railtel Corporation Of India Limited,both nse/bse,RAILTEL,543265,RAILTEL
INE855B01025,Rain Industries Limited,both nse/bse,RAIN,500339,RAIN
INE961O01016,Rainbow Childrens Medicare Limited,both nse/bse,RAINBOW,543524,RAINBOW
INE230F01014,Rainbow Foundations Ltd,bse,,531694,RAINBOWF
INE294G01026,Raj Oil Mills Limited,both nse/bse,ROML,533093,ROML
INE639C01013,Raj Packaging Industries Ltd,bse,,530111,RAJPACK
INE533D01032,Raj Rayon Industries Limited,both nse/bse,RAJRILTD,530699,RAJRILTD
INE952H01027,Raj Television Network Limited,both nse/bse,RAJTV,532826,RAJTV
INE491N01016,Raja Bahadur International Ltd,bse,,503127,RAJABAH
INE296E01026,Rajapalayam Mills Limited,both nse/bse,RAJPALAYAM,532503,RAJPALAYAM
INE929D01016,Rajasthan Cylinders & Containers Ltd,bse,,538707,RCCL
INE374C01017,Rajasthan Petro Synthetics Ltd,bse,,506975,RAJSPTR
INE184D01026,Rajasthan Securities Ltd,bse,,526873,RAJSEC
INE497E01020,Rajasthan Tube Manufacturing Company Ltd,bse,,530253,RAJTUBE
INE610C01014,Rajdarshan Industries Limited,both nse/bse,ARENTERP,526662,ARENTERP
INE343B01030,Rajesh Exports Limited,both nse/bse,RAJESHEXPO,531500,RAJESHEXPO
INE0VN801010,Rajesh Power Services Ltd,bse,,544291,RAJESH
INE0CQ101015,Rajeshwari Cans Ltd,bse,,543285,RCAN
INE016C01014,Rajeswari Infrastructure Ltd,bse,,526823,RAJINFRA
INE376L01013,Rajkamal Synthetics Ltd,bse,,514028,RAJKSYN
INE176R01014,Rajkot Investment Trust Ltd,bse,,539495,RAJKOTINV
INE1GM501015,Rajnandini Fashion India Ltd,bse,,544771,RFIL
INE00KV01022,Rajnandini Metal Limited,nse,RAJMET,,
INE786J01033,Rajnish Retail Ltd,bse,,530525,RRETAIL
INE685Z01033,Rajnish Wellness Ltd,bse,,541601,RAJNISH
INE535F01024,Rajoo Engineers Limited,both nse/bse,RAJOOENG,522257,RAJOOENG
INE751R01014,Rajputana Investment and Finance Ltd,bse,,539090,RAJPUTANA
INE313L01016,Rajputana Stainless Limited,both nse/bse,RSL,544731,RSL
INE451D01029,Rajratan Global Wire Limited,both nse/bse,RAJRATAN,517522,RAJRATAN
INE760W01023,Rajshree Polypack Limited,nse,RPPL,,
INE562B01019,Rajshree Sugars & Chemicals Limited,both nse/bse,RAJSREESUG,500354,RAJSREESUG
INE381N01019,Rajvi Logitrade Ltd,bse,,511185,RAJVI
INE613A01020,Rallis India Limited,both nse/bse,RALLIS,500355,RALLIS
INE207E01023,Ram Ratna Wires Limited,both nse/bse,RAMRAT,522281,RAMRAT
INE425E01013,Rama Paper Mills Ltd,bse,,500357,RAMAPPR-B
INE809A01032,Rama Phosphates Limited,both nse/bse,RAMAPHO,524037,RAMAPHO
INE230R01035,Rama Steel Tubes Limited,both nse/bse,RAMASTEEL,539309,RAMASTEEL
INE763B01013,Rama Vision Ltd,bse,,523289,RAMAVISION
INE614A01028,Ramco Industries Limited,both nse/bse,RAMCOIND,532369,RAMCOIND
INE246B01019,Ramco Systems Limited,both nse/bse,RAMCOSYS,532370,RAMCOSYS
INE410D01017,Ramgopal Polytex Ltd,bse,,514223,RAMGOPOLY
INE357B01022,Raminfo Ltd,bse,,530951,RAMINFO
INE399G01023,Ramkrishna Forgings Limited,both nse/bse,RKFORGE,532527,RKFORGE
INE874I01013,Ramky Infrastructure Limited,both nse/bse,RAMKY,533262,RAMKY
INE609D01014,Ramsons Projects Ltd,bse,,530925,RAMSONS
INE625B01014,Rana Sugars Limited,both nse/bse,RANASUG,507490,RANASUG
INE821D01031,Rander Corporation Ltd,bse,,531228,RANDER
INE050H01012,Rane (Madras) Limited,both nse/bse,RML,532661,RML
INE384A01010,Rane Holdings Limited,both nse/bse,RANEHOLDIN,505800,RANEHOLDIN
INE01A501027,Ranjeet Mechatronics Ltd,bse,,541945,RANJEET
INE863D01017,Ranjit Securities Ltd,bse,,531572,RANJITSE
INE483D01014,Rap Corp Ltd,bse,,531583,RAP
INE350D01015,Rapicut Carbides Ltd,bse,,500360,RAPICUT
INE154M01012,Rapid Investments Ltd,bse,,501351,RAPIDIN
INE0QA901010,Rapid Multimodal logistics Ltd,bse,,544237,RAPID
INE651D01016,Ras Resorts & Apart Hotels Ltd,bse,,507966,RASRESOR
INE682D01011,Rasandik Engineering Industries India Ltd-$,bse,,522207,RASANDIK
INE0J1F01024,Rashi Peripherals Limited,both nse/bse,RPTECH,544119,RPTECH
INE027A01015,Rashtriya Chemicals and Fertilizers Limited,both nse/bse,RCF,524230,RCF
INE822D01021,Rasi Electrodes Ltd,bse,,531233,RASIELEC
INE0CLI01024,Rategain Travel Technologies Limited,both nse/bse,RATEGAIN,543417,RATEGAIN
INE575I01016,Rathi Bars Ltd,bse,,532918,RATHIBAR
INE336C01016,Rathi Steel & Power Ltd-$,bse,,504903,RATHIST
INE821Y01011,Ratnabhumi Developers Ltd,bse,,540796,RATNABHUMI
INE703B01027,Ratnamani Metals & Tubes Limited,both nse/bse,RATNAMANI,520111,RATNAMANI
INE05CZ01011,Ratnaveer Precision Engineering Limited,both nse/bse,RATNAVEER,543978,RATNAVEER
INE834M01019,RattanIndia Enterprises Limited,both nse/bse,RTNINDIA,534597,RTNINDIA
INE399K01017,RattanIndia Power Limited,both nse/bse,RTNPOWER,533122,RTNPOWER
INE523K01012,Raunaq International Ltd,bse,,537840,RAUNAQ
INE0W4D01018,Ravelcare Ltd,bse,,544629,RAVEL
INE722J01012,Ravi Kumar Distilleries Limited,both nse/bse,RKDL,533294,RKDL
INE427E01027,Ravileela Granites Ltd,bse,,526095,RALEGRA
INE09E501017,Ravinder Heights Limited,both nse/bse,RVHL,543251,RVHL
INE206N01018,Ravindra Energy Limited,both nse/bse,RELTD,504341,RELTD
INE960Z01014,Raw Edge Industrial Solutions Ltd,bse,,541634,RAWEDGE
INE02ID01020,Raymond Lifestyle Limited,both nse/bse,RAYMONDLSL,544240,RAYMONDLSL
INE301A01014,Raymond Limited,both nse/bse,RAYMOND,500330,RAYMOND
INE1SY401010,Raymond Realty Limited,both nse/bse,RAYMONDREL,544420,RAYMONDREL
INE976G01028,RBL Bank Limited,both nse/bse,RBLBANK,540065,RBLBANK
INE0PEQ01016,RBZ Jewellers Limited,both nse/bse,RBZJEWEL,544060,RBZJEWEL
INE245L01028,RDB Infrastructure And Power Ltd,bse,,533285,RDBIPL
INE123M01017,RDB Rasayans Ltd,bse,,533608,RDBRL
INE0AK901016,RDB Real Estate Constructions Ltd,bse,,544346,RRECL
INE055E01034,Real Eco-Energy Ltd,bse,,530053,REALECO
INE836D01013,Real Growth Corporation Ltd,bse,,539691,RGCORP
INE840I01014,Real Touch Finance Ltd,bse,,538611,RTFL
INE020B01018,REC Limited,both nse/bse,RECLTD,532955,RECLTD
INE2B6701015,Recode Studios Ltd,bse,,544755,RECODE
INE891D01026,Redington Limited,both nse/bse,REDINGTON,532805,REDINGTON
INE0LXT01019,Redtape Limited,both nse/bse,REDTAPE,543957,REDTAPE
INE0MKO01015,Reetech International Ltd,bse,,543617,REETECH
INE056I01025,Refex Industries Limited,both nse/bse,REFEX,532884,REFEX
INE0MHO01029,Regaal Resources Limited,both nse/bse,REGAAL,544485,REGAAL
INE101E01010,Regal Entertainment & Consultants Ltd,bse,,531033,REGAL
INE043B01028,Reganto Enterprises Ltd,bse,,517393,REGANTO
INE277C01012,Regency Ceramics Limited,both nse/bse,REGENCERAM,515018,REGENCERAM
INE964R01013,Regency Fincorp Ltd,bse,,540175,REGENCY
INE769D01016,Regent Enterprises Ltd,bse,,512624,REGENTRP
INE745R01024,Regis Industries Ltd,bse,,543208,REGIS
INE092O01028,Rekvina Laboratories Ltd,bse,,526075,VINRKLB
INE131B01039,Relaxo Footwears Limited,both nse/bse,RELAXO,530517,RELAXO
INE375Y01018,Reliable Data Services Limited,both nse/bse,RELIABLE,544207,RELIABLE
INE419H01019,Reliable Ventures India Ltd,bse,,532124,RELIABVEN
INE750D01016,Reliance Chemotex Industries Limited,both nse/bse,RELCHEMQ,503162,RELCHEMQ
INE330H01018,Reliance Communications Limited,both nse/bse,RCOM,532712,RCOM
INE217K01011,Reliance Home Finance Limited,both nse/bse,RHFL,540709,RHFL
INE046A01015,Reliance Industrial Infrastructure Limited,both nse/bse,RIIL,523445,RIIL
INE002A01018,Reliance Industries Limited,both nse/bse,RELIANCE,500325,RELIANCE
INE036A01016,Reliance Infrastructure Limited,both nse/bse,RELINFRA,500390,RELINFRA
INE614G01033,Reliance Power Limited,both nse/bse,RPOWER,532939,RPOWER
INE452B01013,Relic Technologies Ltd,bse,,511712,RELICTEC
INE773T01014,Relicab Cable Manufacturing Ltd,bse,,539760,RELICAB
INE621H01010,Religare Enterprises Limited,both nse/bse,RELIGARE,532915,RELIGARE
INE158G01015,Remi Edelstahl Tubulars Ltd,bse,,513043,REMIEDEL
INE474C01023,Remsons Industries Limited,both nse/bse,REMSONSIND,530919,REMSONSIND
INE722H01024,Renaissance Global Limited,both nse/bse,RGL,532923,RGL
INE612J01015,Repco Home Finance Limited,both nse/bse,REPCOHOME,535322,REPCOHOME
INE15WN01014,Repono Ltd,bse,,544463,REPONO
INE461B01014,Repro India Limited,both nse/bse,REPRO,532687,REPRO
INE0NYN01016,Resgen Ltd,bse,,543805,RESGEN
INE486D01017,Resonance Specialties Ltd-$,bse,,524218,RESONANCE
INE0SK201011,Resourceful Automobile Ltd,bse,,544236,RAL
INE401B01010,Response Informatics Ltd,bse,,538273,RESPONSINF
INE688D01026,Responsive Industries Limited,both nse/bse,RESPONIND,505509,RESPONIND
INE07T201019,Restaurant Brands Asia Limited,both nse/bse,RBA,543248,RBA
INE298E01022,Restile Ceramics Ltd,bse,,515085,RESTILE
INE0KWJ01014,Retaggio Industries Ltd,bse,,544391,RETAGGIO
INE0NTC01019,Retina Paints Ltd,bse,,543902,RETINA
INE601N01010,Retro Green Revolution Ltd,bse,,519191,RGRL
INE0DAB01012,Revathi Equipment India Limited,both nse/bse,RVTH,544246,RVTH
INE270D01015,Revati Media Ltd,bse,,524504,REVAMEDIA
INE0MFT01014,Rex Sealing and Packing Industries Ltd,bse,,543744,REXSEAL
INE687C01012,Rexnord Electronics & Controls Ltd,bse,,531888,REXNORD
INE684D01025,RGF Capital Markets Ltd,bse,,539669,RGF
INE0KKN01029,Rhetan TMT Limited,both nse/bse,RHETAN,543590,RHETAN
INE743M01012,RHI MAGNESITA INDIA LIMITED,both nse/bse,RHIM,534076,RHIM
INE811H01017,Riba Textiles Ltd,bse,,531952,RIBATEX
INE652D01014,Rich Universe Network Ltd,bse,,530271,RICHUNV
INE201C01012,Richfield Financial Services Ltd,bse,,539435,RFSL
INE209B01025,Rico Auto Industries Limited,both nse/bse,RICOAUTO,520008,RICOAUTO
INE325X01015,Riddhi Corporate Services Ltd,bse,,540590,RIDDHICORP
INE1DKT01011,Riddhi Display Equipments Ltd,bse,,544640,RDEL
INE249D01019,Riddhi Siddhi Gluco Biols Ltd-$,bse,,524480,RIDDHI
INE367U01013,Riddhi Steel and Tube Ltd,bse,,540082,RSTL
INE07LK01010,Ridhi Synthetics Ltd,bse,,504365,RIDHISYN
INE0CFH01028,Rikhav Securities Ltd,bse,,544340,RIKHAV
INE302D01024,RIR Power Electronics Limited,both nse/bse,RIR,517035,RIR
INE001O01029,Risa International Ltd,bse,,530251,RISAINTL
INE351D01013,Rishab Special Yarns Ltd,bse,,514177,RISHYRN
INE864D01015,Rishabh Digha Steel & Allied Products Ltd-$,bse,,531539,RISHDIGA
INE0N2P01017,Rishabh Instruments Limited,both nse/bse,RISHABH,543977,RISHABH
INE988D01012,Rishi Laser Ltd,bse,,526861,RISHILASE
INE989D01010,Rishi Techtex Ltd,bse,,523021,RISHITECH
INE582D01013,Rishiroop Ltd,bse,,526492,RISHIROOP
INE018S01016,Rita Finance and Leasing Ltd,bse,,543256,RFLL
INE01EG01016,Ritco Logistics Limited,both nse/bse,RITCO,542383,RITCO
INE320J01015,RITES Limited,both nse/bse,RITES,541556,RITES
INE534D01014,Ritesh International Ltd,bse,,519097,RITESHIN
INE819Y01015,Rithwik Facility Management Services Ltd,bse,,540843,RITHWIKFMS
INE0KYI01012,Riyaasat Lifestyle Ltd,bse,,544804,RIYAASAT
INE712Z01019,RJ Shah & Company Ltd,bse,,509845,RJSHAH
INE552N01023,RKD Agri & Retail Ltd,bse,,511169,RKDAGRRTL
INE786W01010,RKEC Projects Limited,nse,RKEC,,
INE629C01014,RLF Ltd,bse,,512618,RLF
INE655V01019,RMC Switchgears Limited,both nse/bse,RMC,540358,RMC
INE335Q01026,Rnit Ai Solutions Ltd,bse,,517286,RNITAI
INE0BDU01028,RO Jewels Ltd,bse,,543171,ROJL
INE508K01013,Robust Hotels Limited,both nse/bse,RHL,543901,RHL
INE513E01024,Rodium Realty Ltd,bse,,531822,RODIUM
INE775R01013,Rolcon Engineering Company Ltd,bse,,505807,ROLCOEN
INE645S01024,Rolex Rings Limited,both nse/bse,ROLEXRINGS,543325,ROLEXRINGS
INE927A01040,Rollatainers Limited,both nse/bse,ROLLT,502448,ROLLT
INE02AP01013,Roni Households Ltd,bse,,542145,RONI
INE443C01010,Roopa Industries Ltd,bse,,530991,ROOPAIND
INE03WT01017,Roopshri Resorts Ltd,bse,,542599,ROOPSHRI
INE649C01012,Rose Merc Ltd,bse,,512115,ROSEMER
INE475C01012,Roselabs Finance Ltd,bse,,531324,ROSELABS
INE02A801020,Rossari Biotech Limited,both nse/bse,ROSSARI,543213,ROSSARI
INE847C01020,Rossell India Limited,both nse/bse,ROSSELLIND,533168,ROSSELLIND
INE0OJW01016,Rossell Techsys Limited,both nse/bse,ROSSTECH,544294,ROSSTECH
INE535D01037,Roto Pumps Limited,both nse/bse,ROTO,517500,ROTO
INE364S01014,Rotographics (India) Ltd,bse,,539922,RGIL
INE450U01017,ROUTE MOBILE LIMITED,both nse/bse,ROUTE,543228,ROUTE
INE618A01011,Royal Cushion Vinyl Products Ltd-$,bse,,526193,ROYALCU
INE510H01015,Royal India Corporation Ltd,bse,,512047,ROYALIND
INE283H01019,Royal Orchid Hotels Limited,both nse/bse,ROHLTD,532699,ROHLTD
INE0QQG01019,Royal Sense Ltd,bse,,544143,ROYAL
INE008C01011,Royale Manor Hotels & Industries Ltd,bse,,526640,RAYALEMA
INE105J01010,RPG Life Sciences Limited,both nse/bse,RPGLIFE,532983,RPGLIFE
INE425Y01011,RPSG VENTURES LIMITED,both nse/bse,RPSGVENT,542333,RPSGVENT
INE229D01011,RR Financial Consultants Ltd,bse,,511626,RRFIN
INE117K01013,RR MetalMakers India Ltd,bse,,531667,RRMETAL
INE474H01014,RR Securities Ltd,bse,,530917,RRSECUR
INE951M01037,RRIL Limited,both nse/bse,RRIL,531307,RRIL
INE015F01019,RSC International Ltd,bse,,530179,RSCINT
INE616F01022,RSD Finance Limited,both nse/bse,RSDFIN,539875,RSDFIN
INE611A01016,RSWM Limited,both nse/bse,RSWM,500350,RSWM
INE005C01017,RTS Power Corporation Ltd,bse,,531215,RTSPOWR
INE642C01025,Rubfila International Limited,both nse/bse,RUBFILA,500367,RUBFILA
INE506V01022,Rubicon Research Limited,both nse/bse,RUBICON,544578,RUBICON
INE413B01023,Ruchi Infrastructure Limited,both nse/bse,RUCHINFRA,509020,RUCHINFRA
INE803H01014,Ruchira Papers Limited,both nse/bse,RUCHIRA,532785,RUCHIRA
INE723D01021,Rudra Ecovation Ltd,bse,,514010,RUDRAECO
INE0OYK01010,Rudra Gas Enterprise Ltd,bse,,544121,RUDRAGAS
INE027T01023,Rudra Global Infra Products Limited,both nse/bse,RUDRA,539226,RUDRA
INE364Z01019,Rudrabhishek Enterprises Limited,nse,REPL,,
INE0S5T01017,Rukmani Devi Garg Agro Impex Ltd,bse,,544552,RDGAIL
INE347C01013,Rungta Irrigation Ltd,bse,,530449,RUNGTAIR
INE895B01021,Rupa & Company Limited,both nse/bse,RUPA,533552,RUPA
INE239B01014,Ruparel Food Products Ltd,bse,,511740,RFL
INE573K01025,Rushil Decor Limited,both nse/bse,RUSHIL,533470,RUSHIL
INE110Q01023,S & T Corporation Ltd,bse,,514197,STCORP
INE807K01035,S Chand And Company Limited,both nse/bse,SCHAND,540497,SCHAND
INE500L01026,S H Kelkar and Company Limited,both nse/bse,SHK,539450,SHK
INE159L01013,S V Global Mill Ltd,bse,,535621,SVGLOBAL
INE902B01017,S&S Power Switchgears Limited,both nse/bse,S&SPOWER,517273,S&SPOWER
INE00Q901014,S. M. Gold Ltd,bse,,542034,SMGOLD
INE212I01016,S. P. Apparels Limited,both nse/bse,SPAL,540048,SPAL
INE0JZS01010,S. V. J. ENTERPRISES Ltd,bse,,543799,SVJ
INE658G01014,S.A.L. Steel Limited,both nse/bse,SALSTEEL,532604,SALSTEEL
INE284S01014,S.J.S. Enterprises Limited,both nse/bse,SJS,543387,SJS
INE13B501022,Saatvik Green Energy Limited,both nse/bse,SAATVIKGL,544526,SAATVIKGL
INE137M01017,SAB Industries Ltd,bse,,539112,SAB
INE440C01016,Saboo Sodium Chloro Ltd,bse,,530461,SABOOSOD
INE400R01018,Sabrimala Industries India Ltd,bse,,540132,SIIL
INE433G01020,Sacheta Metals Ltd,bse,,531869,SACHEMT
INE226H01026,Sadbhav Engineering Limited,both nse/bse,SADBHAV,532710,SADBHAV
INE764L01010,Sadbhav Infrastructure Project Limited,both nse/bse,SADBHIN,539346,SADBHIN
INE888C01040,Sadhana Nitrochem Limited,both nse/bse,SADHNANIQ,506642,SADHNANIQ
INE0JNA01014,Safa Systems & Technologies Ltd,bse,,543461,SSTL
INE429E01023,Safari Industries (India) Limited,both nse/bse,SAFARI,523025,SAFARI
INE0SVZ01015,Safecure Services Ltd,bse,,544596,SAFECURE
INE0UMH01018,Safety Controls & Devices Ltd,bse,,544746,SCDL
INE474D01013,Saffron Industries Ltd,bse,,531436,SAFFRON
INE229C01021,Sagar Cements Limited,both nse/bse,SAGCEM,502090,SAGCEM
INE771Z01015,Sagar Systech Ltd,bse,,511254,SAGARSYST
INE976T01013,Sagardeep Alloys Limited,nse,SAGARDEEP,,
INE184B01012,Sagarsoft (India) Ltd,bse,,540143,SAGARSOFT
INE0W2G01015,SAGILITY LIMITED,both nse/bse,SAGILITY,544282,SAGILITY
INE135C01012,Sahara Housingfina Corporation Ltd,bse,,511533,SAHARAHOUS
INE0PSJ01011,Sahara Maritime Ltd,bse,,544056,SMARITIME
INE280H01015,Sahyadri Industries Limited,both nse/bse,SAHYADRI,532841,SAHYADRI
INE531X01018,Sai Capital Ltd,bse,,531931,SAICAPI
INE570L01029,Sai Life Sciences Limited,both nse/bse,SAILIFE,544306,SAILIFE
INE0H9F01037,Sai Parenterals Limited,both nse/bse,SAIPARENT,544742,SAIPARENT
INE438K01021,Sai Silks (Kalamandir) Limited,both nse/bse,KALAMANDIR,543989,KALAMANDIR
INE092G01024,Saianand Commercial Ltd,bse,,512097,SAICOM
INE0KHQ01010,Sailani Tours N Travels Ltd,bse,,543541,SAILANI
INE584B01013,Sainik Finance & Industries Ltd,bse,,530265,SAINIK
INE068B01017,Saint Gobain Sekurit India Ltd,bse,,515043,SEKURITIND
INE732S01012,Sakar Healthcare Limited,nse,SAKAR,,
INE667G01023,Saksoft Limited,both nse/bse,SAKSOFT,590051,SAKSOFT
INE302E01014,Sakthi Finance Ltd,bse,,511066,SAKTHIFIN
INE623A01011,Sakthi Sugars Limited,both nse/bse,SAKHTISUG,507315,SAKHTISUG
INE190H01024,Sakuma Exports Limited,both nse/bse,SAKUMA,532713,SAKUMA
INE724G01014,Sal Automotive Ltd,bse,,539353,SALAUTO
INE170V01027,Salasar Techno Engineering Limited,both nse/bse,SALASAR,540642,SALASAR
INE894E01028,Salem Erode Investments Ltd,bse,,540181,SALEM
INE159C01012,Salguti Industries Ltd,bse,,526554,SALGUTI
INE498E01010,Salona Cotspin Limited,both nse/bse,SALONA,590056,SALONA
INE924A01013,Salora International Ltd,bse,,500370,SALORAINTL
INE457F01013,Salzer Electronics Limited,both nse/bse,SALZERELEC,517059,SALZERELEC
INE653D01012,Sam Industries Ltd,bse,,532005,SAMINDUS
INE304D01012,Sambandam Spinning Mills Ltd-$,bse,,521240,SAMBANDAM
INE699B01027,Sambhaav Media Limited,both nse/bse,SAMBHAAV,511630,SAMBHAAV
INE12NJ01018,Sambhv Steel Tubes Limited,both nse/bse,SAMBHV,544430,SAMBHV
INE08U801020,Samhi Hotels Limited,both nse/bse,SAMHI,543984,SAMHI
INE706B01012,Samkrg Pistons & Rings Ltd-$,bse,,520075,SAMKRG
INE148I01020,Sammaan Capital Limited,both nse/bse,SAMMAANCAP,535789,SAMMAANCAP
INE0GD201014,Samor Reality Ltd,bse,,543376,SAMOR
INE735M01018,Sampann Utpadan India Limited,both nse/bse,SAMPANN,534598,SAMPANN
INE147701010,Sampark India Logistics Ltd,bse,,544810,SILL
INE10XS01012,Sampat Aluminium Ltd,bse,,544520,SAMPAT
INE375C01022,Sampre Nutritions Ltd,bse,,530617,SAMPRE
INE412J01010,Samrat Forgings Ltd,bse,,543229,SAMRATFORG
INE103E01016,Samrat Pharmachem Ltd-$,bse,,530125,SAMRATPH
INE579N01018,Samsrita Labs Ltd,bse,,539267,SAMSRITA
INE538C01017,Samtel India Ltd-$,bse,,500371,SAMTELIN
INE931D01020,Samtex Fashions Ltd-$,bse,,521206,SAMTEX
INE775A01035,Samvardhana Motherson International Limited,both nse/bse,MOTHERSON,517334,MOTHERSON
INE607G01011,Samyak International Ltd,bse,,530025,SAMYAKINT
INE0JPD01013,Sanathan Textiles Limited,both nse/bse,SANATHAN,544314,SANATHAN
INE367E01033,Sanathnagar Enterprises Ltd,bse,,509423,SEL
INE602D01027,Sanblue Corporation Ltd,bse,,521222,SANBLUE
INE654D01010,Sanchay Finvest Ltd,bse,,511563,SANCF
INE391G01012,Sanco Trans Ltd,bse,,523116,SANCTRN
INE0P7001013,Sancode Technologies Ltd,bse,,543897,SANCODE
INE278H01035,Sandhar Technologies Limited,both nse/bse,SANDHAR,541163,SANDHAR
INE751D01014,Sandu Pharmaceuticals Ltd,bse,,524703,SANDUPHQ
INE149K01016,Sandur Manganese & Iron Ores Limited,both nse/bse,SANDUMA,504918,SANDUMA
INE384D01022,Sangal Papers Ltd,bse,,516096,SANPA
INE495C01010,Sangam (India) Limited,both nse/bse,SANGAMIND,514234,SANGAMIND
INE475D01010,Sangam Finserv Ltd,bse,,538714,SANGAMFIN
INE204Y01010,Sanghvi Brands Ltd,bse,,540782,SBRANDS
INE989A01032,Sanghvi Movers Limited,both nse/bse,SANGHVIMOV,530073,SANGHVIMOV
INE753W01010,Sanginita Chemicals Limited,nse,SANGINITA,,
INE860D01013,Sanjivani Paranteral Ltd,bse,,531569,SANJIVIN
INE799C01049,Sanmit Infra Ltd,bse,,532435,SANINFRA
INE0UOS01011,Sanofi Consumer Healthcare India Limited,both nse/bse,SANOFICONR,544250,SANOFICONR
INE058A01010,Sanofi India Limited,both nse/bse,SANOFI,500674,SANOFI
INE589J01015,Sanrhea Technical Textiles Ltd,bse,,514280,SANTETX
INE953O01021,Sansera Engineering Limited,both nse/bse,SANSERA,543358,SANSERA
INE08NE01025,Sanstar Limited,both nse/bse,SANSTAR,544217,SANSTAR
INE890C01046,Sanwaria Consumer Limited,both nse/bse,SANWARIA,519260,SANWARIA
INE806T01020,Sapphire Foods India Limited,both nse/bse,SAPPHIRE,543397,SAPPHIRE
INE233P01017,Saptarishi Agro Industries Ltd,bse,,519238,SPTRSHI
INE002E01010,SAR Auto Products Ltd,bse,,538992,SAPL
INE967G01019,Saraswati Commercial India Limited,both nse/bse,ZSARACOM,512020,ZSARACOM
INE0PQ101010,Saraswati Saree Depot Limited,both nse/bse,SSDL,544230,SSDL
INE385C01021,Sarda Energy & Minerals Limited,both nse/bse,SARDAEN,504614,SARDAEN
INE979A01025,Saregama India Limited,both nse/bse,SAREGAMA,532163,SAREGAMA
INE453D01025,Sarla Performance Fibers Limited,both nse/bse,SARLAPOLY,526885,SARLAPOLY
INE075H01019,Sarthak Global Ltd,bse,,530993,SARTHAKGL
INE074H01012,Sarthak Industries Ltd,bse,,531930,SARTHAKIND
INE017W01010,Sarthak Metals Limited,both nse/bse,SMLT,540393,SMLT
INE305D01019,Sarup Industries Ltd-$,bse,,514412,SARUPINDUS
INE978L01016,Sarvamangal Mercantile Company Ltd,bse,,506190,ZSARVAMA
INE324X01026,Sarveshwar Foods Limited,both nse/bse,SARVESHWAR,543688,SARVESHWAR
INE822Q01015,Sarvottam Finvest Ltd,bse,,539124,SARVOTTAM
INE231F01020,Sasken Technologies Limited,both nse/bse,SASKEN,532663,SASKEN
INE639K01016,Satchmo Holdings Ltd,bse,,533202,SATCH
INE170E01023,Satia Industries Limited,both nse/bse,SATIA,539201,SATIA
INE836B01017,Satin Creditcare Network Limited,both nse/bse,SATIN,539404,SATIN
INE0QUV01010,Sattrix Information Security Ltd,bse,,544189,SATTRIX
INE280E01038,Sattva Sukun Lifecare Ltd,bse,,539519,SATTVASUKU
INE07MC01015,Satyam Silk Mills Ltd,bse,,503893,ZSATYASL
INE563C01015,Saumya Consultants Ltd,bse,,539218,SAUMYA
INE626A01014,Saurashtra Cement Limited,both nse/bse,SAURASHCEM,502175,SAURASHCEM
INE856B01023,Saven Technologies Ltd,bse,,532404,7TEC
INE104E01014,Savera Industries Ltd,bse,,512634,SAVERA
INE035D01020,Savita Oil Technologies Limited,both nse/bse,SOTL,524667,SOTL
INE248B01023,Sawaca Enterprises Ltd,bse,,531893,SAWACA
INE0MGS01014,Sayaji Hotels (Indore) Ltd,bse,,544080,SHILINDORE
INE07G501017,Sayaji Hotels (Pune) Ltd,bse,,544090,SHPLPUNE
INE318C01014,Sayaji Hotels Limited,both nse/bse,SAYAJIHOTL,523710,SAYAJIHOTL
INE327G01032,Sayaji Industries Ltd,bse,,540728,SAYAJIIND
INE04AK01028,SBC Exports Limited,both nse/bse,SBC,542725,SBC
INE948G01019,SBEC Sugar Ltd,bse,,532102,SBECSUG
INE689V01018,SBEC Systems India Ltd,bse,,517360,SBECSYS
INE423Y01016,SBFC Finance Limited,both nse/bse,SBFC,543959,SBFC
INF200KA1VQ2,SBI - ETF - SENSEX NEXT 50,bse,,541972,SETFSN50
INF200KB1712,SBI BSE PSU BANK ETF,bse,,544385,SBIBPB
INE018E01016,SBI Cards and Payment Services Limited,both nse/bse,SBICARD,543066,SBICARD
INE640G01020,SBI Funds Management Limited,both nse/bse,SBIFUNDS,544829,SBIFUNDS
INE123W01016,SBI Life Insurance Company Limited,both nse/bse,SBILIFE,540719,SBILIFE
INF200K30015,SBI Mutual Fund,bse,,544588,MHLSRG
INF200K30023,SBI Mutual Fund,bse,,544589,MHLSRD
INF200K30031,SBI Mutual Fund,bse,,544590,MHLSRDR
INF200K30049,SBI Mutual Fund,bse,,544591,MHLSDG
INF200K30056,SBI Mutual Fund,bse,,544592,MHLSDD
INF200K30064,SBI Mutual Fund,bse,,544593,MHLSDDR
INF200KA1572,SBI Mutual Fund - SBI - ETF BSE 100,bse,,539031,SETFBSE100
INF200K01VT2,SBI Mutual Fund - SBI Sensex ETF,bse,,535276,SBISENSEX
INF200KB1AK8,SBI Nifty Midcap 150 ETF,bse,,544745,SBINMID150
INF200KB1AJ0,SBI Nifty Midcap 150 Momentum 50 ETF,bse,,544722,SBIMIDMOM
INF200KB1AY9,SBI Nifty Smallcap 250 ETF,bse,,544763,SBISMLETF
INF200KB1AX1,SBI Nifty200 Value 30 ETF,bse,,544762,SBIVALETF
INF200KB1282,SBI NIFTY50 EQUAL WEIGHT ETF,bse,,544215,SBINEQWETF
INF200KA1FS1,SBI-ETF NIFTY 50,bse,,590138,SETFNIF50
INF200KA1580,SBI-ETF NIFTY BANK,bse,,590137,SETFNIFBK
INE0DLM01024,SBL Infratech Ltd,bse,,543366,SBLI
INE895E01017,SC Agrotech Ltd,bse,,526081,SCAGRO
INE393D01015,Scan Projects Ltd,bse,,531797,SCANPRO
INE099G01011,Scan Steels Limited,both nse/bse,SCANSTL,511672,SCANSTL
INE0IXR01019,Scarnose International Ltd,bse,,543537,SCARNOSE
INE513A01022,Schaeffler India Limited,both nse/bse,SCHAEFFLER,505790,SCHAEFFLER
INE839M01018,Schneider Electric Infrastructure Limited,both nse/bse,SCHNEIDER,534139,SCHNEIDER
INE155D01018,Schneider Electric President Systems Ltd,bse,,544786,SELECTRIC
INE892C01018,Scintilla Commercial & Credit Ltd,bse,,538857,SCC
INE090501011,Scoda Tubes Limited,both nse/bse,SCODATUBES,544411,SCODATUBES
INE962E01015,Scoobee Day Garments (India) Ltd,bse,,531234,SCOOBEEDAY
INE807O01011,SDC Techmedia Ltd,bse,,535647,SDC
INE351L01016,Sea TV Network Ltd,bse,,533268,SEATV
INE0O4601016,Sealmatic India Ltd,bse,,543782,SEALMATIC
INE497B01018,Seamec Limited,both nse/bse,SEAMECLTD,526807,SEAMECLTD
INE707B01010,Seasons Textiles Ltd-$,bse,,514264,SEASONST
INE0BTM01013,SecMark Consultancy Limited,both nse/bse,SECMARK,543234,SECMARK
INE650K01021,SECUREKLOUD TECHNOLOGIES LIMITED,both nse/bse,SECURKLOUD,512161,SECURKLOUD
INE00XB01019,SEDEMAC Mechatronics Limited,both nse/bse,SEDEMAC,544723,SEDEMAC
INE1EVO01017,Seemax Resources Ltd,bse,,544813,SEEMAX
INE955I01044,Sejal Glass Limited,both nse/bse,SEJALLTD,532993,SEJALLTD
INE105I01020,SEL Manufacturing Company Limited,both nse/bse,SELMC,532886,SELMC
INE617A01013,Semac Construction Limited,both nse/bse,SEMAC,505368,SEMAC
INE602W01027,Senco Gold Limited,both nse/bse,SENCO,543936,SENCO
INE0RB801010,Senores Pharmaceuticals Limited,both nse/bse,SENORES,544319,SENORES
INE964H01014,SEPC Limited,both nse/bse,SEPC,532945,SEPC
INE017I01027,Sera Investments & Finance India Ltd,bse,,512399,SERA
INE782X01033,Servotech Renewable Power System Limited,nse,SERVOTECH,,
INE04VU01023,Seshaasai Technologies Limited,both nse/bse,STYL,544533,STYL
INE630A01024,Seshasayee Paper and Boards Limited,both nse/bse,SESHAPAPER,502450,SESHAPAPER
INE878E01021,Setco Automotive Limited,both nse/bse,SETCO,505075,SETCO
INE023M01027,Setubandhan Infrastructure Limited,both nse/bse,SETUINFRA,533605,SETUINFRA
INE573R01012,Seya Industries Limited,both nse/bse,SEYAIND,524324,SEYAIND
INE618R01015,SG Finserve Limited,both nse/bse,SGFIN,539199,SGFIN
INE385F01024,SG Mart Limited,both nse/bse,SGMART,512329,SGMART
INE967B01028,SGL Resources Ltd,bse,,526544,SGLRES
INE266C01023,SGN Telecoms Ltd,bse,,531812,SGNTE
INE12UN01015,Shadowfax Technologies Limited,both nse/bse,SHADOWFAX,544685,SHADOWFAX
INE640C01011,Shah Alloys Limited,both nse/bse,SHAHALLOYS,513436,SHAHALLOYS
INE02C301011,Shah Construction Company Ltd,bse,,509870,SHAHCON
INE455D01012,Shah Foods Ltd,bse,,519031,SHAHFOOD
INE482J01021,Shah Metacorp Limited,both nse/bse,SHAH,533275,SHAH
INE825D01016,Shahi Shipping Ltd-$,bse,,526508,SHAHISHIP
INE052001026,Shahlon Silk Industries Ltd,bse,,542862,SHAHLON
INE151G01028,Shaily Engineering Plastics Limited,both nse/bse,SHAILY,501423,SHAILY
INE794C01016,Shakti Press Ltd,bse,,526841,SHAKTIPR
INE908D01010,Shakti Pumps (India) Limited,both nse/bse,SHAKTIPUMP,531431,SHAKTIPUMP
INE597J01018,Shalby Limited,both nse/bse,SHALBY,540797,SHALBY
INE861D01011,Shalibhadra Finance Limited,both nse/bse,SAHLIBHFI,511754,SAHLIBHFI
INE849C01026,Shalimar Paints Limited,both nse/bse,SHALPAINTS,509874,SHALPAINTS
INE435E01020,Shalimar Productions Ltd,bse,,512499,SHALPRO
INE655D01025,Shalimar Wires Industries Ltd,bse,,532455,SHALIWIR
INE118R01032,Shangar Decor Ltd,bse,,540259,SHANGAR
INE01NE01012,Shankar Lal Rampal Dye-Chem Limited,both nse/bse,SRD,542232,SRD
INE274V01019,Shankara Building Products Limited,both nse/bse,SHANKARA,540425,SHANKARA
INE24OJ01011,Shankara Buildpro Limited,both nse/bse,BUILDPRO,544517,BUILDPRO
INE0TD301017,Shanmuga Hospital Ltd,bse,,544365,SHANMUGA
INE545N01019,Shantanu Sheorey Aquakult Ltd,bse,,531925,SHAQUAK
INE631A01022,Shanthi Gears Limited,both nse/bse,SHANTIGEAR,522034,SHANTIGEAR
INE440T01028,Shanti Educational Initiatives Limited,both nse/bse,SEIL,539921,SEIL
INE06ZD01017,Shanti Gold International Limited,both nse/bse,SHANTIGOLD,544459,SHANTIGOLD
INE892L01019,Shanti Guru Industries Ltd,bse,,534708,SHANTIGURU
INE933X01016,Shanti Overseas (India) Limited,nse,SHANTI,,
INE0QZQ01019,Shanti Spintex Ltd,bse,,544059,SHANTIDENM
INE0LU301014,Shantidoot Infra Services Ltd,bse,,543598,SISL
INE220Z01013,Sharat Industries Limited,both nse/bse,SHINDL,519397,SHINDL
INE221J01015,Sharda Cropchem Limited,both nse/bse,SHARDACROP,538666,SHARDACROP
INE385M01012,Sharda Ispat Ltd,bse,,513548,SHRDAIS
INE597I01028,Sharda Motor Industries Limited,both nse/bse,SHARDAMOTR,535602,SHARDAMOTR
INE037B01020,Shardul Securities Limited,both nse/bse,SHARDUL,512393,SHARDUL
INE932X01026,Share India Securities Limited,both nse/bse,SHAREINDIA,540725,SHAREINDIA
INE0LY301010,Share Samadhan Ltd,bse,,544251,SSL
INE669Y01022,Sharika Enterprises Ltd,bse,,540786,SHARIKA
INE465H01012,Sharma East India Hospitals & Medical Research Ltd,bse,,524548,SHARMEH
INE909D01026,Sharp Investments Ltd,bse,,538212,SHARPINV
INE647W01014,Sharpline Broadcast Ltd,bse,,543341,SHARPLINE
INE0UJF01018,Sharvaya Metals Ltd,bse,,544506,SHARVAYA
INE508R01018,Shashank Traders Ltd,bse,,540221,SHASHANK
INE700V01021,Shashijit Infraprojects Ltd,bse,,540147,SHASHIJIT
INE0JMN01019,Shashwat Furnishing Solutions Ltd,bse,,543519,SFSL
INE0UCL01011,Shayona Engineering Ltd,bse,,544686,SHAYONAENG
INE916U01025,Sheela Foam Limited,both nse/bse,SFL,540203,SFL
INE501Y01019,Sheetal Cool Products Limited,both nse/bse,SCPL,540757,SCPL
INE268L01046,Shekhawati Industries Limited,both nse/bse,SHEKHAWATI,533301,SHEKHAWATI
INE413C01013,Shelter Infra Projects Ltd-$,bse,,526839,SIPL
INE013V01011,Shelter Pharma Ltd,bse,,543963,SHELTER
INE363M01019,Shemaroo Entertainment Limited,both nse/bse,SHEMAROO,538685,SHEMAROO
INE0OUS01011,Shentracon Chemicals Ltd,bse,,530757,SHENTRA
INE495M01019,Sheraton Properties & Finance Ltd,bse,,512367,ZSHERAPR
INE011D01013,Shervani Industrial Syndicate Ltd,bse,,526117,SHERVANI
INE193R01019,Sheshadri Industries Ltd,bse,,539111,SHESHAINDS
INE278C01010,Shetron Ltd,bse,,526137,SHETR
INE02BV01019,Shikhar Leasing & Trading Ltd,bse,,507952,SHIKHARLETR
INE024F01011,Shilchar Technologies Limited,both nse/bse,SHILCTECH,531201,SHILCTECH
INE960A01017,Shilp Gravures Ltd-$,bse,,513709,SHILGRAVQ
INE790G01031,Shilpa Medicare Limited,both nse/bse,SHILPAMED,530549,SHILPAMED
INE0BLY01023,Shine Fashions (India) Ltd,bse,,543244,SHINEFASH
INE0D8001018,Shining Tools Ltd,bse,,544607,SHTL
INE0PB301013,Shipping Corporation of India Land and Assets Limited,both nse/bse,SCILAL,544142,SCILAL
INE109A01011,Shipping Corporation Of India Limited,both nse/bse,SCI,523598,SCI
INE0O9L01010,Shipwaves Online Ltd,bse,,544646,SHIPWAVES
INE145Y01023,Shish Industries Ltd,bse,,540693,SHISHIND
INE719F01016,Shiv Aum Steels Limited,nse,SHIVAUM,,
INE0YRO01015,Shiv Texchem Ltd,bse,,544272,SHIVTEXCHEM
INE555C01029,Shiva Cement Ltd,bse,,532323,SHIVACEM
INE960E01019,Shiva Global Agro Industries Ltd,bse,,530433,SHIVAAGRO
INE191V01015,Shiva Granito Export Ltd,bse,,540072,SHIVAEXPO
INE644Y01017,Shiva Mills Limited,both nse/bse,SHIVAMILLS,540961,SHIVAMILLS
INE02Z901011,Shiva Suitings Ltd,bse,,521003,SHVSUIT
INE705C01020,Shiva Texyarn Limited,both nse/bse,SHIVATEX,511108,SHIVATEX
INE092H01014,Shivagrico Implements Ltd,bse,,522237,SHIVAGR
INE386D01027,Shivalik Bimetal Controls Limited,both nse/bse,SBCL,513097,SBCL
INE788J01021,Shivalik Rasayan Limited,both nse/bse,SHIVALIK,539148,SHIVALIK
INE637H01024,Shivam Autotech Limited,both nse/bse,SHIVAMAUTO,532776,SHIVAMAUTO
INE0SGR01013,Shivam Chemicals Ltd,bse,,544165,SHIVAM
INE728Q01014,Shivansh Finserve Ltd,bse,,539593,SHIVA
INE429R01017,Shivkamal Impex Ltd,bse,,539683,SHIVKAMAL
INE1EUB01016,Shlokka Dyes Ltd,bse,,544582,SHLOKKA
INE0OJZ01019,Shoora Designs Ltd,bse,,543970,SHOORA
INE498B01024,Shoppers Stop Limited,both nse/bse,SHOPERSTOP,532638,SHOPERSTOP
INE311M01018,Shraddha Prime Projects Ltd,bse,,531771,SHRADDHA
INE489B01031,Shradha AI Technologies Ltd,bse,,543976,SHRAAITECH
INE715Y01031,Shradha Realty Limited,nse,SHRADHA,,
INE185C01017,Shree Ajit Pulp & Paper Limited,both nse/bse,SAPPL,538795,SAPPL
INE1N3Y01016,Shree Balaji (Mala) Textiles Ltd,bse,,544835,MALA
INE363D01018,Shree Bhavya Fabrics Ltd,bse,,521131,SBFL
INE070A01015,SHREE CEMENT LIMITED,both nse/bse,SHREECEM,500387,SHREECEM
INE232A01011,Shree Digvijay Cement Co.Ltd,both nse/bse,SHREDIGCEM,502180,SHREDIGCEM
INE051N01026,Shree Ganesh Biotech (India) Ltd,bse,,539470,SHREEGANES
INE400N01017,Shree Ganesh Elastoplast Ltd,bse,,530797,SHGANEL
INE414Y01015,Shree Ganesh Remedies Ltd,bse,,540737,SGRL
INE101H01013,Shree Hanuman Sugar & Industries Ltd,bse,,537709,HANSUGAR
INE065E01017,Shree Hari Chemicals Export Ltd,bse,,524336,SHHARICH
INE538D01015,Shree Karthik Papers Ltd,bse,,516106,SHKARTP
INE951Z01013,Shree Krishna Infrastructure Ltd,bse,,542146,SKIFL
INE970C01012,Shree Krishna Paper Mills & Industries Ltd,bse,,500388,SKPMIL
INE632A01012,Shree Manufacturing Company Ltd,bse,,503863,SHRMFGC
INE0QIS01011,Shree Marutinandan Tubes Ltd,bse,,544083,SHREE
INE914B01012,Shree Metalloys Ltd,bse,,531962,SHREMETAL
INE847D01010,Shree Pacetronix Ltd,bse,,527005,SHREEPAC
INE318K01025,Shree Precoated Steels Ltd,bse,,533110,SPSL
INE712K01011,Shree Pushkar Chemicals & Fertilisers Limited,both nse/bse,SHREEPUSHK,539334,SHREEPUSHK
INE796C01011,Shree Rajasthan Syntex Ltd-$,bse,,503837,SHRAJSYNQ
INE418K01015,Shree Rajiv Lochan Oil Extraction Ltd,bse,,530295,SHRAJOI
INE19GK01015,Shree Ram Twistex Limited,both nse/bse,SRTL,544716,SRTL
INE879A01019,Shree Rama Multi-Tech Limited,both nse/bse,SHREERAMA,532310,SHREERAMA
INE278B01020,Shree Rama Newsprint Limited,both nse/bse,RAMANEWS,500356,RAMANEWS
INE0FMZ01045,Shree Refrigerations Ltd,bse,,544458,SHREEREF
INE087H01022,Shree Renuka Sugars Limited,both nse/bse,RENUKA,532670,RENUKA
INE315N01017,Shree Salasar Investments Ltd,bse,,503635,SALSAIN
INE397C01026,Shree Securities Ltd,bse,,538975,SHREESEC
INE387D01025,Shree Steel Wire Ropes Ltd,bse,,513488,SSWRL
INE0S2G01011,Shree Tirupati Balajee Agro Trading Company Limited,both nse/bse,BALAJEE,544249,BALAJEE
INE00CE01017,Shree Vasu Logistics Limited,nse,SVLL,,
INE981C01019,Shree Vatsaa Finance & leasing Ltd,bse,,532007,SHVFL
INE1B6101010,Shreeji Shipping Global Limited,both nse/bse,SHREEJISPG,544490,SHREEJISPG
INE402Y01028,Shreeji Translogistics Ltd,bse,,540738,STL
INE475V01012,Shreenath Investment Company Ltd,bse,,503696,SHRENTI
INE0RXS01018,Shreenath Paper Products Ltd,bse,,544372,SHREENATH
INE00IK01029,ShreeOswal Seeds And Chemicals Limited,nse,OSWALSEEDS,,
INE452Z01012,Shreeshay Engineers Ltd,bse,,541112,SHREESHAY
INE632X01030,Shrenik Limited,nse,SHRENIK,,
INE231C01019,Shreyans Industries Limited,both nse/bse,SHREYANIND,516016,SHREYANIND
INE115F01017,Shreyas Intermediates Ltd,bse,,526335,SHREYASI
INE402H01015,Shri Bajrang Alliance Limited,both nse/bse,SHBAJRG,526981,SHBAJRG
INE0RNZ01014,Shri Balaji Valve Components Ltd,bse,,544074,SBVCL
INE204C01024,Shri Dinesh Mills Ltd-$,bse,,503804,SHRIDINE
INE241V01018,Shri Gang Industries & Allied Products Ltd,bse,,523309,SHRIGANG
INE564J01026,Shri Jagdamba Polymers Ltd,bse,,512453,SHRJAGP
INE079N01019,Shri Kalyan Holdings Ltd,bse,,532083,SHKALYN
INE260E01014,Shri Keshav Cements And Infra Ltd,bse,,530977,SKCIL
INE997I01012,Shri Krishna Devcon Limited,both nse/bse,SHRIKRISH,531080,SHRIKRISH
INE201F01015,Shri Niwas Leasing And Finance Ltd,bse,,538897,SHRINIWAS
INE574G01013,Shri Vasuprada Plantations Ltd,bse,,538092,VASUPRADA
INE0HLJ01013,Shri Venkatesh Refineries Ltd,bse,,543373,SVRL
INE753D01010,Shricon Industries Ltd,bse,,508961,SHRICON
INE1B3L01017,Shringar House of Mangalsutra Limited,both nse/bse,SHRINGARMS,544512,SHRINGARMS
INE777G01012,Shriram Asset Management Company Ltd,bse,,531359,SRAMSET
INE721A01047,Shriram Finance Limited,both nse/bse,SHRIRAMFIN,511218,SHRIRAMFIN
INE217L01019,Shriram Properties Limited,both nse/bse,SHRIRAMPPS,543419,SHRIRAMPPS
INE472C01027,Shristi Infrastructure Development Corporation Ltd,bse,,511411,SHRISTI
INE488C01015,Shrydus Industries Ltd,bse,,511493,SHRYDUS
INE01J501010,Shubham Polyspin Ltd,bse,,542019,SHUBHAM
INE561E01015,Shukra Bullions Ltd,bse,,531506,SKRABUL
INE344E01016,Shukra Jewellery Ltd,bse,,523790,SHUKJEW
INE551C01044,Shukra Pharmaceuticals Ltd,bse,,524632,SHUKRAPHAR
INE979R01011,Shyam Century Ferrous Limited,both nse/bse,SHYAMCENT,539252,SHYAMCENT
INE810G01011,Shyam Metalics and Energy Limited,both nse/bse,SHYAMMETL,543299,SHYAMMETL
INE635A01023,Shyam Telecom Limited,both nse/bse,SHYAMTEL,517411,SHYAMTEL
INE861E01019,Shyama Computronics and Services Ltd,bse,,531219,SHYAMACOMP
INE203N01015,Shyamkamal Investments Ltd,bse,,505515,SHYMINV
INE417F01017,SI Capital & Financial Services Ltd,bse,,530907,SICAPIT
INE441C01014,Sibar Auto Parts Ltd,bse,,520141,SIBARAUT
INE176J01011,Sicagen India Limited,both nse/bse,SICAGEN,533014,SICAGEN
INE075B01020,Sical Logistics Limited,both nse/bse,SICALLOG,520086,SICALLOG
INE140C01012,Siddha Ventures Ltd,bse,,530439,SIDDHA
INE797C01019,Siddheswari Garments Ltd,bse,,526877,SIDDHEGA
INE403L01015,Sidh Automobiles Ltd,bse,,539983,SIDH
INE1NPP01017,Siemens Energy India Limited,both nse/bse,ENRIN,544390,ENRIN
INE003A01024,Siemens Limited,both nse/bse,SIEMENS,500550,SIEMENS
INE0D0K01022,Sigachi Industries Limited,both nse/bse,SIGACHI,543389,SIGACHI
INE933B01012,SIGMA ADVANCED SYSTEMS LIMITED,both nse/bse,SIGMAADV,532408,SIGMAADV
INE0A0S01028,Sigma Solve Limited,both nse/bse,SIGMA,543917,SIGMA
INE131O01024,Signature Green Corporation Ltd,bse,,507663,SIGNGCL
INE903U01023,Signatureglobal (India) Limited,both nse/bse,SIGNATURE,543990,SIGNATURE
INE529F01035,Signet Industries Limited,both nse/bse,SIGIND,512131,SIGIND
INE0KGZ01021,Signpost India Limited,both nse/bse,SIGNPOST,544117,SIGNPOST
INE0SFA01011,Sihora Industries Ltd,bse,,544585,SIHORA
INE438E01032,Sika Interplant Systems Limited,both nse/bse,SIKA,523606,SIKA
INE112X01025,Sikko Industries Limited,nse,SIKKO,,
INE923A01015,SIL Investments Limited,both nse/bse,SILINV,521194,SILINV
INE01II01013,Silgo Retail Limited,nse,SILGO,,
INE0MNV01014,Silicon Rental Solutions Ltd,bse,,543615,SRSOLTD
INE203Y01012,Silly Monks Entertainment Limited,nse,SILLYMONKS,,
INE870J01019,Silver Oak India Ltd,bse,,531635,SILVOAK
INE0KXN01014,Silver Pearl Hospitality & Luxury Spaces Ltd,bse,,543536,SILVERPRL
INE625X01026,Silver Touch Technologies Limited,both nse/bse,SILVERTUC,543525,SILVERTUC
INE798C01017,Silveroak Commercials Ltd,bse,,512197,SILVERO
INE1EJ401023,Silverstorm Parks And Resorts Ltd,bse,,544840,SSPRL
INE0VI201010,Simandhar Impex Ltd,bse,,544662,SIMANDHAR
INE748T01016,Simbhaoli Sugars Limited,both nse/bse,SIMBHALS,539742,SIMBHALS
INE657D01021,Simmonds Marshall Ltd,bse,,507998,SIMMOND
INE658D01029,Simplex Castings Ltd,bse,,513472,SIMPLEXCAS
INE059B01024,Simplex Infrastructures Limited,both nse/bse,SIMPLEXINF,523838,SIMPLEXINF
INE457H01027,Simplex Mills Company Ltd,bse,,533018,SIMPLXMIL
INE456H01029,Simplex Papers Ltd,bse,,533019,SIMPLXPAP
INE167H01014,Simplex Realty Ltd,bse,,503229,SIMPLXREA
INE354D01017,Simran Farms Ltd,bse,,519566,SIMRAN
INE985A01022,Sinclairs Hotels Limited,both nse/bse,SINCLAIR,523023,SINCLAIR
INE325D01025,Sindhu Trade Links Limited,both nse/bse,SINDHUTRAD,532029,SINDHUTRAD
INE638A01035,Singer India Limited,both nse/bse,SINGERIND,505729,SINGERIND
INE896E01023,Sinnar Bidi Udyog Ltd,bse,,509887,SINNAR
INE129Z01016,Sintercom India Limited,nse,SINTERCOM,,
INE792Z01011,Sirca Paints India Limited,both nse/bse,SIRCA,543686,SIRCA
INE785O01019,Sirohia & Sons Ltd,bse,,538667,SIROHIA
INE285J01028,SIS LIMITED,both nse/bse,SIS,540673,SIS
INE579D01019,Sita Enterprises Ltd,bse,,512589,SITAENT
INE965H01011,Siti Networks Limited,both nse/bse,SITINET,532795,SITINET
INE0QSK01017,Siyaram Recycling Industries Ltd,bse,,544047,SIYARAM
INE076B01028,Siyaram Silk Mills Limited,both nse/bse,SIYSIL,503811,SIYSIL
INE235U01012,Sizemasters Technology Ltd,bse,,513496,SIZEMASTER
INE002L01015,SJVN Limited,both nse/bse,SJVN,533206,SJVN
INE04ST01013,SK International Export Ltd,bse,,542728,SKIEL
INE13YH01017,SK Minerals & Additives Ltd,bse,,544584,SKM
INE2J8701016,SKF India (Industrial) Limited,both nse/bse,SKFINDUS,544572,SKFINDUS
INE640A01023,SKF India Limited,both nse/bse,SKFINDIA,500472,SKFINDIA
INE439E01022,Skipper Limited,both nse/bse,SKIPPER,538562,SKIPPER
INE411D01023,SKM Egg Products Export (India) Limited,both nse/bse,SKMEGGPROD,532143,SKMEGGPROD
INE709B01016,SKP Securities Ltd,bse,,531169,SKPSEC
INE01IU01018,SKY GOLD AND DIAMONDS LIMITED,both nse/bse,SKYGOLD,541967,SKYGOLD
INE765B01018,Sky Industries Ltd-$,bse,,526479,SKYIND
INE393H01016,Skybiotech Healthcare Ltd,bse,,512036,SKYBIOTECH
INE178E01026,Skyline Millars Ltd,bse,,505650,SKYLMILAR
INE0C4I01011,SM Auto Stamping Ltd,bse,,543065,SMAUTO
INE766D01020,Smart Finsec Ltd,bse,,539494,SMARTFIN
INE178C01020,Smartlink Holdings Limited,both nse/bse,SMARTLINK,532419,SMARTLINK
INE0NAZ01010,Smartworks Coworking Spaces Limited,both nse/bse,SMARTWORKS,544447,SMARTWORKS
INE440E01012,SMC Credits Ltd,bse,,532138,SMCREDT
INE103C01036,SMC Global Securities Limited,both nse/bse,SMCGLOBAL,543263,SMCGLOBAL
INE728B01032,Smiths & Founders (India) Ltd,bse,,513418,SMFIL
INE294B01019,SML Mahindra Limited,both nse/bse,SMLMAH,505192,SMLMAH
INE11XK01017,SMR Jewels Ltd,bse,,544774,SMR
INE172E01011,Smruthi Organics Ltd,bse,,540686,SMRUTHIORG
INE812G01025,SMS Pharmaceuticals Limited,both nse/bse,SMSPHARMA,532815,SMSPHARMA
INE673E01018,SMT Engineering Ltd,bse,,538563,SMTEL
INE568F01017,SNL Bearings Ltd,bse,,505827,SNL
INE734N01019,Snowman Logistics Limited,both nse/bse,SNOWMAN,538635,SNOWMAN
INE671H01015,Sobha Limited,both nse/bse,SOBHA,532784,SOBHA
INE754D01018,Sobhagya Mercantile Ltd,bse,,512014,SOBME
INE0Q3401017,Sodhani Academy of Fintech Enablers Ltd,bse,,544257,SAFE
INE0QU501030,Sodhani Capital Ltd,bse,,544560,SODHACAP
INE499Q01012,Sofcom Systems Ltd,bse,,538923,SOFCOM
INE562E01021,Softrak Venture Investment Ltd,bse,,531529,SOFTRAKV
INE728Z01015,Softtech Engineers Limited,both nse/bse,SOFTTECH,543470,SOFTTECH
INE343H01029,Solar Industries India Limited,both nse/bse,SOLARINDS,532725,SOLARINDS
INE624Z01016,Solara Active Pharma Sciences Limited,both nse/bse,SOLARA,541540,SOLARA
INE0W0H01017,Solarium Green Energy Ltd,bse,,544354,SOLARIUM
INE0TY101024,Solarworld Energy Solutions Limited,both nse/bse,SOLARWORLD,544532,SOLARWORLD
INE880Y01017,Solex Energy Limited,nse,SOLEX,,
INE584G01012,Solid Stone Company Ltd,bse,,513699,SOLIDSTON
INE410A01013,Solitaire Machine Tools Ltd,bse,,522152,SOLIMAC
INE1IIQ01028,Solvex Edibles Ltd,bse,,544539,SOLVEX
INE480C01038,Som Distilleries & Breweries Limited,both nse/bse,SDBL,507514,SDBL
INE314C01013,Soma Textiles & Industries Limited,both nse/bse,SOMATEX,521034,SOMATEX
INE355A01028,Somany Ceramics Limited,both nse/bse,SOMANYCERA,531548,SOMANYCERA
INE323J01019,Somi Conveyor Beltings Limited,both nse/bse,SOMICONVEY,533001,SOMICONVEY
INE073K01018,Sona BLW Precision Forgings Limited,both nse/bse,SONACOMS,543300,SONACOMS
INE344I01017,Sonal Adhesives Ltd,bse,,526901,SONALAD
INE321M01017,Sonal Mercantile Limited,both nse/bse,SONAL,538943,SONAL
INE0N5O01013,Sonalis Consumer Products Ltd,bse,,543924,SONALIS
INE00LM01029,SONAM LIMITED,nse,SONAMLTD,,
INE269A01021,Sonata Software Limited,both nse/bse,SONATSOFTW,532221,SONATSOFTW
INE848R01018,Soni Medicare Ltd,bse,,539378,SML
INE268X01017,Sophia Traexpo Ltd,bse,,541633,STRAEXPO
INE12Z301012,Sotefin Bharat Ltd,bse,,544832,SOTEFIN
INE695C01015,Source Industries (India) Ltd,bse,,521036,SOURCEIND
INE679C01027,Source Natural Foods and Herbal Supplements Ltd,bse,,531398,SOURCENTRL
INE118B01010,South Asian Enterprises Ltd,bse,,526477,SAENTER
INE088G01014,South India Paper Mills Ltd,bse,,516108,STHINPA
INE980Y01015,South West Pinnacle Exploration Limited,both nse/bse,SOUTHWEST,543986,SOUTHWEST
INE532U01012,Southern Gas Ltd,bse,,509910,ZSOUTGAS
INE298B01010,Southern Infoconsultants Ltd,bse,,540174,SOUTHERNIN
INE410M01018,Southern Latex Ltd,bse,,514454,SOUTLAT
INE308N01012,Southern Magnesium & Chemicals Ltd,bse,,513498,SOUTHMG
INE147A01011,Southern Petrochemicals Industries Corporation  Limited,both nse/bse,SPIC,590030,SPIC
INE959D01013,Sovereign Diamonds Ltd,bse,,523826,SOVERDIA
INE102F01015,SP Capital Financing Ltd,bse,,530289,SPCAPIT
INE726X01014,SPA Capital Services Ltd,bse,,542376,SPACAPS
INE797Z01028,Space Incubatrics Technologies Ltd,bse,,541890,SPACEINCUBA
INE970N01027,Spacenet Enterprises India Limited,nse,SPCENET,,
INE004E01016,Span Divergent Ltd-$,bse,,524727,SDL
INE572J01011,Spandana Sphoorty Financial Limited,both nse/bse,SPANDANA,542759,SPANDANA
IN9572J01019,Spandana Sphoorty Financial Ltd,bse,,890221,SSFLPP
INE960B01015,Sparc Electrex Ltd,bse,,531370,SPAR
INE618F01010,Sparkle Gold Rock Ltd,bse,,530037,SPARKLEGR
INE0R0M01014,Speciality Medicines Ltd,bse,,544738,SPML
INE247M01014,Speciality Restaurants Limited,both nse/bse,SPECIALITY,534425,SPECIALITY
INE848B01012,Spectra Industries Ltd,bse,,513687,SPECTRA
INE01EO01010,Spectrum Electrical Industries Limited,both nse/bse,SPECTRUM,544386,SPECTRUM
INE547C01018,Spectrum Foods Ltd,bse,,531982,SPECFOOD
INE497M01015,Speedage Commercials Ltd,bse,,512291,ZSPEEDCO
INE252A01019,SPEL Semiconductor Ltd,bse,,517166,SPELS
INE020801028,Spencer's Retail Limited,both nse/bse,SPENCERS,542337,SPENCERS
INE175C01018,Spenta International Ltd,bse,,526161,SPENTA
INE882D01017,Spice Islands Industries Ltd-$,bse,,526827,SPICEISLIN
INE631E01024,Spice Lounge Food Works Ltd,bse,,539895,SPICELOUNG
INE285B01017,Spicejet Ltd,bse,,500285,SPICEJET
INE10XX01012,Spinaroo Commercial Ltd,bse,,544392,SPINAROO
INE978G01016,SPL Industries Limited,both nse/bse,SPLIL,532651,SPLIL
INE937A01023,SPML Infra Limited,both nse/bse,SPMLINFRA,500402,SPMLINFRA
INE885H01029,Sportking India Limited,both nse/bse,SPORTKING,539221,SPORTKING
INE526E01018,SPR Auto Technologies Limited,both nse/bse,SHRIPISTON,544344,SHRIPISTON
INE537U01037,Sprayking Ltd,bse,,540079,SPRAYKING
INE179O01031,Spright Agro Ltd,bse,,531205,SPRIGHT
INE02ZA01012,Springform Technology Ltd,bse,,501479,SFTL
INE177E01010,SPV Global Trading Ltd,bse,,512221,SPVGLOBAL
INE716K01020,Square Four Projects India Ltd,bse,,526532,SFPIL
INE917H01012,Sree Rayalaseema Hi-Strength Hypo Limited,both nse/bse,SRHHYPOLTD,532842,SRHHYPOLTD
INE377C01010,Sreechem Resins Ltd,bse,,514248,SRECR
INE099F01013,Sreeleathers Limited,both nse/bse,SREEL,535601,SREEL
INE606K01049,Srestha Finvest Ltd,bse,,539217,SRESTHA
INE647A01010,SRF Limited,both nse/bse,SRF,503806,SRF
INE326P01019,SRG Fingrow Finance Ltd,bse,,536710,SRGFFL
INE559N01010,SRG Housing Finance Limited,both nse/bse,SRGHFL,534680,SRGHFL
INE985Q01010,Sri Amarnath Finance Ltd,bse,,538863,AMARNATH
INE827D01020,Sri Chakra Cement Ltd,bse,,518053,SRICC
INE293B01029,Sri Havisha Hospitality and Infrastructure Limited,both nse/bse,HAVISHA,531322,HAVISHA
INE009C01019,Sri KPR Industries Ltd,bse,,514442,SRIKPRIND
INE456D01010,Sri Lakshmi Saraswathi Textiles Arni Ltd-$,bse,,521161,SLSTLQ
INE0V9Q01010,Sri Lotus Developers and Realty Limited,both nse/bse,LOTUSDEV,544469,LOTUSDEV
INE443E01016,Sri Nachammai Cotton Mills Ltd-$,bse,,521234,SRINACHA
INE306D01017,Sri Ramakrishna Mills Coimbatore Ltd-$,bse,,521178,SRMCL
INE0RJ901010,Srigee Dlm Ltd,bse,,544399,SRIGEE
INE0R6Z01013,SRM Contractors Limited,both nse/bse,SRM,544158,SRM
INE173J01018,SRM Energy Ltd,bse,,523222,SRMENERGY
INE425C01017,SRU Steels Ltd,bse,,540914,SRUSTEELS
INE1U2R01013,SSMD Agrotech India Ltd,bse,,544621,SSMD
INE838C01011,SSPDL Ltd-$,bse,,530821,SSPDL
INE820R01017,SSPN Finance Ltd,bse,,539026,SSPNFIN
INE0RYC01010,Stallion India Fluorochemicals Limited,both nse/bse,STALLION,544342,STALLION
INE16QA01011,Stanbik Agro Ltd,bse,,544659,STANBIK
INE502C01039,Standard Batteries Ltd,bse,,504180,STDBAT
INE625D01028,Standard Capital Markets Ltd,bse,,511700,STANCAP
INE0M4D01010,Standard Engineering Technology Limited,both nse/bse,SETL,544333,SETL
INE173A01025,Standard Industries Limited,both nse/bse,SIL,530017,SIL
INE307D01015,Standard Surfactants Ltd,bse,,526231,STDSFAC
INE01A001028,Stanley Lifestyles Limited,both nse/bse,STANLEY,544202,STANLEY
INE457D01018,Stanpacks India Ltd,bse,,530931,STANPACK
INE441L01015,Stanrose Mafatlal Investments & Finance Ltd,bse,,506105,STANROS
INE460H01021,Star Cement Limited,both nse/bse,STARCEMENT,540575,STARCEMENT
INE541K01014,Star Delta Transformers Ltd,bse,,539255,STARDELTA
INE575P01011,Star Health and Allied Insurance Company Limited,both nse/bse,STARHEALTH,543412,STARHEALTH
INE526R01028,Star Housing Finance Ltd,bse,,539017,STARHFL
INE0YG001013,Star Imaging And Path Lab Ltd,bse,,544482,STARIMAGIN
INE733A01018,Star Paper Mills Limited,both nse/bse,STARPAPER,516022,STARPAPER
INE320M01019,Star Source Multi Trade Ltd,bse,,506365,STARSOURCE
INE594W01042,Starlineps Enterprises Ltd,bse,,540492,STARLENT
INE580C01019,Starlog Enterprises Ltd,bse,,520155,STARLOG
INE992I01013,Starteck Finance Limited,both nse/bse,STARTECK,512381,STARTECK
INE062A01020,State Bank of India,both nse/bse,SBIN,500112,SBIN
INE114A01011,Steel Authority of India Limited,both nse/bse,SAIL,500113,SAIL
INE395H01011,Steel City Securities Limited,nse,STEELCITY,,
INE503B01021,STEEL EXCHANGE INDIA LIMITED,both nse/bse,STEELXIND,534748,STEELXIND
INE205F01016,Steel Strips Infrastructures Ltd,bse,,513173,STLSTRINF
INE802C01033,Steel Strips Wheels Limited,both nse/bse,SSWL,513262,SSWL
INE124E01038,Steelcast Limited,both nse/bse,STEELCAS,513517,STEELCAS
INE629B01032,Steelco Gujarat Ltd,bse,,500399,STEELCO
INE0MSK01016,Steelman Telecom Ltd,bse,,543622,STML
INE577L01016,Stel Holdings Limited,both nse/bse,STEL,533316,STEL
INE395F01023,Stellant Securities (India) Ltd,bse,,526071,STELLANT
INE325P01011,Stellar Capital Services Ltd,bse,,536738,STELLAR
INE623D01015,Step Two Corporation Ltd,bse,,531509,STEP2COR
INE00M201021,Sterling and Wilson Renewable Energy Limited,both nse/bse,SWSOLAR,542760,SWSOLAR
INE398F01019,Sterling Green Woods Ltd,bse,,526500,STRGRENWO
INE067E01013,Sterling Powergensys Ltd,bse,,513575,STERPOW
INE334A01023,Sterling Tools Limited,both nse/bse,STERTOOLS,530759,STERTOOLS
INE089C01029,Sterlite Technologies Limited,both nse/bse,STLTECH,532374,STLTECH
INE353H01010,STL Global Limited,both nse/bse,SGL,532730,SGL
INE1VXE01018,STL Networks Limited,both nse/bse,STLNETWORK,544395,STLNETWORK
INE0RGM01016,Storage Technologies and Automation Ltd,bse,,544171,STAL
INE00IN01015,Stove Kraft Limited,both nse/bse,STOVEKRAFT,543260,STOVEKRAFT
INE755D01015,Stovec Industries Ltd,bse,,504959,STOVACQ
INE473C01025,Stratmont Industries Ltd,bse,,530495,STRATMONT
INE939A01011,Strides Pharma Science Limited,both nse/bse,STAR,532531,STAR
INE00Q601028,Studds Accessories Limited,both nse/bse,STUDDS,544599,STUDDS
INE239C01020,Stylam Industries Limited,both nse/bse,STYLAMIND,526951,STYLAMIND
INE189B01011,Styrenix Performance Materials Limited,both nse/bse,STYRENIX,506222,STYRENIX
INE0U6201010,Subam Papers Ltd,bse,,544267,SUBAM
INE754A01055,Subex Limited,both nse/bse,SUBEXLTD,532348,SUBEXLTD
INE690D01014,Subhash Silk Mills Ltd,bse,,530231,SUBSM
INE287B01021,Subros Limited,both nse/bse,SUBROS,517168,SUBROS
INE618D01015,Sudal Industries Ltd,bse,,506003,SUDAI
INE659A01023,Sudarshan Chemical Industries Limited,both nse/bse,SUDARSCHEM,506655,SUDARSCHEM
INE492A01029,Sudarshan Colorants India Limited,both nse/bse,SUDARCOLOR,506390,SUDARCOLOR
INE00TV01023,Sudarshan Pharma Industries Ltd,bse,,543828,SUDARSHAN
INE0QPI01025,Sudeep Pharma Limited,both nse/bse,SUDEEPPHRM,544619,SUDEEPPHRM
INE691D01012,Suditi Industries Ltd,bse,,521113,SUDTIND-B
INE249U01013,Sueryaa Knitwear Ltd,bse,,540318,SUERYAAKNI
INE309D01011,Sugal & Damani Share Brokers Ltd,bse,,511654,SUGALDAM
INE0XX801016,Sugs Lloyd Ltd,bse,,544501,SUGSLLOYD
INE029H01016,Sujala Trading & Holdings Ltd,bse,,539117,SUJALA
INE450E01029,Sukhjit Starch & Chemicals Limited,both nse/bse,SUKHJITS,524542,SUKHJITS
INE142Q01026,Sula Vineyards Limited,both nse/bse,SULA,543711,SULA
INE673M01029,Sulabh Engineers & Services Ltd,bse,,508969,SULABEN
INE886B01012,Sumedha Fiscal Services Ltd,bse,,530419,SUMEDHA
INE235C01036,Sumeet Industries Limited,both nse/bse,SUMEETINDS,514211,SUMEETINDS
INE764B01029,Sumeru Industries Ltd,bse,,530445,SUMERUIND
INE748Z01013,Sumit Woods Limited,nse,SUMIT,,
INE258G01013,Sumitomo Chemical India Limited,both nse/bse,SUMICHEM,542920,SUMICHEM
INE519C01017,Summit Securities Limited,both nse/bse,SUMMITSEC,533306,SUMMITSEC
INE232I01014,Sun Pharma Advanced Research Company Limited,both nse/bse,SPARC,532872,SPARC
INE044A01036,Sun Pharmaceutical Industries Limited,both nse/bse,SUNPHARMA,524715,SUNPHARMA
INE206Z01020,Sun Retail Ltd,bse,,542025,SUNRETAIL
INE424H01027,Sun TV Network Limited,both nse/bse,SUNTV,532733,SUNTV
INE452S01025,Suncare Traders Ltd,bse,,539526,SCTL
INE584D01019,Suncity Synthetics Ltd,bse,,530795,SUNCITYSY
INE073D01013,Sundaram Brake Linings Limited,both nse/bse,SUNDRMBRAK,590072,SUNDRMBRAK
INE0Q3R01026,Sundaram Clayton Limited,both nse/bse,SUNCLAY,544066,SUNCLAY
INE660A01013,Sundaram Finance Limited,both nse/bse,SUNDARMFIN,590071,SUNDARMFIN
INE108E01023,Sundaram Multi Pap Limited,both nse/bse,SUNDARAM,533166,SUNDARAM
INE387A01021,Sundram Fasteners Limited,both nse/bse,SUNDRMFAST,500403,SUNDRMFAST
INE209A01019,Sundrop Brands Limited,both nse/bse,SUNDROP,500215,SUNDROP
INE947A01014,Sunflag Iron And Steel Company Limited,both nse/bse,SUNFLAG,500404,SUNFLAG
INE271D01013,Sungold Capital Ltd,bse,,531433,SUNGOLD
INE266S01011,Sungold Media and Entertainment Ltd,bse,,541799,SMEL
INE224D01012,Sunil Agro Foods Ltd-$,bse,,530953,SUNILAGR
INE671C01016,Sunil Healthcare Ltd,bse,,537253,SUNLOC
INE124M01015,Sunil Industries Ltd,bse,,521232,SUNILTX
INE0Q1S01010,Sunita Tools Ltd,bse,,544001,SUNITATOOL
INE459D01014,Sunraj Diamond Exports Ltd,bse,,523425,SUNRAJDI
INE671K01027,Sunrakshakk Industries India Ltd,bse,,539300,SUNRAKSHAK
INE0KPY01017,Sunrise Efficient Marketing Ltd,bse,,543515,SEML
INE371U01015,Sunrise Industrial Traders Ltd,bse,,501110,SUNRINV
INE199E01014,Sunshield Chemicals Ltd,bse,,530845,SUNSHIEL
INE10CM01027,Sunsky Logistics Ltd,bse,,544566,SUNSKY
INE805D01034,Sunteck Realty Limited,both nse/bse,SUNTECK,512179,SUNTECK
INE897A01011,Super Bakers India Ltd,bse,,530735,SUPERBAK
INE366G01022,Super Crop Safe Ltd,bse,,530883,SUCROSA
INE459U01018,Super Fine Knitters Ltd,bse,,540269,SKL
INE16IQ01014,Super Iron Foundry Ltd,bse,,544381,SUPERIRON
INE091C01017,Super Sales India Ltd-$,bse,,512527,SUPER
INE662A01027,Super Spinning Mills Limited,both nse/bse,SUPERSPIN,521180,SUPERSPIN
INE460D01038,Super Tannery Ltd,bse,,523842,SUPTANERY
INE712B01010,Superhouse Limited,both nse/bse,SUPERHOUSE,523283,SUPERHOUSE
INE574R01028,Superior Finlease Ltd,bse,,539835,SUPERIOR
INE843L01012,Superior Industrial Enterprises Ltd,bse,,519234,SIEL
INE00SY01011,Supershakti Metaliks Ltd,bse,,541701,SUPERSHAKT
INE0SC101013,Supertech Ev Ltd,bse,,544428,SEVL
INE881B01054,Supertex Industries Ltd,bse,,526133,SUPERTEX
INE549S01036,Supha Pharmachem Ltd,bse,,539561,SUPHA
INE268T01015,Supra Pacific Financial Services Ltd,bse,,540168,SUPRAPFSL
INE533B01028,Supra Trends Ltd,bse,,511539,SUPRATRE
INE399C01030,Suprajit Engineering Limited,both nse/bse,SUPRAJIT,532509,SUPRAJIT
INE319Z01021,Supreme Engineering Limited,nse,SUPREMEENG,,
INE822E01011,Supreme Holdings & Hospitality (India) Limited,both nse/bse,SUPREME,530677,SUPREME
INE195A01028,Supreme Industries Limited,both nse/bse,SUPREMEIND,509930,SUPREMEIND
INE550H01011,Supreme Infrastructure India Limited,both nse/bse,SUPREMEINF,532904,SUPREMEINF
INE663A01033,Supreme Petrochem Limited,both nse/bse,SPLPETRO,500405,SPLPETRO
INE07RO01027,Supriya Lifescience Limited,both nse/bse,SUPRIYA,543434,SUPRIYA
INE843S01025,Suraj Estate Developers Limited,both nse/bse,SURAJEST,544054,SURAJEST
IN9170U01035,Suraj Industries Ltd,bse,,890226,SURAJINDPP
INE170U01011,Suraj Industries Ltd,bse,,526211,SURJIND
INE713C01016,Suraj Limited,both nse/bse,SURAJLTD,531638,SURAJLTD
INE069E01019,Suraj Products Ltd,bse,,518075,SURAJ
INE877V01027,Suraksha Diagnostic Limited,both nse/bse,SURAKSHA,544293,SURAKSHA
INE272L01022,Surana Solar Limited,both nse/bse,SURANASOL,533298,SURANASOL
INE130B01031,Surana Telecom and Power Limited,both nse/bse,SURANAT&P,517530,SURANAT&P
INE936A01025,Surat Trade and Mercantile Ltd,bse,,530185,SURATRAML
INE05ST01028,Suratwwala Business Group Limited,both nse/bse,SBGLP,543218,SBGLP
INE899E01019,Surbhi Industries Ltd,bse,,514260,SURBHIN
INE446E01019,Surya India Ltd,bse,,539253,SURYAINDIA
INE335A01020,Surya Roshni Limited,both nse/bse,SURYAROSNI,500336,SURYAROSNI
INE360J01011,Suryaamba Spinning Mills Ltd,bse,,533101,SURYAAMBA
INE713B01026,Suryalakshmi Cotton Mills Limited,both nse/bse,SURYALAXMI,521200,SURYALAXMI
INE132C01027,Suryalata Spinning Mills Limited,both nse/bse,SURYALA,514138,SURYALA
INE565E01016,Suryo Foods & Industries Ltd,bse,,519604,SURFI
INE428Q01011,Suryoday Small Finance Bank Limited,both nse/bse,SURYODAY,543279,SURYODAY
INE2L0V01019,Susan Electricals India Ltd,bse,,544793,SUSAN
INE645H01027,Sutlej Textiles and Industries Limited,both nse/bse,SUTLEJTEX,532782,SUTLEJTEX
INE495B01038,Suven Life Sciences Limited,both nse/bse,SUVEN,530239,SUVEN
INE936N01010,Suvidha Infraestate Corporation Ltd,bse,,531640,SICL
INE018401013,Suvidhaa Infoserve Limited,both nse/bse,SUVIDHAA,543281,SUVIDHAA
INE07GA01011,Suyog Gurbaxani Funicular Ropeways Ltd,bse,,543391,SGFRL
INE442P01014,Suyog Telematics Limited,both nse/bse,SUYOG,537259,SUYOG
INE040H01021,Suzlon Energy Limited,both nse/bse,SUZLON,532667,SUZLON
INE404N01019,SV Trading & Agencies Ltd,bse,,503622,ZSVTRADI
INE763K01014,SVA India Ltd,bse,,531885,SVAINDIA
INE119B01018,Svam Software Ltd,bse,,523722,SVAMSOF
INE406N01014,Svaraj Trading & Agencies Ltd,bse,,503624,ZSVARAJT
INE730R01042,Svarnim Trade Udyog Ltd,bse,,539911,SNIM
INE038B01010,SVC INDUSTRIES Ltd,bse,,524488,SVCIND
INE308E01029,SVP GLOBAL TEXTILES LIMITED,both nse/bse,SVPGLOB,505590,SVPGLOB
INE0MID01012,SVS Ventures Ltd,bse,,543745,SVS
INE948K01011,SW Investments Ltd,bse,,503659,SW1
INE716M01034,Swadeshi Industries & Leasing Ltd,bse,,506863,SWADEIN
INE243N01029,Swadeshi Polytex Ltd,bse,,503816,SWADPOL
INE0P4R01017,Swadha Nature Ltd,bse,,531039,SWADHATURE
INE150R01019,Swagtam Trading & Services Ltd,bse,,539406,SWAGTAM
INE665A01038,SWAN CORP LIMITED,both nse/bse,SWANCORP,503310,SWANCORP
INE542F01020,Swan Defence and Heavy Industries Limited,both nse/bse,SWANDEF,533107,SWANDEF
INE277A01016,Swaraj Engines Limited,both nse/bse,SWARAJENG,500407,SWARAJENG
INE595G01018,Swarna Securities Ltd,bse,,531003,SWRNASE
INE967A01012,Swarnsarita Jewels India Ltd,bse,,526365,SWARNSAR
INE0RDR01012,Swashthik Plascon Ltd,bse,,544035,SPL
INE0TIR01017,Swasth Foodtech India Ltd,bse,,544368,SWASTH
INE895A01023,Swasti Vinayaka Art And Heritage Corporation Ltd,bse,,512257,SVARTCORP
INE804A01025,Swasti Vinayaka Synthetics Ltd,bse,,510245,SWASTIVI
INE0PTF01017,Swastika Castal Ltd,bse,,544452,SWASTIKAAL
INE691C01022,Swastika Investmart Ltd,bse,,530585,SWASTIKA
INE210F01016,Swati Projects Ltd,bse,,543914,SWATIPRO
INE409B01013,Swelect Energy Systems Limited,both nse/bse,SWELECTES,532051,SWELECTES
INE00H001014,Swiggy Limited,both nse/bse,SWIGGY,544285,SWIGGY
INE010C01025,Swiss Military Consumer Goods Ltd,bse,,523558,SWISSMLTRY
INE311D01017,Switching Technologies Gunther Ltd,bse,,517201,SWITCHTE
INE295B01016,Swojas Foods Ltd,bse,,530217,SWOJAS
INE706F01021,Sylph Industries Ltd,bse,,511447,SYLPH
INE653R01012,Symbiox Investment & Trading Company Ltd,bse,,539278,SYMBIOX
INE225D01027,Symphony Limited,both nse/bse,SYMPHONY,517385,SYMPHONY
INE312C01025,Syncom Formulations (India) Limited,both nse/bse,SYNCOMF,524470,SYNCOMF
INE00QT01015,Synergy Green Industries Limited,both nse/bse,SGIL,541929,SGIL
INE398R01022,Syngene International Limited,both nse/bse,SYNGENE,539268,SYNGENE
INE0DYJ01015,Syrma SGS Technology Limited,both nse/bse,SYRMA,543573,SYRMA
INE121D01036,Syschem India Ltd,bse,,531173,SYSCHEM
INE1KLZ01011,Systematic Industries Ltd,bse,,544541,SYSTEMATIC
INE356B01024,Systematix Corporate Services Limited,both nse/bse,SYSTMTXC,526506,SYSTMTXC
INE07P301011,Systematix Securities Ltd,bse,,531432,SYTIXSE
INE811B01010,T & I Global Ltd,bse,,522294,TIGLOB
INE541C01037,T Spiritual World Ltd,bse,,532444,TSPIRITUAL
INE592B01024,T T Limited,both nse/bse,TTL,514142,TTL
INE524T01011,Taal Tech Limited,both nse/bse,TAALTECH,539956,TAALTECH
INE385D01029,Tahmar Enterprises Ltd,bse,,516032,TAHMARENT
INE358D01018,TAI Industries Ltd-$,bse,,519483,TAIIND
INE123C01018,Tainwala Chemical and Plastic (I) Limited,both nse/bse,TAINWALCHM,507785,TAINWALCHM
INE586B01026,Taj GVK Hotels & Resorts Limited,both nse/bse,TAJGVK,532390,TAJGVK
INE142I01023,Take Solutions Limited,both nse/bse,TAKE,532890,TAKE
INE14OX01013,Takyon Networks Ltd,bse,,544471,TAKYON
INE187D01029,Talbros Automotive Components Limited,both nse/bse,TALBROAUTO,505160,TALBROAUTO
INE717E01013,Talbros Engineering Ltd,bse,,538987,TALBROSENG
INE864J01012,Tamboli Industries Limited,both nse/bse,TAMBOLIIN,533170,TAMBOLIIN
INE107A01015,Tamil Nadu Newsprint & Papers Limited,both nse/bse,TNPL,531426,TNPL
INE668A01016,Tamilnad Mercantile Bank Limited,both nse/bse,TMB,543596,TMB
INE148A01019,Tamilnadu PetroProducts Limited,both nse/bse,TNPETRO,500777,TNPETRO
INE141D01018,Tamilnadu Telecommunication Limited,both nse/bse,TNTELE,523419,TNTELE
INE896J01014,Tandhan Industries Ltd,bse,,512062,TANDHANIN
INE692C01020,Taneja Aerospace & Aviation Ltd-$,bse,,522229,TANAA
INE639B01023,TANFAC Industries Ltd-$,bse,,506854,TANFACIND
INE483C01032,Tanla Platforms Limited,both nse/bse,TANLA,532790,TANLA
INE978V01015,Tanvi Foods (India) Ltd,bse,,540332,TANVI
INE614R01014,Taparia Tools Ltd,bse,,505685,TAPARIA
INE555Z01020,Tara Chand InfraLogistic Solutions Limited,nse,TARACHAND,,
INE906C01016,Tarai Foods Ltd,bse,,519285,TARAI
INE747K01017,Tarapur Transformers Limited,both nse/bse,TARAPUR,533203,TARAPUR
INE0EK901012,TARC Limited,both nse/bse,TARC,543249,TARC
INE849M01017,Tarini International Ltd,bse,,538496,TARINI
INE924H01018,Tarmat Limited,both nse/bse,TARMAT,532869,TARMAT
INE144Z01023,Tarsons Products Limited,both nse/bse,TARSONS,543399,TARSONS
INE552H01017,Tashi India Ltd,bse,,512271,TASHIND
INE488B01017,Tasty Bite Eatables Limited,both nse/bse,TASTYBITE,519091,TASTYBITE
INE773Y01014,Tasty Dairy Specialities Ltd,bse,,540955,TDSL
INE976I01016,Tata Capital Limited,both nse/bse,TATACAP,544574,TATACAP
INE092A01019,Tata Chemicals Limited,both nse/bse,TATACHEM,500770,TATACHEM
INE151A01013,Tata Communications Limited,both nse/bse,TATACOMM,500483,TATACOMM
INE467B01029,Tata Consultancy Services Limited,both nse/bse,TCS,532540,TCS
INE192A01025,TATA CONSUMER PRODUCTS LIMITED,both nse/bse,TATACONSUM,500800,TATACONSUM
INE670A01012,Tata Elxsi Limited,both nse/bse,TATAELXSI,500408,TATAELXSI
INE672A01026,Tata Investment Corporation Limited,both nse/bse,TATAINVEST,501301,TATAINVEST
INE1TAE01010,Tata Motors Limited,both nse/bse,TMCV,544569,TMCV
INE155A01022,Tata Motors Passenger Vehicles Limited,both nse/bse,TMPV,500570,TMPV
INF277K015R5,Tata Nifty 50 Exchange Traded Fund,bse,,590160,NETF
INE245A01021,Tata Power Company Limited,both nse/bse,TATAPOWER,500400,TATAPOWER
INE081A01020,Tata Steel Limited,both nse/bse,TATASTEEL,500470,TATASTEEL
INE142M01025,Tata Technologies Limited,both nse/bse,TATATECH,544028,TATATECH
INE517B01013,Tata Teleservices (Maharashtra) Limited,both nse/bse,TTML,532371,TTML
INE083G01031,Tatia Global Vennture Ltd,bse,,521228,TATIAGLOB
INE0GK401011,Tatva Chintan Pharma Chem Limited,both nse/bse,TATVA,543321,TATVA
INE459Z01017,Taylormade Renewables Ltd,bse,,541228,TRL
INE673O01025,TBO Tek Limited,both nse/bse,TBOTEK,544174,TBOTEK
INE887D01016,TCC Concept Limited,both nse/bse,TCC,512038,TCC
INE389D01013,TCFC Finance Ltd,bse,,532284,TCFCFINQ
INE586V01016,TCI Express Limited,both nse/bse,TCIEXP,540212,TCIEXP
INE911B01018,TCI Finance Limited,both nse/bse,TCIFINANCE,501242,TCIFINANCE
INE920B01019,TCI Industries Ltd,bse,,532262,TCIIND
INE034F01010,TCM Ltd,bse,,524156,TCMLMTD
INE822C01015,TCPL Packaging Limited,both nse/bse,TCPLPACK,523301,TCPLPACK
INE419M01027,TD Power Systems Limited,both nse/bse,TDPOWERSYS,533553,TDPOWERSYS
INE289C01025,Team India Guaranty Limited,both nse/bse,TEAMGTY,511559,TEAMGTY
INE601A01017,Team24 Consumer Products Ltd,bse,,500458,TEAM24
INE985S01024,Teamlease Services Limited,both nse/bse,TEAMLEASE,539658,TEAMLEASE
INE065J01024,Teamo Productions HQ Limited,both nse/bse,TPHQ,533048,TPHQ
INE669C01036,Tech Mahindra Limited,both nse/bse,TECHM,532755,TECHM
INE0P4P01011,Techknowgreen Solutions Ltd,bse,,543991,TECHKGREEN
INE0ZHT01012,Technichem Organics Ltd,bse,,544327,TECHNICHEM
INE285K01026,Techno Electric & Engineering Company Limited,both nse/bse,TECHNOE,542141,TECHNOE
INE545H01011,Technocraft Industries (India) Limited,both nse/bse,TIIL,532804,TIIL
INE881P01013,Technojet Consultants Ltd,bse,,509917,TECHCON
INE0MXP01015,Technopack Polymers Ltd,bse,,543656,TECHNOPACK
INE314H01012,TechNVision Ventures Limited,both nse/bse,TECHNVISN,501421,TECHNVISN
INE014B01011,TECIL Chemicals and Hydro Power Limited,both nse/bse,TECILCHEM,506680,TECILCHEM
INE757D01011,Teesta Agro Industries Ltd,bse,,524204,TEEAI
INE011K01018,Tega Industries Limited,both nse/bse,TEGA,543413,TEGA
INE010J01012,Tejas Networks Limited,both nse/bse,TEJASNET,540595,TEJASNET
INE173E01019,Tejassvi Aaharam Ltd,bse,,531628,TEJASSVI
INE030T01027,Tejnaksh Healthcare Ltd,bse,,539428,TEJNAKSH
INE381G01013,TeleCanor Global Ltd,bse,,530595,TELECANOR
INE0SRP01014,Telge Projects Ltd,bse,,544544,TELGE
INE778I01024,Telogica Ltd,bse,,532975,TELOGICA
INE869Y01028,Tembo Global Industries Limited,nse,TEMBO,,
INE19RI01016,Tenneco Clean Air India Limited,both nse/bse,TENNIND,544612,TENNIND
INE482B01010,Tera Software Limited,both nse/bse,TERASOFT,533982,TERASOFT
INE390D01011,Terai Tea Company Ltd,bse,,530533,TERAI
INE122V01010,Terraform Magnum Ltd,bse,,506162,TERRAFORM
INE123V01018,Terraform Realstate Ltd,bse,,512157,TERRAREAL
INE594V01028,Texel Industries Ltd,bse,,526638,TEXELIN
INE435C01024,Texmaco Infrastructure & Holdings Limited,both nse/bse,TEXINFRA,505400,TEXINFRA
INE621L01012,Texmaco Rail & Engineering Limited,both nse/bse,TEXRAIL,533326,TEXRAIL
INE141K01013,Texmo Pipes and Products Limited,both nse/bse,TEXMOPIPES,533164,TEXMOPIPES
INE797H01018,TGB Banquets And Hotels Limited,both nse/bse,TGBHOTELS,532845,TGBHOTELS
INE0SMU01015,TGIF Agribusiness Ltd,bse,,544175,TGIF
INE284B01028,TGV Sraac Ltd,bse,,507753,TGVSL
INE077P01034,Thacker & Company Limited,both nse/bse,THACKER,509945,THACKER
INE403F01017,Thakkers Developers Limited,both nse/bse,THAKDEV,526654,THAKDEV
INE04VT01017,Thakkers Group Ltd,bse,,507530,THAKKERS
INE190F01028,Thakral Services India Ltd,bse,,509015,THAKRAL
INE085J01014,Thangamayil Jewellery Limited,both nse/bse,THANGAMAYL,533158,THANGAMAYL
INE715B01021,The Andhra Sugars Limited,both nse/bse,ANDHRSUGAR,590062,ANDHRSUGAR
INE294Z01018,The Anup Engineering Limited,both nse/bse,ANUP,542460,ANUP
INE050A01025,The Bombay Burmah Trading Corporation Limited,both nse/bse,BBTC,501425,BBTC
INE319B01014,The Byke Hospitality Ltd,both nse/bse,BYKE,531373,BYKE
INE171A01029,The Federal Bank  Limited,both nse/bse,FEDERALBNK,500469,FEDERALBNK
INE017A01032,The Great Eastern Shipping Company Limited,both nse/bse,GESHIP,500620,GESHIP
INE646C01018,The Grob Tea Company Limited,nse,GROBTEA,,
INE127B01011,The Hi-Tech Gears Limited,both nse/bse,HITECHGEAR,522073,HITECHGEAR
INE383A01012,The India Cements Limited,both nse/bse,INDIACEM,530005,INDIACEM
INE053A01029,The Indian Hotels Company Limited,both nse/bse,INDHOTEL,500850,INDHOTEL
INE586E01020,The Indian Wood Products Company Limited,both nse/bse,IWP,540954,IWP
INE924D01017,The Investment Trust Of India Limited,both nse/bse,THEINVEST,530023,THEINVEST
INE168A01041,The Jammu & Kashmir Bank Limited,both nse/bse,J&KBANK,532209,J&KBANK
INE614B01018,The Karnataka Bank Limited,both nse/bse,KTKBANK,532652,KTKBANK
INE861B01023,The Motor & General Finance Limited,both nse/bse,MOTOGENFIN,501343,MOTOGENFIN
INE470Y01017,The New India Assurance Company Limited,both nse/bse,NIACL,540769,NIACL
INE725E01024,The Orissa Minerals Development Company Limited,both nse/bse,ORISSAMINE,590086,ORISSAMINE
INE431F01018,The Peria Karamalai Tea & Produce Company Limited,nse,PKTEA,,
INE211B01039,The Phoenix Mills Limited,both nse/bse,PHOENIXLTD,503100,PHOENIXLTD
INE398C01016,The Phosphate Company Ltd,bse,,542123,PHOSPHATE
INE331A01037,The Ramco Cements Limited,both nse/bse,RAMCOCEM,500260,RAMCOCEM
INE615A01025,The Ravalgaon Sugar Farm Ltd,bse,,507300,RAVALSUGAR
INE301D01026,The Ruby Mills Limited,both nse/bse,RUBYMILLS,503169,RUBYMILLS
INE583B01015,The Sandesh Limited,both nse/bse,SANDESH,526725,SANDESH
INE683A01023,The South Indian Bank Limited,both nse/bse,SOUTHBANK,532218,SOUTHBANK
INE655A01013,The State Trading Corporation of India Limited,both nse/bse,STCINDIA,512531,STCINDIA
INE071E01023,The Ugar Sugar Works Limited,both nse/bse,UGARSUGAR,530363,UGARSUGAR
INE458F01011,The United Nilgiri Tea Estates Company Limited,nse,UNITEDTEA,,
INE215F01023,The Western India Plywoods Limited,nse,WIPL,,
INE868X01014,The Yamuna Syndicate Ltd,bse,,540980,YSL
INE121N01019,Thejo Engineering Limited,nse,THEJO,,
INE083B01024,Themis Medicare Limited,both nse/bse,THEMISMED,530199,THEMISMED
INE152A01029,Thermax Limited,both nse/bse,THERMAX,500411,THERMAX
INE365S01045,Thinkink Picturez Ltd,bse,,539310,THINKINK
INE901C01017,Thirani Projects Ltd,bse,,538464,TPROJECT
INE338A01024,Thirumalai Chemicals Limited,both nse/bse,TIRUMALCHM,500412,TIRUMALCHM
INE332A01027,Thomas Cook  (India)  Limited,both nse/bse,THOMASCOOK,500413,THOMASCOOK
INE480M01011,Thomas Scott (India) Limited,both nse/bse,THOMASCOTT,533941,THOMASCOTT
INE0UK501010,Three M Paper Boards Ltd,bse,,544214,THREEMPAPE
INE628D01014,Thrive Future Habitats Ltd,bse,,523120,THRIVE
INE594H01019,Thyrocare Technologies Limited,both nse/bse,THYROCARE,539871,THYROCARE
INE05CY01014,Tierra Agrotech Ltd,bse,,543531,TIERRA
INE906O01029,Tiger Logistics (India) Limited,both nse/bse,TIGERLOGS,536264,TIGERLOGS
INE440L01017,Tijaria Polypipes Limited,both nse/bse,TIJARIA,533629,TIJARIA
INE806C01018,TIL Limited,both nse/bse,TIL,505196,TIL
INE026L01022,Tilak Ventures Ltd,bse,,503663,TILAK
INE133E01013,Tilaknagar Industries Limited,both nse/bse,TI,507205,TI
INE508G01029,Time Technoplast Limited,both nse/bse,TIMETECHNO,532856,TIMETECHNO
INE0B6101012,Times Green Energy (India) Ltd,bse,,543310,TIMESGREEN
INE064A01026,Timex Group India Limited,both nse/bse,TIMEX,500414,TIMEX
INE325A01013,Timken India Limited,both nse/bse,TIMKEN,522113,TIMKEN
INE015C01016,Tinna Rubber and Infrastructure Limited,both nse/bse,TINNARUBR,530475,TINNARUBR
INE1U6D01014,Tipco Engineering India Ltd,bse,,544740,TIPCO
INE0LQS01015,Tips Films Limited,both nse/bse,TIPSFILMS,543614,TIPSFILMS
INE716B01029,Tips Music Limited,both nse/bse,TIPSMUSIC,532375,TIPSMUSIC
INE008N01018,Tirth Plastic Ltd,bse,,526675,TIRTPLS
INE027S01017,Tirupati Finlease Ltd,bse,,539488,TFLL
INE115G01015,Tirupati Foam Ltd,bse,,540904,TIRUFOAM
INE319Y01024,Tirupati Forge Limited,nse,TIRUPATIFL,,
INE812Q01016,Tirupati Innovar Ltd,bse,,539040,TIRUPATIIN
INE297J01023,Tirupati Sarjan Ltd,bse,,531814,TIRSARJ
INE314D01011,Tirupati Starch & Chemicals Ltd,bse,,524582,TIRUSTA
INE120V01014,Titaanium Ten Enterprise Ltd,bse,,539985,TITAANIUM
INE615H01020,TITAGARH RAIL SYSTEMS LIMITED,both nse/bse,TITAGARH,532966,TITAGARH
INE150C01029,Titan Biotech Ltd,bse,,524717,TITANBIO
INE280A01028,Titan Company Limited,both nse/bse,TITAN,500114,TITAN
INE807M01031,Titan Intech Ltd,bse,,521005,TITANIN
INE090D01017,Titan Securities Ltd,bse,,530045,TITANSEC
INF277K30047,Titanium Hybrid Long-Short Fund Direct Plan Growth,bse,,544649,TSIFDG
INF277K30054,Titanium Hybrid Long-Short Fund Direct Plan IDCW Reinvestment,bse,,544650,TSIFDIR
INF277K30013,Titanium Hybrid Long-Short Fund Regular Plan Growth,bse,,544651,TSIFRG
INF277K30039,Titanium Hybrid Long-Short Fund Regular Plan IDCW Payout,bse,,544652,TSIFRIP
INF277K30021,Titanium Hybrid Long-Short Fund Regular Plan IDCW Reinvestment,bse,,544653,TSIFRIR
INE747V01014,Tivoli Construction Ltd,bse,,511096,TVOLCON
INE546D01018,Tokyo Finance Ltd,bse,,531644,TOKYOFIN
INE932C01012,Tokyo Plast International Limited,both nse/bse,TOKYOPLAST,500418,TOKYOPLAST
INE0RWQ01014,Tolins Tyres Limited,both nse/bse,TOLINS,544254,TOLINS
INE135H01029,Tomorrow Technologies Global Innovations Ltd,bse,,512018,TTGIL
INE685A01028,Torrent Pharmaceuticals Limited,both nse/bse,TORNTPHARM,500420,TORNTPHARM
INE813H01021,Torrent Power Limited,both nse/bse,TORNTPOWER,532779,TORNTPOWER
INE0XAY01012,Toss The Coin Ltd,bse,,544303,TTC
INE336X01012,Total Transport Systems Limited,nse,TOTAL,,
INE486Y01013,Touchwood Entertainment Limited,nse,TOUCHWOOD,,
INE305A01023,Tourism Finance Corporation of India Limited,both nse/bse,TFCILTD,526650,TFCILTD
INE457P01020,Toyam Sports Ltd,bse,,538607,TOYAMSL
INE578C01021,TPI India Ltd,bse,,500421,TPINDIA
INE413G01022,TPL Plastech Limited,both nse/bse,TPLPLASTEH,526582,TPLPLASTEH
INE0HMF01019,Tracxn Technologies Limited,both nse/bse,TRACXN,543638,TRACXN
INE961E01017,Trade Wings Ltd,bse,,509953,TRADWIN
INE819G01012,Tradewell Holdings Ltd,bse,,531203,TRADEWELL
INE360D01014,Trans Freight Containers Ltd,bse,,513063,TRANSFRE
INE502D01011,Trans India House Impex Ltd,bse,,523752,TIHIL
INE019B01010,Transchem Ltd-$,bse,,500422,TRANSCHEM
INE330E01023,Transcorp International Ltd,bse,,532410,TRANSCOR
INE763I01026,Transformers And Rectifiers (India) Limited,both nse/bse,TARIL,532928,TARIL
INE773D01018,Transgene Biotek Ltd,bse,,526139,TRABI
INE213P01027,Transglobe Foods Ltd,bse,,519367,TRANSFD
INE0O3901029,Transindia Real Estate Limited,both nse/bse,TREL,543955,TREL
INE074J01018,Transoceanic Properties Ltd,bse,,509003,TRANOCE
INE06YD01010,Transpact Enterprises Ltd,bse,,542765,TRANSPACT
INE687A01016,Transpek Industry Limited,both nse/bse,TRANSPEK,506687,TRANSPEK
INE688A01022,Transport Corporation of India Limited,both nse/bse,TCI,532349,TCI
INE454P01035,Transrail Lighting Limited,both nse/bse,TRANSRAILL,544317,TRANSRAILL
INE0MPU01011,Transvoy Logistics India Ltd,bse,,543754,TRANSVOY
INE804H01012,Transwarranty Finance Limited,both nse/bse,TFL,532812,TFL
INE757B01015,TRANSWORLD SHIPPING LINES LIMITED,both nse/bse,TRANSWORLD,520151,TRANSWORLD
INE0BIW01023,Tranway21 Technologies Ltd,bse,,542923,TRANWAY21
INE103V01028,Travel Food Services Limited,both nse/bse,TRAVELFOOD,544443,TRAVELFOOD
INE0SG001011,Travels & Rentals Ltd,bse,,544242,TRAVELS
INE040M01013,Tree House Education & Accessories Limited,both nse/bse,TREEHOUSE,533540,TREEHOUSE
INE00CA01015,TREJHARA SOLUTIONS LIMITED,both nse/bse,TREJHARA,542233,TREJHARA
INE849A01020,Trent Limited,both nse/bse,TRENT,500251,TRENT
INE088D01011,Trescon Ltd,bse,,532159,TRESCON
INE391D01019,TRF Limited,both nse/bse,TRF,505854,TRF
INE760L01018,Tribhovandas Bhimji Zaveri Limited,both nse/bse,TBZ,534369,TBZ
INE843F01014,Tricom Fruit Products Ltd,bse,,531716,TRICOMFRU
INE0MKA01014,Trident Lifeline Ltd,bse,,543616,TLL
INE064C01022,Trident Limited,both nse/bse,TRIDENT,521064,TRIDENT
INE071Y01013,Trident Texofab Ltd,bse,,540726,TTFL
INE948A01012,Trigyn Technologies Limited,both nse/bse,TRIGYN,517562,TRIGYN
INE778N01016,Triliance Polymers Ltd,bse,,509046,TRILIANCE
INE884X01011,Trinity League India Ltd,bse,,531846,TRINITYLEA
INE234G01022,Trio Mercantile & Trading Ltd,bse,,534755,TRIOMERC
INE331E01013,Triochem Products Ltd,bse,,512101,TRIPR
INE238C01022,Trishakti Industries Ltd,bse,,531279,TRISHAKT
INE440G01017,Triton Valves Ltd,bse,,505978,TRITONV
INE382B01012,Triumph International Finance India Ltd,bse,,532131,TRIUMPIN
INE256C01024,Triveni Engineering & Industries Limited,both nse/bse,TRIVENI,532356,TRIVENI
INE916P01025,Triveni Enterprises Ltd,bse,,538569,TRIVENIENT
INE094C01011,Triveni Glass Ltd-$,bse,,502281,TRIVENIGQ
INE152M01016,Triveni Turbine Limited,both nse/bse,TRITURBINE,533655,TRITURBINE
INE0MWH01014,TruAlt Bioenergy Limited,both nse/bse,TRUALT,544545,TRUALT
INE615R01029,TruCap Finance Limited,both nse/bse,TRU,540268,TRU
INE1LDV01015,True Colors Ltd,bse,,544531,TRUECOLORS
INE672K01025,True Green Bio Energy Ltd,bse,,533407,TRUEGREEN
INE398H01015,Trustedge Capital Ltd,bse,,532056,TRUSTEDGE
INE202Z01029,TSF INVESTMENTS LIMITED,nse,TSFINV,,
INE404F01031,TTI Enterprise Ltd,bse,,538597,TTIENT
INE910C01018,TTK Healthcare Limited,both nse/bse,TTKHLTCARE,507747,TTKHLTCARE
INE690A01028,TTK Prestige Limited,both nse/bse,TTKPRESTIG,517506,TTKPRESTIG
INE664X01025,TTL Enterprises Ltd,bse,,514236,TTLEL
INE974X01010,Tube Investments of India Limited,both nse/bse,TIINDIA,540762,TIINDIA
INE276N01011,Tulasee Bio Ethanol Ltd,bse,,524514,TULASEEBIOE
INE463D01016,Tulsyan NEC Ltd-$,bse,,513629,TULSYAN
INE560D01027,Tuni Textile Mills Ltd,bse,,531411,TUNITEX
INE0OC301013,Turtlemint Fintech Solutions Limited,both nse/bse,TURTLEMINT,544799,TURTLEMINT
INE319M01011,Tusaldah Ltd,bse,,531301,TUSALDAH
INE400A01014,Tuticorin Alkali Chemicals And Fertilizers Ltd,bse,,506808,TUTIALKA
INE038F01029,TV Today Network Limited,both nse/bse,TVTODAY,532515,TVTODAY
INE871L01013,TV Vision Limited,both nse/bse,TVVISION,540083,TVVISION
INE236G01019,TVS Electronics Limited,both nse/bse,TVSELECT,532513,TVSELECT
INE105A01035,TVS Holdings Limited,both nse/bse,TVSHLTD,520056,TVSHLTD
INE494B01023,TVS Motor Company Limited,both nse/bse,TVSMOTOR,532343,TVSMOTOR
INE421C01016,TVS Srichakra Limited,both nse/bse,TVSSRICHAK,509243,TVSSRICHAK
INE395N01027,TVS Supply Chain Solutions Limited,both nse/bse,TVSSCS,543965,TVSSCS
INE388G01026,Twamev Construction and Infrastructure Limited,both nse/bse,TICL,532738,TICL
INE436U01016,Twin Roses Trades & Agencies Ltd,bse,,512117,TWIROST
INE443B01012,Tyche Industries Ltd,bse,,532384,TYCHE
INE761R01013,Typhoon Financial Services Ltd,bse,,539468,TFSL
INE2L3M01012,Typhoon Holdings Ltd,bse,,512307,TYPHOON
INE945B01016,Tyroon Tea Company Ltd,bse,,526945,TYROON
INE556Z01010,U. H. Zaveri Ltd,bse,,541338,UHZAVERI
INE152C01025,U. Y. Fincorp Limited,both nse/bse,UYFINCORP,530579,UYFINCORP
INE139B01016,UCAL LIMITED,both nse/bse,UCAL,500464,UCAL
INE691A01018,UCO Bank,both nse/bse,UCOBANK,532505,UCOBANK
INE551B01012,Uday Jewellery Industries Ltd,bse,,539518,UDAYJEW
INE0N0Y01013,Udayshivakumar Infra Limited,both nse/bse,USK,543861,USK
INE516A01017,UFLEX Limited,both nse/bse,UFLEX,500148,UFLEX
INE832E01010,UFM Industries Ltd,bse,,531610,UFMINDL
INE527H01019,UFO Moviez India Limited,both nse/bse,UFO,539141,UFO
INE583D01011,Ugro Capital Limited,both nse/bse,UGROCAP,511742,UGROCAP
INE0YZ901011,UHM Vacation Ltd,bse,,544779,UHMVL
INE899L01030,Ujaas Energy Limited,both nse/bse,UEL,533644,UEL
INE551W01018,Ujjivan Small Finance Bank Limited,both nse/bse,UJJIVANSFB,542904,UJJIVANSFB
INE010R01023,Ultracab (India) Ltd,bse,,538706,ULTRACAB
INE405A01021,Ultramarine & Pigments Limited,both nse/bse,ULTRAMAR,506685,ULTRAMAR
INE481G01011,UltraTech Cement Limited,both nse/bse,ULTRACEMCO,532538,ULTRACEMCO
INE0GIU01018,Uma Exports Limited,both nse/bse,UMAEXPORTS,543513,UMAEXPORTS
INE398B01018,UMIYA BUILDCON LIMITED,both nse/bse,UMIYA-MRO,532376,UMIYA-MRO
INE1P1A01018,Umiya Mobile Ltd,bse,,544464,UML
INE173U01015,Umiya Tubes Ltd,bse,,539798,UMIYA
INE361D01012,Uni Abex Alloy Products Ltd,bse,,504605,UNIABEXAL
INE351A01035,Unichem Laboratories Limited,both nse/bse,UNICHEMLAB,506690,UNICHEMLAB
INE250G01010,Unick Fix-A-Form And Printers Ltd,bse,,541503,UNICK
INE00U401027,Unicommerce Esolutions Limited,both nse/bse,UNIECOM,544227,UNIECOM
INE1ABX01018,Unified Data Tech Solutions Ltd,bse,,544406,UNIFIED
INE926R01012,Unifinz Capital India Ltd,bse,,541358,UCIL
INE481Z01011,Uniinfo Telecom Services Limited,nse,UNIINFO,,
INE130N01010,Unijolly Investments Company Ltd,bse,,503671,UNIJOLL
INE0U3I01011,Unimech Aerospace and Manufacturing Limited,both nse/bse,UNIMECH,544322,UNIMECH
INE692A01016,Union Bank of India,both nse/bse,UNIONBANK,532477,UNIONBANK
INE244O01017,Uniparts India Limited,both nse/bse,UNIPARTS,543689,UNIPARTS
INE037A01022,Uniphos Enterprises Limited,both nse/bse,UNIENTER,500429,UNIENTER
INE333E01019,Unique Organics Ltd,bse,,530997,UNIQUEO
INE980D01019,Uniroyal Industries Ltd,bse,,521226,UNIROYAL
INE602H01010,Uniroyal Marine Exports Ltd,bse,,526113,UNRYLMA
INE1FHV01026,Unisem Agritech Ltd,bse,,544648,UNISEM
INE210P01015,Unishire Urban Infra Ltd,bse,,537582,UNISHIRE
INE099D01026,Unison Metals Ltd,bse,,538610,UNISON
INE929K01011,Unitech International Ltd,bse,,531867,UNITINT
INE694A01020,Unitech Limited,both nse/bse,UNITECH,507878,UNITECH
INE686F01025,United Breweries Limited,both nse/bse,UBL,532478,UBL
INE0S0I01011,United Cotfab Ltd,bse,,544195,COTFAB
INE858C01027,United Credit Ltd,bse,,531091,UNITDCR
INE961D01019,United Drilling Tools Limited,both nse/bse,UNIDT,522014,UNIDT
INE382M01027,United Foodbrands Limited,both nse/bse,UFBL,543283,UFBL
INE706D01018,United Interactive Ltd,bse,,502893,UNITEDINT
INE357P01014,United Leasing & Industries Ltd,bse,,507808,UNTTEMI
INE368U01029,United Polyfab Gujarat Limited,both nse/bse,UNITEDPOLY,544756,UNITEDPOLY
INE854D01024,United Spirits Limited,both nse/bse,UNITDSPR,532432,UNITDSPR
INE890G01047,United Van Der Horst Ltd,bse,,522091,UVDRHOR
INE562X01013,Univastu India Limited,nse,UNIVASTU,,
INE464B01018,Universal Arts Ltd,bse,,532378,UNIVARTS
INE203T01012,Universal Autofoundry Ltd,bse,,539314,UNIAUTO
INE279A01012,Universal Cables Limited,both nse/bse,UNIVCABLES,504212,UNIVCABLES
INE951C01012,Universal Office Automation Ltd,bse,,523519,UNIOFFICE
INE113E01015,Universal Starch Chem Allied Ltd,bse,,524408,UNIVSTAR
INE03V001013,Universus Photo Imagings Limited,both nse/bse,UNIVPHOTO,542933,UNIVPHOTO
INE728J01019,Uniworth Securities Ltd,bse,,512408,UNIWSEC
INE576D01015,Unjha Formulations Ltd,bse,,531762,UNJHAFOR
INE405E01023,UNO Minda Limited,both nse/bse,UNOMINDA,532539,UNOMINDA
INE726E01014,UP Hotels Ltd,bse,,509960,UPHOT
INE851I01011,Updater Services Limited,both nse/bse,UDS,543996,UDS
INE628A01036,UPL Limited,both nse/bse,UPL,512070,UPL
INE890B01014,Upsurge Investment & Finance Ltd,bse,,531390,UPSURGE
INE904R01027,UR Sugar Industries Ltd,bse,,539097,URSUGAR
INE568Z01015,Uravi Defence and Technology Limited,both nse/bse,URAVIDEF,543930,URAVIDEF
INE0CAZ01013,Urban Company Limited,both nse/bse,URBANCO,544515,URBANCO
INE550C01020,Urja Global Limited,both nse/bse,URJA,526987,URJA
INE718B01017,USG Tech Solutions Ltd,bse,,532402,USGTECH
INE240C01028,Usha Martin Education & Solutions Limited,both nse/bse,UMESLTD,532398,UMESLTD
INE228A01035,Usha Martin Limited,both nse/bse,USHAMART,517146,USHAMART
INE697C01011,Ushakiran Finance Ltd,bse,,511507,USHAKIRA
INE094J01016,UTI Asset Management Company Limited,both nse/bse,UTIAMC,543238,UTIAMC
INF789FB1X58,UTI BSE SENSEX ETF,bse,,539312,SENSEXBETA
INF789F1AUU3,UTI BSE Sensex Next 50 ETF,bse,,542513,SNXT50BETA
INF789F1AZC0,UTI NIFTY 50 ETF,bse,,539313,NIFTYBETA
INF789F1AUV1,UTI NIFTY BANK ETF,bse,,543226,BANKBETA
INF789F1AZD8,UTI NIFTY IT ETF,bse,,544102,ITBETA
INF789F1AYX9,UTI NIFTY MIDCAP 150 ETF,bse,,543975,MIDCAPBETA
INF789F1AUW9,UTI Nifty Next 50 ETF,bse,,540669,NEXT50BETA
INE096A01010,Utique Enterprises Ltd,bse,,500014,UTIQUE
INE735W01017,Utkarsh Small Finance Bank Limited,both nse/bse,UTKARSHBNK,543942,UTKARSHBNK
INE184E01024,UTL Industries Ltd,bse,,500426,UTLINDS
INE786F01031,Uttam Sugar Mills Limited,both nse/bse,UTTAMSUGAR,532729,UTTAMSUGAR
INE528C01018,UVS Hospitality And Services Ltd,bse,,531652,UVS
INE848D01018,V B Desai Financial Services Ltd,bse,,511110,VBDESAI
INE334E01017,V B Industries Ltd,bse,,539123,VBIND
INE06LG01010,V R Films & Studios Ltd,bse,,542654,VRFILMS
INE764D01017,V.S.T Tillers Tractors Limited,both nse/bse,VSTTILLERS,531266,VSTTILLERS
INE945H01021,V2 Retail Limited,both nse/bse,V2RETAIL,532867,V2RETAIL
INE956G01038,VA Tech Wabag Limited,both nse/bse,WABAG,533269,WABAG
INE418B01048,Vaarad Ventures Ltd,bse,,532320,VAARAD
INE693D01018,Vadilal Enterprises Ltd,bse,,519152,VADILENT
INE694D01016,Vadilal Industries Limited,both nse/bse,VADILALIND,519156,VADILALIND
INE0H3U01013,Vahh Chemicals Ltd,bse,,544778,VAHH
INE884A01027,Vaibhav Global Limited,both nse/bse,VAIBHAVGBL,532156,VAIBHAVGBL
INE972X01022,Vaishali Pharma Limited,nse,VAISHALI,,
INE116E01018,Vaishno Cement Company Ltd,bse,,526941,VAICC
INE051B01021,Vakrangee Limited,both nse/bse,VAKRANGEE,511431,VAKRANGEE
INE130701019,Valencia India Ltd,bse,,544433,VALINDIA
INE08RT01016,Valencia Nutrition Ltd,bse,,542910,VALENCIA
INE760B01019,Valiant Communications Ltd-$,bse,,526775,VALIANT
INE0JWS01017,Valiant Laboratories Limited,both nse/bse,VALIANTLAB,543998,VALIANTLAB
INE565V01010,Valiant Organics Limited,both nse/bse,VALIANTORG,540145,VALIANTORG
INE457E01016,Vallabh Steels Ltd-$,bse,,513397,VALLABHSQ
INE834E01016,Valley Magnesite Company Ltd,bse,,539543,VALLEY
INE879I01012,Valor Estate Limited,both nse/bse,DBREALTY,533160,DBREALTY
INE0QP701017,Valplast Technologies Ltd,bse,,544565,VALPLAST
INE808A01018,Valson Industries Ltd-$,bse,,530459,VALSONQ
INE685D01022,Vama Industries Ltd,bse,,512175,VAMA
INE380C01014,Vamshi Rubber Ltd,bse,,530369,VAMSHIRU
INE0RDJ01019,Vandan Foods Ltd,bse,,544436,VANDAN
INE661Q01017,Vani Commercials Ltd,bse,,538918,VANICOM
INE695X01011,Vanta Bioscience Ltd,bse,,540729,VANTABIO
INE427T01025,Vantage Knowledge Academy Ltd,bse,,539761,VKAL
INE464D01014,Vapi Enterprise Ltd,bse,,502589,VAPIENTER
INE128G01018,Vardhan Capital & Finance Ltd,bse,,542931,VARDHANCFL
INE116G01013,Vardhman Acrylics Limited,nse,VARDHACRLC,,
INE701A01023,Vardhman Holdings Limited,both nse/bse,VHL,500439,VHL
INE835A01029,Vardhman Polytex Limited,both nse/bse,VARDMNPOLY,514175,VARDMNPOLY
INE050M01012,Vardhman Special Steels Limited,both nse/bse,VSSL,534392,VSSL
INE825A01020,Vardhman Textiles Limited,both nse/bse,VTL,502986,VTL
INE717F01028,Variman Global Enterprises Ltd,bse,,540570,VARIMAN
INE665L01035,Varroc Engineering Limited,both nse/bse,VARROC,541578,VARROC
INE200M01039,Varun Beverages Limited,both nse/bse,VBL,540180,VBL
INE442U01014,Varun Mercantile Ltd,bse,,512511,VARUNME
INE273D01027,VARVEE GLOBAL LIMITED,both nse/bse,VGL,514274,VGL
INE0R6801013,Varyaa Creations Ltd,bse,,544168,VARYAA
INE192C01013,Vas Infrastructure Ltd,bse,,531574,VASINFRA
INE893I01013,Vascon Engineers Limited,both nse/bse,VASCONEQ,533156,VASCONEQ
INE0WRP01016,Vashishtha Luxury Fashion Ltd,bse,,544508,VASHISHTHA
INE147C01017,Vashu Bhagnani Industries Ltd,bse,,532011,POOJAENT
INE406F01010,Vasundhara Rasayans Ltd,bse,,538634,VRL
INE590L01019,Vaswani Industries Limited,both nse/bse,VASWANI,533576,VASWANI
INE560T01015,Vaxfab Enterprises Ltd,bse,,542803,VEL
INE098201036,Vaxtex Cotfab Limited,nse,VCL,,
INE962O01014,VCU Data Management Ltd,bse,,536672,VCU
INE0NC801013,Vedant Asset Ltd,bse,,543623,VEDANTASSET
INE825V01034,Vedant Fashions Limited,both nse/bse,MANYAVAR,543463,MANYAVAR
INE1CDF01017,Vedanta Aluminium Metal Limited,both nse/bse,VAML,544780,VAML
INE1CLE01013,Vedanta Iron and Steel Limited,both nse/bse,VISL,544784,VISL
INE205A01025,Vedanta Limited,both nse/bse,VEDL,500295,VEDL
INE704J01044,Vedanta Oil and Gas Limited,both nse/bse,VOGL,544782,VOGL
INE694L01019,Vedanta Power Limited,both nse/bse,VEDPOWER,544781,VEDPOWER
INE359B01010,VEDAVAAG Systems Ltd,bse,,533056,VEDAVAAG
INE484C01030,Veedol Corporation Limited,both nse/bse,VEEDOL,590005,VEEDOL
INE0Q0M01015,Veefin Solutions Ltd,bse,,543931,VEEFIN
INE466D01019,Veejay Lakshmi Engineering Works Ltd-$,bse,,522267,VJLAXMIE
INE255E01030,Veer Energy & Infrastructure Ltd,bse,,503657,VEERENRGY
INE244W01010,Veer Global Infraconstruction Ltd,bse,,543241,VGIL
INE882C01035,Veerhealth Care Ltd,bse,,511523,VEERHEALTH
INE0ID001024,Veerkrupa Jewellers Ltd,bse,,543545,VEERKRUPA
INE603D01017,Vega Jewellers Ltd,bse,,512026,VEGA
INE1L3801017,Vegorama Punjabi Angithi Ltd,bse,,544765,VPAL
INE548D01014,Velan Hotels Ltd,bse,,526755,VELHO
INE232E01013,Veljan Denison Limited,both nse/bse,VELJAN,505232,VELJAN
INE530D01012,Vellora Impact Ltd,bse,,531257,VELLORA
INE092P01017,Velox Shipping and Logistics Ltd,bse,,506178,VELOX
INE398A01010,Venky's (India) Limited,both nse/bse,VENKEYS,523261,VENKEYS
INE204D01022,Venlon Enterprises Ltd,bse,,524038,VENLONENT
INE154G01022,Venmax Drugs and Pharmaceuticals Ltd,bse,,531015,VENMAX
INE781S01027,Ventive Hospitality Limited,both nse/bse,VENTIVE,544321,VENTIVE
INE139J01019,Ventura Guaranty Ltd,bse,,512060,SHYAM
INE810C01044,Ventura Textiles Ltd,bse,,516098,VENTURA
INE0JA001018,Venus Pipes & Tubes Limited,both nse/bse,VENUSPIPES,543528,VENUSPIPES
INE411B01019,Venus Remedies Limited,both nse/bse,VENUSREM,526953,VENUSREM
INE0IQ001011,Veranda Learning Solutions Limited,both nse/bse,VERANDA,543514,VERANDA
INE379J01029,Veritas (India) Ltd,bse,,512229,VERITAS
IN9316D01014,Vertex Securities Ltd,bse,,890234,VERTEXPP
INE316D01024,Vertex Securities Ltd,bse,,531950,VERTEX
INE188Y01031,Vertoz Limited,nse,VERTOZ,,
INE386A01023,Vesuvius India Limited,both nse/bse,VESUVIUS,520113,VESUVIUS
INE918N01018,Veto Switchgears And Cables Limited,both nse/bse,VETO,539331,VETO
INE951I01027,V-Guard Industries Limited,both nse/bse,VGUARD,532953,VGUARD
INE0QTF01015,Vibhor Steel Tubes Limited,both nse/bse,VSTL,544124,VSTL
INE761Q01015,Vibrant Global Capital Ltd,bse,,538732,VGCL
INE048C01025,Viceroy Hotels Limited,both nse/bse,VHLTD,523796,VHLTD
INE203D01016,Victoria Mills Ltd,bse,,503349,VICTMILL
INE632C01026,Vidhi Specialty Food Ingredients Limited,both nse/bse,VIDHIING,531717,VIDHIING
INE14UN01029,Vidya Wires Limited,both nse/bse,VIDYAWIRES,544633,VIDYAWIRES
INE362D01010,Vijay Solvex Ltd,bse,,531069,VIJSOLX
INE043W01024,Vijaya Diagnostic Centre Limited,both nse/bse,VIJAYA,543350,VIJAYA
INE159N01027,Viji Finance Limited,both nse/bse,VIJIFIN,537820,VIJIFIN
INE186E01011,Vikalp Securities Ltd,bse,,531334,VIKALPS
INE806A01020,Vikas EcoTech Limited,both nse/bse,VIKASECO,530961,VIKASECO
INE161L01027,Vikas Lifecare Limited,both nse/bse,VIKASLIFE,542655,VIKASLIFE
INE767B01022,Vikas Proppant & Granite Ltd,bse,,531518,VIKASPROP
INE706A01022,Vikas WSP Ltd,bse,,519307,VIKASWSP
INE0NR501012,Vikram Aroma Ltd,bse,,544371,VIKRAMAR
INE564S01019,Vikram Kamats Hospitality Ltd,bse,,539659,KAMATS
INE078V01014,Vikram Solar Limited,both nse/bse,VIKRAMSOLR,544488,VIKRAMSOLR
INE337E01010,Vikram Thermo India Ltd,bse,,530477,VIKRAMTH
INE01R501028,Vikran Engineering Limited,both nse/bse,VIKRAN,544496,VIKRAN
INE965V01020,Viksit Engineering Ltd,bse,,506196,VIKSHEN
INE579C01029,Vimta Labs Limited,both nse/bse,VIMTALABS,524394,VIMTALABS
INE410B01037,Vinati Organics Limited,both nse/bse,VINATIORGA,524200,VINATIORGA
INE581M01016,Vinayak Polycon International Ltd,bse,,534639,VINAYAKPOL
INE132V01019,Vinayak Vanijya Ltd,bse,,512517,VINVANI
INE707A01012,Vindhya Telelinks Limited,both nse/bse,VINDHYATEL,517015,VINDHYATEL
INE505Y01010,Vineet Laboratories Limited,both nse/bse,VINEETLAB,543298,VINEETLAB
INE01KI01027,Vinny Overseas Limited,both nse/bse,VINNY,543670,VINNY
INE498Q01014,Vintage Coffee And Beverages Limited,both nse/bse,VINCOFE,538920,VINCOFE
INE153C01015,Vintage Securities Ltd,bse,,531051,VINTAGES
INE250B01029,Vinyl Chemicals (India) Limited,both nse/bse,VINYLINDIA,524129,VINYLINDIA
INE526H01011,Vinyoflex Ltd,bse,,530401,VINYOFL
INE450G01024,VIP Clothing Limited,both nse/bse,VIPCLOTHNG,532613,VIPCLOTHNG
INE054A01027,VIP Industries Limited,both nse/bse,VIPIND,507880,VIPIND
INE660D01017,Vippy Spinpro Ltd,bse,,514302,VIPPYSP
INE946H01037,Vipul Limited,both nse/bse,VIPULLTD,511726,VIPULLTD
INE834D01018,Vipul Organics Ltd,bse,,530627,VIPULORG
INE607V01028,Viram Suvarn Ltd,bse,,540252,VSL
INE295C01014,Virat Crane Industries Ltd,bse,,519457,VIRATCRA
INE467D01017,Virat Industries Ltd,bse,,530521,VIRAT
INE347L01022,Virat Leasing Ltd,bse,,539167,VLL
INE400B01020,Virgo Global Ltd,bse,,532354,VIRGOGLOB
INE539B01017,Virinchi Limited,both nse/bse,VIRINCHI,532372,VIRINCHI
INE247C01023,Virtual Global Education Ltd,bse,,534741,VIRTUALG
INE0I0T01010,Virtuoso Optoelectronics Limited,both nse/bse,VOEPL,543597,VOEPL
INE661K01010,Virya Resources Ltd,bse,,512479,VIRYA
INE286H01012,VISA Chrome Limited,both nse/bse,VISACHROME,532721,VISACHROME
INE309H01038,Visagar Financial Services Ltd,bse,,531025,VISAGAR
INE370E01029,Visagar Polytex Limited,both nse/bse,VIVIDHA,506146,VIVIDHA
INE392A01021,Visaka Industries Limited,both nse/bse,VISAKAIND,509055,VISAKAIND
INE060T01024,Vishal Bearings Ltd,bse,,539398,VISHALBL
INE755Q01025,Vishal Fabrics Ltd,bse,,538598,VISHAL
INE01EA01019,Vishal Mega Mart Limited,both nse/bse,VMM,544307,VMM
INE270I01022,Vishnu Chemicals Limited,both nse/bse,VISHNU,516072,VISHNU
INE0AE001013,Vishnu Prakash R Punglia Limited,both nse/bse,VPRPL,543974,VPRPL
INE762D01011,Vishvprabha Ventures Ltd,bse,,512064,VISVEN
INE430N01022,Vishwaraj Sugar Industries Limited,both nse/bse,VISHWARAJ,542852,VISHWARAJ
INE515B01025,Vision Cinemas Ltd,bse,,526441,VISIONCINE
INE661D01015,Vision Corporation Ltd,bse,,531668,VISIONCO
INE427C01021,Vista Pharmaceuticals Ltd,bse,,524711,VISTAPH
INE878P01019,Vistar Amar Ltd,bse,,538565,VISTARAMAR
INE0L4K01016,Vital Chemtech Limited,nse,VITAL,,
INE0PA601017,Vivaa Tradecom Ltd,bse,,544002,VIVAA
INE299W01022,Vivanta Industries Ltd,bse,,541735,VIVANTA
INE984E01035,Vivanza Biosciences Ltd,bse,,530057,VIVANZA
INE0MEG01014,Viviana Power Tech Limited,nse,VIVIANA,,
INE737C01023,Vivid Global Industries Ltd,bse,,524576,VIVIDIND
INE647Z01025,Vivid Mercantile Ltd,bse,,542046,VIVIDM
INE526G01021,Vivimed Labs Limited,both nse/bse,VIVIMEDLAB,532660,VIVIMEDLAB
INE380K01017,Vivo Bio Tech Ltd,bse,,511509,VIVOBIOT
INE807F01027,Viyash Scientific Limited,both nse/bse,VIYASH,512529,VIYASH
INE117F01013,VJTF Eduservices Ltd,bse,,509026,VJTFEDU
INE03HW01020,VL E-Governance & IT Solutions Limited,both nse/bse,VLEGOV,543958,VLEGOV
INE709A01018,VLS Finance Limited,both nse/bse,VLSFINANCE,511333,VLSFINANCE
INE665J01013,V-Mart Retail Limited,both nse/bse,VMART,534976,VMART
INE932K01015,VMS Industries Ltd,bse,,533427,VMS
INE0SJA01013,VMS TMT Limited,both nse/bse,VMSTMT,544521,VMSTMT
INE669E01016,Vodafone Idea Limited,both nse/bse,IDEA,532822,IDEA
INE285C01015,Voith Paper Fabrics India Ltd-$,bse,,522122,VOITHPAPR
INE763D01019,Voltaire Leasing & Finance Ltd,bse,,509038,VOLLF
INE540H01012,Voltamp Transformers Limited,both nse/bse,VOLTAMP,532757,VOLTAMP
INE226A01021,Voltas Limited,both nse/bse,VOLTAS,500575,VOLTAS
INE0S2V01010,Vraj Iron and Steel Limited,both nse/bse,VRAJ,544204,VRAJ
INE366I01010,VRL Logistics Limited,both nse/bse,VRLLOG,539118,VRLLOG
INE0OMZ01013,Vruddhi Engineering Works Ltd,bse,,544157,VRUDDHI
INE0Q6901013,Vrundavan Plantation Ltd,bse,,544011,VPL
INE489F01016,VSD Confin Ltd,bse,,531696,VSDCONF
INE923K01014,VSF Projects Ltd,bse,,519331,VSFPROJ
INE710A01016,VST Industries Limited,both nse/bse,VSTIND,509966,VSTIND
INE222F01029,VTM Ltd,bse,,532893,VTMLTD
INE0MNP01016,VVIP Infratech Ltd,bse,,544219,VVIPIL
INE756A01019,VXL Instruments Ltd,bse,,517399,VXLINSTR
INE100D01014,W S Industries (I) Limited,both nse/bse,WSI,504220,WSI
INE799N01012,Waa Solar Ltd,bse,,541445,WAA
INE377N01017,Waaree Energies Limited,both nse/bse,WAAREEENER,544277,WAAREEENER
INE299N01021,Waaree Renewable Technologies Limited,both nse/bse,WAAREERTL,534618,WAAREERTL
INE725P01012,Waaree Technologies Ltd,bse,,539337,WAAREE
INE786K01023,Wagend Infra Venture Ltd,bse,,503675,WAGEND
INE0E7301029,Wakefit Innovations Limited,both nse/bse,WAKEFIT,544642,WAKEFIT
INE695D01021,Walchand Peoplefirst Ltd,bse,,501370,WALCHPF
INE711A01022,Walchandnagar Industries Limited,both nse/bse,WALCHANNAG,507410,WALCHANNAG
INE121B01014,Wallfort Financial Services Ltd,bse,,532053,WALLFORT
INE107F01022,Wanbury Limited,both nse/bse,WANBURY,524212,WANBURY
INE761D01021,Wardwizard Foods and Beverages Ltd,bse,,539132,WARDWIZFBL
INE048E01013,Wardwizard Healthcare Ltd,bse,,512063,WARDHEALTH
INE945P01024,Wardwizard Innovations & Mobility Ltd,bse,,538970,WARDINMOBI
INE712A01012,Warren Tea Ltd-$,bse,,508494,WARRENTEA
INE054C01015,Waterbase Ltd,bse,,523660,WATERBASE
INE0LZF01013,Waterways Leisure Tourism Limited,both nse/bse,CORDELIA,544802,CORDELIA
INE082W01014,WE WIN LIMITED,both nse/bse,WEWIN,543535,WEWIN
INE658T01017,Wealth First Portfolio Managers Limited,both nse/bse,WEALTH,544536,WEALTH
INE562Q01017,Web Element Solutions Ltd,bse,,780016,WEBSL
INE855C01023,Websol Energy System Limited,both nse/bse,WEBELSOLAR,517498,WEBELSOLAR
INE080A01014,Weizmann Limited,both nse/bse,WEIZMANIND,523011,WEIZMANIND
INE380G01015,Welcast Steels Ltd,bse,,504988,ZWELCAST
INE331C01025,Welcure Drugs & Pharmaceuticals Ltd,bse,,524661,WELCURE
INE191B01025,Welspun Corp Limited,both nse/bse,WELCORP,532144,WELCORP
INE625G01013,Welspun Enterprises Limited,both nse/bse,WELENT,532553,WELENT
INE389K01018,Welspun Investments and Commercials Limited,both nse/bse,WELINV,533252,WELINV
INE192B01031,Welspun Living Limited,both nse/bse,WELSPUNLIV,514162,WELSPUNLIV
INE731F01037,Welspun Specialty Solutions Limited,both nse/bse,WELSPLSOL,500365,WELSPLSOL
INE274C01019,Wendt (India) Limited,both nse/bse,WENDT,505412,WENDT
INE434B01029,WEP Solutions Ltd,bse,,532373,WEPSOLN
INE976A01021,West Coast Paper Mills Limited,both nse/bse,WSTCSTPAPR,500444,WSTCSTPAPR
INE266P01017,West Leisure Resorts Ltd,bse,,538382,WESTLEIRES
INE0CJF01024,Western Carriers (India) Limited,both nse/bse,WCIL,544258,WCIL
INE187U01015,Western Ministil Ltd,bse,,504998,WMINIMT
INE1MF401019,Western Overseas Study Abroad Ltd,bse,,544636,WOSAL
INE274F01020,WESTLIFE FOODWORLD LIMITED,both nse/bse,WESTLIFE,505533,WESTLIFE
INE085001019,WeWork India Management Limited,both nse/bse,WEWORK,544570,WEWORK
INE855A01019,WH Brady & Company Ltd,bse,,501391,WHBRADY
INE715A01015,Wheels India Limited,both nse/bse,WHEELS,590073,WHEELS
INE0IM001015,Wherrelz IT Solutions Ltd,bse,,543436,WITS
INE716A01013,Whirlpool of India Limited,both nse/bse,WHIRLPOOL,500238,WHIRLPOOL
INE416X01012,White Hall Commercial Company Ltd,bse,,512431,WHITHAL
INE146C01019,White Organic Agro Ltd,bse,,513713,WHITEORG
INE188E01017,Williamson Financial Services Ltd,bse,,519214,WILLIMFI
INE210A01017,Williamson Magor & Company Limited,both nse/bse,WILLAMAGOR,519224,WILLAMAGOR
INE0H5O01029,Windlas Biotech Limited,both nse/bse,WINDLAS,543329,WINDLAS
INE052A01021,Windsor Machines Limited,both nse/bse,WINDMACHIN,522029,WINDMACHIN
INE837E01019,Winro Commercial India Ltd,bse,,512022,WINROC
INE391C01011,Winsome Breweries Ltd,bse,,526471,WINSOMBR
INE837B01031,Winsome Textile Industries Ltd-$,bse,,514470,WINSOMTX
INE075A01022,Wipro Limited,both nse/bse,WIPRO,507685,WIPRO
INE469D01013,Wires & Fabriks SA Ltd,bse,,507817,WIREFABR
INE049B01025,Wockhardt Limited,both nse/bse,WOCKPHARMA,532300,WOCKPHARMA
INE905B01010,Women Networks Ltd,bse,,531396,WOMENNET
INE02WG01024,Wonder Electricals Limited,both nse/bse,WEL,543449,WEL
INE066O01014,Wonderla Holidays Limited,both nse/bse,WONDERLA,538268,WONDERLA
INE1I1301016,Workmates Core2Cloud Solution Ltd,bse,,544610,WORKMATES
INE550D01010,Worldwide Aluminium Ltd,bse,,526525,WWALUM
INE114O01020,Worth Investment & Trading Co Ltd,bse,,538451,WORTH
INE196Y01018,Worth Peripherals Limited,both nse/bse,WORTHPERI,544577,WORTHPERI
INE765D01022,WPIL Limited,both nse/bse,WPIL,505872,WPIL
INE549D01012,WSFx Global Pay Ltd,bse,,511147,WSFX
INE692G01013,Xchanging Solutions Limited,both nse/bse,XCHANGING,532616,XCHANGING
INE01P501012,Xelpmoc Design And Tech Limited,both nse/bse,XELPMOC,542367,XELPMOC
INE445C01015,Xpro India Limited,both nse/bse,XPROINDIA,590013,XPROINDIA
INE547B01028,Xtglobal Infotech Limited,both nse/bse,XTGLOBAL,531225,XTGLOBAL
INE0NG701011,Xtranet Technologies Limited,both nse/bse,XTRANET,544838,XTRANET
INE969E01010,Yaan Enterprises Ltd,bse,,538521,YAANENT
INE1T6L01010,Yaashvi Jewellers Ltd,bse,,544770,YAASHVI
INE0CNJ01010,Yajur Fibres Ltd,bse,,544676,YAJUR
INE457N01025,Yamini Investments Company Ltd,bse,,511012,YAMNINV
INE564C01013,Yarn Syndicate Ltd,bse,,514378,YARNSYN
INE571U01010,Yash Chemex Ltd,bse,,539939,YASHCHEM
INE00GK01023,Yash Highvoltage Ltd,bse,,544310,YASHHV
INE823D01011,Yash Innoventures Ltd,bse,,523650,YASHINNO
INE216B01012,Yash Management & Satellite Ltd,bse,,511601,YASHMGM
INE1O6P01016,Yashhtej Industries (India) Ltd,bse,,544708,YASHHTEJ
INE616Z01012,Yasho Industries Limited,both nse/bse,YASHO,541167,YASHO
INE095C01018,Yashraj Containeurs Ltd,bse,,530063,YASHRAJC
INE0JO301016,Yatharth Hospital & Trauma Care Services Limited,both nse/bse,YATHARTH,543950,YATHARTH
INE0JR601024,Yatra Online Limited,both nse/bse,YATRA,543992,YATRA
INE528G01035,Yes Bank Limited,both nse/bse,YESBANK,532648,YESBANK
INE290E01011,YOGI Ltd,bse,,511702,YOGI
INE429B01011,Yogi Sungwon (India) Ltd,bse,,522209,YOGISUNG
INE057Q01018,York Exports Ltd,bse,,530675,YORKEXP
INE796W01019,Yug Decor Ltd,bse,,540550,YUG
INE384C01016,Yuken India Limited,both nse/bse,YUKEN,522108,YUKEN
INE143K01019,Yunik Managing Advisors Ltd,bse,,533149,YUNIKM
INE156M01017,Yuranus Infrastructure Ltd,bse,,536846,YURANUS
INE139D01020,Yuvraaj Hygiene Products Ltd,bse,,531663,YUVRAAJHPL
INE07K301024,Zaggle Prepaid Ocean Services Limited,both nse/bse,ZAGGLE,543985,ZAGGLE
INE819S01025,Zeal Aqua Ltd,bse,,539963,ZEAL
INE256A01028,Zee Entertainment Enterprises Limited,both nse/bse,ZEEL,505537,ZEEL
INE565L01011,Zee Learn Limited,both nse/bse,ZEELEARN,533287,ZEELEARN
INE966H01019,Zee Media Corporation Limited,both nse/bse,ZEEMEDIA,532794,ZEEMEDIA
INE1B3501014,Zelio E Mobility Ltd,bse,,544563,ZELIO
INE251B01027,Zen Technologies Limited,both nse/bse,ZENTEC,533339,ZENTEC
INE058B01018,Zenith Exports Limited,both nse/bse,ZENITHEXPO,512553,ZENITHEXPO
INE106C01013,Zenith Fibres Ltd-$,bse,,514266,ZENIFIB
INE812B01026,Zenith Healthcare Ltd,bse,,530665,ZENITHHE
INE318D01020,Zenith Steel Pipes & Industries Limited,both nse/bse,ZENITHSTL,531845,ZENITHSTL
INE546F01013,Zenlabs Ethica Ltd,bse,,530697,ZENLABS
INE486F01012,Zenotech Laboratories Ltd,bse,,532039,ZENOTECH
INE520A01027,Zensar Technologies Limited,both nse/bse,ZENSARTECH,504067,ZENSARTECH
INF0R8F01067,ZERODHA NIFTY 100 ETF,bse,,544194,TOP100CASE
INF0R8F01166,Zerodha Nifty 50 ETF,bse,,544586,NIFTYCASE
INF0R8F01059,ZERODHA NIFTY MIDCAP 150 ETF,bse,,544193,MID150CASE
INF0R8F01141,Zerodha Nifty Smallcap 100 ETF,bse,,544507,SML100CASE
INE342J01019,ZF Commercial Vehicle Control Systems India Limited,both nse/bse,ZFCVINDIA,533023,ZFCVINDIA
INE116C01012,ZF Steering Gear (India) Limited,both nse/bse,ZFSTEERING,505163,ZFSTEERING
INE518E01015,Zim Laboratories Limited,both nse/bse,ZIMLAB,541400,ZIMLAB
INE641Q01019,Zinema Media And Entertainment Ltd,bse,,538579,ZINEMA
INE206B01013,Zodiac Clothing Company Limited,both nse/bse,ZODIACLOTH,521163,ZODIACLOTH
INE761Y01019,Zodiac Energy Limited,both nse/bse,ZODIAC,543416,ZODIAC
INE945J01027,Zodiac Ventures Ltd,bse,,503641,ZODIACVEN
INE077B01018,Zodiac-JRD-MKJ Ltd,bse,,512587,ZODJRDMKJ
INE358U01012,Zota Health Care LImited,nse,ZOTA,,
INE218N01021,ZR2 Bioenergy Ltd,bse,,506640,ZR2
INE840M01016,Zuari Agro Chemicals Limited,both nse/bse,ZUARI,534742,ZUARI
INE217A01012,ZUARI INDUSTRIES LIMITED,both nse/bse,ZUARIIND,500780,ZUARIIND
INE010B01027,Zydus Lifesciences Limited,both nse/bse,ZYDUSLIFE,532321,ZYDUSLIFE
INE768C01028,Zydus Wellness Limited,both nse/bse,ZYDUSWELL,531335,ZYDUSWELL
